work_tlg_id,comparison_edition,difference_number,category,berlin_page,berlin_column,berlin_line,berlin_end_page,berlin_end_column,berlin_end_line,berlin_tokens,comparison_tokens,berlin_token_count,comparison_token_count,left_anchor,right_anchor
tlg006,"Minio–Paluello, L. 1949",1,replace,1,a,4,1,a,4,ἂν,ἐὰν,1,1,ἕτερος,γάρ
tlg006,"Minio–Paluello, L. 1949",2,orthographic_or_diacritic,1,a,4,1,a,4,γάρ,γὰρ,1,1,ἂν,τις
tlg006,"Minio–Paluello, L. 1949",3,insert,1,a,4,1,a,4,,ἀποδιδῷ,0,1,γάρ,τις
tlg006,"Minio–Paluello, L. 1949",4,delete,1,a,5,1,a,5,ἀποδιδῷ,,1,0,τις,τί
tlg006,"Minio–Paluello, L. 1949",5,replace,1,a,8,1,a,8,ὁ,τούτων,1,1,βοῦς,γὰρ
tlg006,"Minio–Paluello, L. 1949",6,replace,1,a,8,1,a,9,ἄνθρωπος καὶ ὁ βοῦς,ἑκάτερον,4,1,γὰρ,κοινῷ
tlg006,"Minio–Paluello, L. 1949",7,replace,1,a,17,1,a,17,δ,δὲ,1,1,τὰ,ἄνευ
tlg006,"Minio–Paluello, L. 1949",8,orthographic_or_diacritic,1,a,17,1,a,17,συμπλοκὴν,συμπλοκήν,1,1,κατὰ,οἷον
tlg006,"Minio–Paluello, L. 1949",9,replace,1,a,18,1,a,18,δ,δὲ,1,1,τὰ,ἄνευ
tlg006,"Minio–Paluello, L. 1949",10,replace,1,a,21,1,a,21,οὐδέν,οὐδενί,1,1,δὲ,ἐστιν
tlg006,"Minio–Paluello, L. 1949",11,replace,1,a,22,1,a,22,ἐστι,ἐστιν,1,1,οὐδενί,τὰ
tlg006,"Minio–Paluello, L. 1949",12,replace,1,a,27,1,a,27,δ,δὲ,1,1,ὑποκειμένου,οὐδενὸς
tlg006,"Minio–Paluello, L. 1949",13,orthographic_or_diacritic,1,a,28,1,a,28,μὲν,μέν,1,1,ὑποκειμένῳ,τῷ
tlg006,"Minio–Paluello, L. 1949",14,insert,1,a,28,1,a,28,,ἐστι,0,1,μὲν,τῷ
tlg006,"Minio–Paluello, L. 1949",15,orthographic_or_diacritic,1,a,28,1,a,28,σώματί,σώματι,1,1,τῷ,ἐστιν
tlg006,"Minio–Paluello, L. 1949",16,delete,1,a,28,1,a,28,ἐστιν,,1,0,σώματί,ἅπαν
tlg006,"Minio–Paluello, L. 1949",17,replace,1,b,1,1,b,1,ἐσίν,ἐστίν,1,1,ὑποκειμένῳ,οἷον
tlg006,"Minio–Paluello, L. 1949",18,replace,1,b,3,1,b,3,ὅτ,οὔτε,1,1,δὲ,ἐν
tlg006,"Minio–Paluello, L. 1949",19,replace,1,b,3,1,b,3,ἐσὶν ὅτε,ἐστὶν οὔτε,2,2,ὑποκειμένῳ,καθ
tlg006,"Minio–Paluello, L. 1949",20,delete,1,b,4,1,b,4,τινὸς,,1,0,ὑποκειμένου,λέγεται
tlg006,"Minio–Paluello, L. 1949",21,replace,1,b,4,1,b,4,καὶ,ἢ,1,1,ἄνθρωπος,ὁ
tlg006,"Minio–Paluello, L. 1949",22,replace,1,b,5,1,b,5,ἐσὶν ὅτε,ἐστὶν οὔτε,2,2,ὑποκειμένῳ,καθ
tlg006,"Minio–Paluello, L. 1949",23,orthographic_or_diacritic,1,b,6,1,b,6,ἐν,ἓν,1,1,καὶ,ἀριθμῷ
tlg006,"Minio–Paluello, L. 1949",24,orthographic_or_diacritic,1,b,8,1,b,8,γάρ,γὰρ,1,1,ἡ,τις
tlg006,"Minio–Paluello, L. 1949",25,orthographic_or_diacritic,1,b,8,1,b,8,τις,τὶς,1,1,γάρ,γραμματικὴ
tlg006,"Minio–Paluello, L. 1949",26,replace,1,b,9,1,b,9,μέν ἐστι καθ ὑποκειμένου δὲ οὐδενὸς λέγεται,ἐστίν,7,1,ὑποκειμένῳ,Ὅταν
tlg006,"Minio–Paluello, L. 1949",27,orthographic_or_diacritic,1,b,12,1,b,12,κατά,κατὰ,1,1,ἄνθρωπος,τινὸς
tlg006,"Minio–Paluello, L. 1949",28,insert,1,b,12,1,b,12,,τοῦ,0,1,κατά,τινὸς
tlg006,"Minio–Paluello, L. 1949",29,replace,1,b,13,1,b,13,ἀνθρώπω,ἀνθρώπου,1,1,τινὸς,κατηγορεῖται
tlg006,"Minio–Paluello, L. 1949",30,replace,1,b,13,1,b,13,ἀνθρώπω,ἀνθρώπου,1,1,τοῦ,οὐκοῦν
tlg006,"Minio–Paluello, L. 1949",31,replace,1,b,14,1,b,14,ἀνθρώπω κατηγορηθήσεται,ἀνθρώπου,2,1,τινὸς,τὸ
tlg006,"Minio–Paluello, L. 1949",32,insert,1,b,15,1,b,15,,κατηγορηθήσεται,0,1,ζῷον,ὁ
tlg006,"Minio–Paluello, L. 1949",33,orthographic_or_diacritic,1,b,15,1,b,15,γάρ,γὰρ,1,1,ὁ,τις
tlg006,"Minio–Paluello, L. 1949",34,orthographic_or_diacritic,1,b,15,1,b,15,τις,τὶς,1,1,γάρ,ἄνθρωπος
tlg006,"Minio–Paluello, L. 1949",35,orthographic_or_diacritic,1,b,16,1,b,16,Τῶν,τῶν,1,1,ζῷον,ἑτερογενῶν
tlg006,"Minio–Paluello, L. 1949",36,replace,1,b,18,1,b,18,ζῴω,ζῴου,1,1,ἐπιστήμης,μὲν
tlg006,"Minio–Paluello, L. 1949",37,delete,1,b,18,1,b,18,δίπουν καὶ τὸ,,3,0,τὸ,πτηνὸν
tlg006,"Minio–Paluello, L. 1949",38,insert,1,b,19,1,b,19,,καὶ τὸ δίπουν,0,3,ἔνυδρον,ἐπιστήμης
tlg006,"Minio–Paluello, L. 1949",39,replace,1,b,26,1,b,26,πῦ,ποὺ,1,1,ἢ,ἢ
tlg006,"Minio–Paluello, L. 1949",40,replace,2,a,1,2,a,1,πῦ,ποὺ,1,1,μεῖζον,δὲ
tlg006,"Minio–Paluello, L. 1949",41,replace,2,a,2,2,a,2,ἐχθές,χθές,1,1,οἷον,πέρυσιν
tlg006,"Minio–Paluello, L. 1949",42,replace,2,a,4,2,a,4,τέμνει καίει,τέμνειν καίειν,2,2,οἷον,πάσχειν
tlg006,"Minio–Paluello, L. 1949",43,replace,2,a,4,2,a,4,τέμνεται καίεται,τέμνεσθαι καίεσθαι,2,2,οἷον,ἕκαστον
tlg006,"Minio–Paluello, L. 1949",44,delete,2,a,6,2,a,6,ἢ ἀποφάσει,,2,0,λέγεται,τῇ
tlg006,"Minio–Paluello, L. 1949",45,replace,2,a,7,2,a,7,ἢ ἀπόφασις γίνεται,γίγνεται,3,1,κατάφασις,ἅπασα
tlg006,"Minio–Paluello, L. 1949",46,delete,2,a,8,2,a,8,καὶ ἀπόφασις,,2,0,κατάφασις,ἤτοι
tlg006,"Minio–Paluello, L. 1949",47,replace,2,a,13,2,a,13,μήτ,μήτε,1,1,λέγεται,ἐν
tlg006,"Minio–Paluello, L. 1949",48,replace,2,a,15,2,a,15,ὑπάρχουσι,ὑπάρχουσιν,1,1,λεγόμεναι,ταῦτά
tlg006,"Minio–Paluello, L. 1949",49,delete,2,a,21,2,a,21,ὁ,,1,0,οἷον,ἄνθρωπος
tlg006,"Minio–Paluello, L. 1949",50,insert,2,a,23,2,a,23,,κατὰ,0,1,ἄνθρωπον,τοῦ
tlg006,"Minio–Paluello, L. 1949",51,delete,2,a,24,2,a,24,ὁ,,1,0,δὲ,τοῦ
tlg006,"Minio–Paluello, L. 1949",52,orthographic_or_diacritic,2,a,25,2,a,25,γάρ,γὰρ,1,1,ὁ,τις
tlg006,"Minio–Paluello, L. 1949",53,orthographic_or_diacritic,2,a,25,2,a,25,τις,τὶς,1,1,γάρ,ἄνθρωπος
tlg006,"Minio–Paluello, L. 1949",54,replace,2,a,26,2,a,26,ἐστι καὶ ζῷον,ἐστιν,3,1,ἄνθρωπός,ὥστε
tlg006,"Minio–Paluello, L. 1949",55,replace,2,a,28,2,a,28,οὐθ,οὔτε,1,1,τοὔνομα,ὁ
tlg006,"Minio–Paluello, L. 1949",56,orthographic_or_diacritic,2,a,30,2,a,30,κατηγορεῖσθαί,κατηγορεῖσθαι,1,1,κωλύει,ποτε
tlg006,"Minio–Paluello, L. 1949",57,delete,2,a,30,2,a,30,ποτε,,1,0,κατηγορεῖσθαί,τοῦ
tlg006,"Minio–Paluello, L. 1949",58,delete,2,a,33,2,a,33,ὁ,,1,0,λόγος,τοῦ
tlg006,"Minio–Paluello, L. 1949",59,insert,2,a,33,2,a,33,,τοῦ,0,1,κατὰ,σώματος
tlg006,"Minio–Paluello, L. 1949",60,delete,2,a,38,2,a,38,κατηγορηθήσεται τὸ ζῷον,,3,0,ἀνθρώπου,εἰ
tlg006,"Minio–Paluello, L. 1949",61,replace,2,a,38,2,b,1,μη δενὸς,μηδενὸς,2,1,κατὰ,τῶν
tlg006,"Minio–Paluello, L. 1949",62,delete,2,b,4,2,b,4,λέγεται,,1,0,ὑποκειμένων,τῶν
tlg006,"Minio–Paluello, L. 1949",63,insert,2,b,5,2,b,5,,λέγεται,0,1,οὐσιῶν,ἢ
tlg006,"Minio–Paluello, L. 1949",64,replace,2,b,5,2,b,5,ἐσίν,ἐστίν,1,1,αὐταῖς,μὴ
tlg006,"Minio–Paluello, L. 1949",65,insert,2,b,5,2,b,5,,οὖν τῶν πρώτων οὐσιῶν ἀδύνατον τῶν ἄλλων τι εἶναι πάντα γὰρ τὰ ἄλλα ἤτοι καθ ὑποκειμένων τούτων λέγεται ἢ,0,19,οὐσῶν,ἐν
tlg006,"Minio–Paluello, L. 1949",66,insert,2,b,5,2,b,5,,ὑποκειμέναις αὐταῖς ἐστίν ὥστε μὴ οὐσῶν,0,6,ἐν,τῶν
tlg006,"Minio–Paluello, L. 1949",67,replace,2,b,8,2,b,8,ἐσίν,ἐστίν,1,1,οὐσίας,ἐὰν
tlg006,"Minio–Paluello, L. 1949",68,replace,2,b,10,2,b,10,ἤπερ,ἢ,1,1,ἀποδιδοὺς,τὸ
tlg006,"Minio–Paluello, L. 1949",69,delete,2,b,11,2,b,11,ἀποδιδοὺς,,1,0,ἄνθρωπον,γνωριμώτερον
tlg006,"Minio–Paluello, L. 1949",70,insert,2,b,11,2,b,11,,ἀποδιδοὺς,0,1,ἄνθρωπον,ἢ
tlg006,"Minio–Paluello, L. 1949",71,delete,2,b,12,2,b,12,ἀποδιδούς,,1,0,ζῷον,τὸ
tlg006,"Minio–Paluello, L. 1949",72,replace,2,b,17,2,b,17,αὐταῖς,ταύταις,1,1,ἐν,εἶναι
tlg006,"Minio–Paluello, L. 1949",73,delete,2,b,18,2,b,18,πάντα,,1,0,ἄλλα,ἔχουσιν
tlg006,"Minio–Paluello, L. 1949",74,replace,2,b,24,2,b,24,ἐσίν,ἐστίν,1,1,οὐσία,οὐδὲν
tlg006,"Minio–Paluello, L. 1949",75,replace,2,b,24,2,b,24,ἀποδώσεις,ἀποδώσει,1,1,οἰκειότερον,κατὰ
tlg006,"Minio–Paluello, L. 1949",76,replace,2,b,27,2,b,27,ἐσίν,ἐστίν,1,1,οὐσία,οὐδὲν
tlg006,"Minio–Paluello, L. 1949",77,replace,2,b,32,2,b,32,ἐστι,ἐστιν,1,1,τί,τὸ
tlg006,"Minio–Paluello, L. 1949",78,insert,2,b,36,2,b,36,,ταῦτα μόνα,0,2,εἰκότως,τῶν
tlg006,"Minio–Paluello, L. 1949",79,delete,2,b,37,2,b,37,ταῦτα μόνα,,2,0,ἄλλων,οὐσίαι
tlg006,"Minio–Paluello, L. 1949",80,orthographic_or_diacritic,3,a,4,3,a,4,γάρ,γὰρ,1,1,τὸν,τινα
tlg006,"Minio–Paluello, L. 1949",81,orthographic_or_diacritic,3,a,4,3,a,4,τινα,τινὰ,1,1,γάρ,ἄνθρωπον
tlg006,"Minio–Paluello, L. 1949",82,insert,3,a,8,3,a,8,,καθ ὑποκειμένου λέγεται οὔτε,0,4,οὔτε,ἐν
tlg006,"Minio–Paluello, L. 1949",83,orthographic_or_diacritic,3,a,8,3,a,8,ἐστὶν,ἐστίν,1,1,ὑποκειμένῳ,οὔτε
tlg006,"Minio–Paluello, L. 1949",84,delete,3,a,9,3,a,9,οὔτε καθ ὑποκειμένου λέγεται,,4,0,ἐστὶν,τῶν
tlg006,"Minio–Paluello, L. 1949",85,delete,3,a,20,3,a,20,ὡσαύτως,,1,0,ζῴου,ὥστε
tlg006,"Minio–Paluello, L. 1949",86,delete,3,a,20,3,a,20,ἡ,,1,0,εἴη,οὐσία
tlg006,"Minio–Paluello, L. 1949",87,insert,3,a,21,3,a,21,,οὐσίας,0,1,δὲ,τοῦτο
tlg006,"Minio–Paluello, L. 1949",88,delete,3,a,21,3,a,21,τῆς οὐσίας,,2,0,τοῦτο,ἀλλὰ
tlg006,"Minio–Paluello, L. 1949",89,replace,3,a,24,3,a,24,ὁ,οὐ,1,1,ἔστιν,γὰρ
tlg006,"Minio–Paluello, L. 1949",90,replace,3,a,25,3,a,25,ἢ,οὐδὲ,1,1,δίπουν,τὸ
tlg006,"Minio–Paluello, L. 1949",91,delete,3,a,27,3,a,27,τοῦ,,1,0,κατὰ,ἀνθρώπου
tlg006,"Minio–Paluello, L. 1949",92,delete,3,a,27,3,a,27,ὁ,,1,0,λόγος,τοῦ
tlg006,"Minio–Paluello, L. 1949",93,replace,3,a,30,3,a,30,οὖν,οὐκ,1,1,ἀναγκασθῶμεν,οὐσίας
tlg006,"Minio–Paluello, L. 1949",94,replace,3,a,32,3,a,32,λέγεται,ἐλέγετο,1,1,ὑποκειμένῳ,τὰ
tlg006,"Minio–Paluello, L. 1949",95,replace,3,a,34,3,a,34,ἀπ αὐτῶν,ἀπὸ τούτων,2,2,αἱ,κατηγορίαι
tlg006,"Minio–Paluello, L. 1949",96,replace,3,a,39,3,a,39,τὸ εἶδος,τοῦ εἴδους,2,2,κατὰ,καὶ
tlg006,"Minio–Paluello, L. 1949",97,replace,3,a,39,3,a,39,τὸ ἄτομον,τοῦ ἀτόμου,2,2,κατὰ,ωσαύτως
tlg006,"Minio–Paluello, L. 1949",98,orthographic_or_diacritic,3,b,1,3,b,1,ωσαύτως,ὡσαύτως,1,1,ἄτομον,δὲ
tlg006,"Minio–Paluello, L. 1949",99,insert,3,b,1,3,b,1,,καὶ,0,1,διαφοραὶ,κατὰ
tlg006,"Minio–Paluello, L. 1949",100,delete,3,b,5,3,b,5,πάντα,,1,0,λέγεται,καὶ
tlg006,"Minio–Paluello, L. 1949",101,orthographic_or_diacritic,3,b,6,3,b,6,τὰ,τά,1,1,ἐπιδέχεται,εἴδη
tlg006,"Minio–Paluello, L. 1949",102,insert,3,b,6,3,b,6,,τε,0,1,τὰ,εἴδη
tlg006,"Minio–Paluello, L. 1949",103,delete,3,b,9,3,b,9,τὰ ἀπὸ,,2,0,καὶ,τῶν
tlg006,"Minio–Paluello, L. 1949",104,orthographic_or_diacritic,3,b,12,3,b,12,ἐν,ἓν,1,1,καὶ,ἀριθμῷ
tlg006,"Minio–Paluello, L. 1949",105,delete,3,b,26,3,b,26,ἢ τῷ τινὶ ζῴῳ,,4,0,ἀνθρώπῳ,οὐδὲν
tlg006,"Minio–Paluello, L. 1949",106,orthographic_or_diacritic,3,b,26,3,b,26,οὐδὲν,οὐδέν,1,1,ζῴῳ,γάρ
tlg006,"Minio–Paluello, L. 1949",107,delete,3,b,26,3,b,26,γάρ,,1,0,οὐδὲν,ἐστιν
tlg006,"Minio–Paluello, L. 1949",108,orthographic_or_diacritic,3,b,26,3,b,26,οὐδὲ,οὐδέ,1,1,ἐναντίον,γε
tlg006,"Minio–Paluello, L. 1949",109,delete,3,b,28,3,b,28,τοῦτο,,1,0,δὲ,τῆς
tlg006,"Minio–Paluello, L. 1949",110,insert,3,b,28,3,b,28,,τοῦτο,0,1,οὐσίας,ἀλλὰ
tlg006,"Minio–Paluello, L. 1949",111,delete,3,b,29,3,b,29,ἢ τριπήχει,,2,0,διπήχει,οὐδέν
tlg006,"Minio–Paluello, L. 1949",112,orthographic_or_diacritic,3,b,30,3,b,30,οὐδέ,οὐδὲ,1,1,ἐναντίον,γε
tlg006,"Minio–Paluello, L. 1949",113,delete,3,b,30,3,b,30,γε,,1,0,οὐδέ,τοῖς
tlg006,"Minio–Paluello, L. 1949",114,replace,3,b,33,3,b,33,μὴ,οὐκ,1,1,οὐσία,ἐπιδέχεσθαι
tlg006,"Minio–Paluello, L. 1949",115,delete,3,b,35,3,b,35,καὶ ἧττον οὐσία,,3,0,οὐσία,τοῦτο
tlg006,"Minio–Paluello, L. 1949",116,replace,3,b,36,3,b,36,τῷ,τοῦθ,1,1,οὐσία,ὅπερ
tlg006,"Minio–Paluello, L. 1949",117,orthographic_or_diacritic,3,b,36,3,b,36,ἐστίν,ἐστὶν,1,1,ὅπερ,ὃ
tlg006,"Minio–Paluello, L. 1949",118,replace,3,b,36,3,b,36,ὃ,οὐ,1,1,ἐστίν,λέγεται
tlg006,"Minio–Paluello, L. 1949",119,replace,3,b,38,3,b,38,ὅτε,οὔτε,1,1,ἄνθρωπος,αὐτὸς
tlg006,"Minio–Paluello, L. 1949",120,replace,3,b,38,3,b,38,ἑαυτῷ ὅτε,αὑτοῦ οὔτε,2,2,αὐτὸς,ἕτερος
tlg006,"Minio–Paluello, L. 1949",121,replace,3,b,39,3,b,39,ὁ,οὐ,1,1,ἑτέρου,γὰρ
tlg006,"Minio–Paluello, L. 1949",122,orthographic_or_diacritic,3,b,39,3,b,39,γὰρ,γάρ,1,1,ὁ,ἔστιν
tlg006,"Minio–Paluello, L. 1949",123,orthographic_or_diacritic,3,b,39,3,b,39,ἔστιν,ἐστιν,1,1,γὰρ,ἕτερος
tlg006,"Minio–Paluello, L. 1949",124,replace,3,b,39,3,b,39,ἑτέρῳ,ἑτέρου,1,1,ἕτερος,μᾶλλον
tlg006,"Minio–Paluello, L. 1949",125,orthographic_or_diacritic,4,a,1,4,a,1,λευκὸν,λευκόν,1,1,τὸ,ἕτερον
tlg006,"Minio–Paluello, L. 1949",126,insert,4,a,1,4,a,1,,ἐστιν,0,1,λευκὸν,ἕτερον
tlg006,"Minio–Paluello, L. 1949",127,orthographic_or_diacritic,4,a,1,4,a,1,μᾶλλόν,μᾶλλον,1,1,ἑτέρου,ἐστι
tlg006,"Minio–Paluello, L. 1949",128,delete,4,a,1,4,a,1,ἐστι καὶ ἧττον,,3,0,μᾶλλόν,λευκόν
tlg006,"Minio–Paluello, L. 1949",129,delete,4,a,2,4,a,2,καλὸν καὶ ἧττον λέγεται,,4,0,μᾶλλον,καὶ
tlg006,"Minio–Paluello, L. 1949",130,replace,4,a,3,4,a,3,αὐτῷ,αὑτοῦ,1,1,δὲ,μᾶλλον
tlg006,"Minio–Paluello, L. 1949",131,delete,4,a,4,4,a,4,εἶναι,,1,0,λευκὸν,λέγεται
tlg006,"Minio–Paluello, L. 1949",132,delete,4,a,6,4,a,6,μᾶλλον καὶ ἧττον,,3,0,οὐδὲν,λέγεται
tlg006,"Minio–Paluello, L. 1949",133,orthographic_or_diacritic,4,a,7,4,a,7,οὐδέ,οὐδὲ,1,1,λέγεται,γε
tlg006,"Minio–Paluello, L. 1949",134,delete,4,a,7,4,a,7,γε,,1,0,οὐδέ,τῶν
tlg006,"Minio–Paluello, L. 1949",135,replace,4,a,8,4,a,8,οὐσίαι,οὐσία,1,1,ἐστὶν,ὥστε
tlg006,"Minio–Paluello, L. 1949",136,replace,4,a,8,4,a,8,ἐν,οὐκ,1,1,ὥστε,ἂν
tlg006,"Minio–Paluello, L. 1949",137,replace,4,a,12,4,a,12,οὐκ,οὐδενὸς,1,1,ἄλλων,ἂν
tlg006,"Minio–Paluello, L. 1949",138,delete,4,a,12,4,a,12,τὸ τοιοῦτο,,2,0,τις,προενεγκεῖν
tlg006,"Minio–Paluello, L. 1949",139,replace,4,a,13,4,a,13,εἰσιν οὐσίαι,ἐστιν οὐσία,2,2,μή,ὃ
tlg006,"Minio–Paluello, L. 1949",140,orthographic_or_diacritic,4,a,13,4,a,13,ἐν,ἓν,1,1,ὃ,ἀριθμῷ
tlg006,"Minio–Paluello, L. 1949",141,orthographic_or_diacritic,4,a,14,4,a,14,ὃ,ὅ,1,1,χρῶμα,ἔστιν
tlg006,"Minio–Paluello, L. 1949",142,orthographic_or_diacritic,4,a,14,4,a,14,ἔστιν,ἐστιν,1,1,ὃ,ἓν
tlg006,"Minio–Paluello, L. 1949",143,delete,4,a,14,4,a,14,τῷ,,1,0,ταὐτὸν,ἀριθμῷ
tlg006,"Minio–Paluello, L. 1949",144,replace,4,a,15,4,a,15,οὐδ,οὐδὲ,1,1,μέλαν,ἡ
tlg006,"Minio–Paluello, L. 1949",145,replace,4,a,17,4,a,17,εἰσιν οὐσίαι,ἐστιν οὐσία,2,2,μή,ἡ
tlg006,"Minio–Paluello, L. 1949",146,replace,4,a,20,4,a,20,γίνεται,γίγνεται,1,1,μέλας,καὶ
tlg006,"Minio–Paluello, L. 1949",147,replace,4,a,22,4,a,22,ἐνίσαιτο,ἐνίσταιτο,1,1,τις,τὸν
tlg006,"Minio–Paluello, L. 1949",148,replace,4,a,23,4,a,23,ἐναντίων,τοιούτων,1,1,τῶν,εἶναι
tlg006,"Minio–Paluello, L. 1949",149,delete,4,a,23,4,a,23,δεκτικά,,1,0,εἶναι,ὁ
tlg006,"Minio–Paluello, L. 1949",150,orthographic_or_diacritic,4,a,23,4,a,23,ἀληθὴς,ἀληθής,1,1,λόγος,καὶ
tlg006,"Minio–Paluello, L. 1949",151,insert,4,a,23,4,a,23,,τε,0,1,ἀληθὴς,καὶ
tlg006,"Minio–Paluello, L. 1949",152,delete,4,a,25,4,a,25,λόγος,,1,0,οὗτος,ψευδὴς
tlg006,"Minio–Paluello, L. 1949",153,replace,4,a,30,4,a,30,ἐστί,ἐστίν,1,1,ἐναντίων,ψυχρὸν
tlg006,"Minio–Paluello, L. 1949",154,orthographic_or_diacritic,4,a,32,4,a,32,γάρ,γάῤ,1,1,ἠλλοίωται,καὶ
tlg006,"Minio–Paluello, L. 1949",155,orthographic_or_diacritic,4,a,32,4,a,32,ὡσαύτως,ὡςαύτως,1,1,φαύλου,δὲ
tlg006,"Minio–Paluello, L. 1949",156,replace,4,a,33,4,a,33,αὐτῶν,αὐτὸ,1,1,ἕκαστον,μεταβολὴν
tlg006,"Minio–Paluello, L. 1949",157,orthographic_or_diacritic,4,a,35,4,a,35,πάντη,πάντῃ,1,1,ἀκίνητα,πάντως
tlg006,"Minio–Paluello, L. 1949",158,replace,4,a,36,4,a,36,γίνεται,γίγνεται,1,1,αὐτὰ,ὁ
tlg006,"Minio–Paluello, L. 1949",159,replace,4,a,37,4,a,37,τῷ,τοῦ,1,1,τινα,δὲ
tlg006,"Minio–Paluello, L. 1949",160,replace,4,a,37,4,b,1,πρά ματος,πράγματος,2,1,δὲ,κινηθέντος
tlg006,"Minio–Paluello, L. 1949",161,replace,4,b,1,4,b,1,λέγεται,γίγνεται,1,1,ψευδὴς,ὡσαύτως
tlg006,"Minio–Paluello, L. 1949",162,replace,4,b,3,4,b,3,ἑαυτῆς,αὑτῆς,1,1,τὴν,μεταβολὴν
tlg006,"Minio–Paluello, L. 1949",163,replace,4,b,4,4,b,4,δέ,δή,1,1,εἰ,τις
tlg006,"Minio–Paluello, L. 1949",164,insert,4,b,4,4,b,4,,τὴν δόξαν καὶ,0,3,παραδέχοιτο,τὸν
tlg006,"Minio–Paluello, L. 1949",165,delete,4,b,5,4,b,5,καὶ τὴν δόξαν,,3,0,λόγον,δεκτικὰ
tlg006,"Minio–Paluello, L. 1949",166,replace,4,b,5,4,b,5,ἐν ἐστὶν,οὐκ ἔστι δὲ,2,3,εἶναι,ἀληθὲς
tlg006,"Minio–Paluello, L. 1949",167,replace,4,b,10,4,b,10,αὐτὸς δεκτικὸς,αὐτὸν δεκτικὸν,2,2,τῷ,εἶναι
tlg006,"Minio–Paluello, L. 1949",168,replace,4,b,12,4,b,13,γινομένου πάθους,γιγνομένου,2,1,αὐτοῖς,ἡ
tlg006,"Minio–Paluello, L. 1949",169,replace,4,b,13,4,b,13,αὐτὴ,αὐτὴν,1,1,τῷ,τὰ
tlg006,"Minio–Paluello, L. 1949",170,replace,4,b,13,4,b,14,τότε τῷ,τούτῳ,2,1,δέχεσθαι,δεκτικὴ
tlg006,"Minio–Paluello, L. 1949",171,delete,4,b,14,4,b,14,εἶναι,,1,0,ἐναντίων,λέγεται
tlg006,"Minio–Paluello, L. 1949",172,orthographic_or_diacritic,4,b,17,4,b,17,ἐν,ἓν,1,1,καὶ,ἀριθμῷ
tlg006,"Minio–Paluello, L. 1949",173,delete,4,b,18,4,b,18,κατὰ τὴν ἑαυτῆς μεταβολήν,,4,0,ἐναντίων,περὶ
tlg006,"Minio–Paluello, L. 1949",174,replace,4,b,20,4,b,20,Τὸ,Τοῦ,1,1,εἰρήσθω,δὲ
tlg006,"Minio–Paluello, L. 1949",175,replace,4,b,20,4,b,20,ποσὸν,ποσοῦ,1,1,δὲ,τὸ
tlg006,"Minio–Paluello, L. 1949",176,orthographic_or_diacritic,4,b,20,4,b,20,μὲν,μέν,1,1,τὸ,ἐστι
tlg006,"Minio–Paluello, L. 1949",177,delete,4,b,23,4,b,23,οἷον,,1,0,δὲ,γραμμή
tlg006,"Minio–Paluello, L. 1949",178,orthographic_or_diacritic,4,b,27,4,b,27,ἐστι,ἔστι,1,1,εἰ,τῶν
tlg006,"Minio–Paluello, L. 1949",179,insert,4,b,30,4,b,30,,λαβεῖν,0,1,ἀριθμοῦ,κοινὸν
tlg006,"Minio–Paluello, L. 1949",180,delete,4,b,30,4,b,30,λαβεῖν,,1,0,ὅρον,τῶν
tlg006,"Minio–Paluello, L. 1949",181,insert,4,b,33,4,b,33,,μακρᾷ καὶ,0,2,συλλαβῇ,βραχείᾳ
tlg006,"Minio–Paluello, L. 1949",182,delete,4,b,34,4,b,34,καὶ μακρᾷ,,2,0,βραχείᾳ,λέγω
tlg006,"Minio–Paluello, L. 1949",183,replace,4,b,35,4,b,35,γινόμενον,γιγνόμενον,1,1,λόγον,πρὸς
tlg006,"Minio–Paluello, L. 1949",184,replace,4,b,35,4,b,35,αὐτῷ,αὐτοῦ,1,1,ὅρον,τὰ
tlg006,"Minio–Paluello, L. 1949",185,replace,4,b,36,4,b,36,ὁ,οὐ,1,1,συνάπτει,γὰρ
tlg006,"Minio–Paluello, L. 1949",186,replace,5,a,1,5,a,1,συνεχής,συνεχές,1,1,γραμμὴ,ἐστιν
tlg006,"Minio–Paluello, L. 1949",187,replace,5,a,4,5,a,4,τῶ,τοῦ,1,1,ἐπὶ,σώματος
tlg006,"Minio–Paluello, L. 1949",188,replace,5,a,6,5,a,6,ὃ,ἣν,1,1,πρὸς,τὰ
tlg006,"Minio–Paluello, L. 1949",189,orthographic_or_diacritic,5,a,7,5,a,7,πρὸς,πρός,1,1,συνάπτει,τὸν
tlg006,"Minio–Paluello, L. 1949",190,insert,5,a,7,5,a,7,,τε,0,1,πρὸς,τὸν
tlg006,"Minio–Paluello, L. 1949",191,replace,5,a,9,5,a,9,ἐστί,ἐστιν,1,1,συνεχῶν,τόπον
tlg006,"Minio–Paluello, L. 1949",192,replace,5,a,10,5,a,10,ὃ,ἃ,1,1,κατέχει,πρός
tlg006,"Minio–Paluello, L. 1949",193,replace,5,a,10,5,a,10,ἐνοῦν,οὐκοῦν,1,1,συνάπτει,καὶ
tlg006,"Minio–Paluello, L. 1949",194,replace,5,a,13,5,a,13,συνεχὴς,συνεχὲς,1,1,ὥστε,ἂν
tlg006,"Minio–Paluello, L. 1949",195,replace,5,a,14,5,a,14,αὐτῶ,αὐτοῦ,1,1,ὅρον,τὰ
tlg006,"Minio–Paluello, L. 1949",196,delete,5,a,15,5,a,15,δὲ,,1,0,Ἔτι,τὰ
tlg006,"Minio–Paluello, L. 1949",197,replace,5,a,16,5,a,16,συνέστηκε,συνέστηκεν,1,1,μορίων,τὰ
tlg006,"Minio–Paluello, L. 1949",198,replace,5,a,16,5,a,16,ἐξ,οὐκ,1,1,δὲ,ἓξ
tlg006,"Minio–Paluello, L. 1949",199,orthographic_or_diacritic,5,a,16,5,a,16,ἓξ,ἐξ,1,1,ἐξ,ἐχόντων
tlg006,"Minio–Paluello, L. 1949",200,replace,5,a,19,5,a,19,ὅπου,οὗ,1,1,ἀποδοῦναι,ἕκαστον
tlg006,"Minio–Paluello, L. 1949",201,orthographic_or_diacritic,5,a,19,5,a,19,τῶ,τῷ,1,1,ἐν,ἐπιπέδω
tlg006,"Minio–Paluello, L. 1949",202,orthographic_or_diacritic,5,a,19,5,a,19,ἐπιπέδω,ἐπιπέδῳ,1,1,τῶ,καὶ
tlg006,"Minio–Paluello, L. 1949",203,replace,5,a,22,5,a,22,ὅ,οὗ,1,1,ἕκαστον,κεῖται
tlg006,"Minio–Paluello, L. 1949",204,replace,5,a,24,5,a,24,ἐπιδεῖξαι,ἐπιβλέψαι,1,1,τις,ὡς
tlg006,"Minio–Paluello, L. 1949",205,delete,5,a,24,5,a,24,αὐτοῦ,,1,0,μόρια,θέσιν
tlg006,"Minio–Paluello, L. 1949",206,orthographic_or_diacritic,5,a,25,5,a,25,ποιά,ποῖά,1,1,ἢ,γε
tlg006,"Minio–Paluello, L. 1949",207,orthographic_or_diacritic,5,a,27,5,a,27,ὁ,ὃ,1,1,μορίων,δὲ
tlg006,"Minio–Paluello, L. 1949",208,orthographic_or_diacritic,5,a,27,5,a,27,μὴ,μή,1,1,δὲ,ἔστιν
tlg006,"Minio–Paluello, L. 1949",209,orthographic_or_diacritic,5,a,27,5,a,27,ἔστιν,ἐστιν,1,1,μὴ,ὑπομένον
tlg006,"Minio–Paluello, L. 1949",210,orthographic_or_diacritic,5,a,29,5,a,29,τῶ,τῷ,1,1,ἔχειν,τὸ
tlg006,"Minio–Paluello, L. 1949",211,orthographic_or_diacritic,5,a,30,5,a,30,τῶ,τῷ,1,1,ὡσαύτως,τὸ
tlg006,"Minio–Paluello, L. 1949",212,insert,5,a,30,5,a,30,,πρότερον ἀριθμεῖσθαι,0,2,τῶ,τὸ
tlg006,"Minio–Paluello, L. 1949",213,delete,5,a,31,5,a,31,πρότερον ἀριθμεῖσθαι,,2,0,ἓν,τῶν
tlg006,"Minio–Paluello, L. 1949",214,insert,5,a,32,5,a,32,,ἄν,0,1,τάξιν,τινὰ
tlg006,"Minio–Paluello, L. 1949",215,orthographic_or_diacritic,5,a,32,5,a,32,τινὰ,τινα,1,1,τάξιν,ἂν
tlg006,"Minio–Paluello, L. 1949",216,delete,5,a,32,5,a,32,ἂν,,1,0,τινὰ,ἔχοι
tlg006,"Minio–Paluello, L. 1949",217,orthographic_or_diacritic,5,a,32,5,a,32,οὔ,οὐ,1,1,δὲ,πάνυ
tlg006,"Minio–Paluello, L. 1949",218,orthographic_or_diacritic,5,a,32,5,a,32,λαβοις,λάβοις,1,1,πάνυ,ἂν
tlg006,"Minio–Paluello, L. 1949",219,orthographic_or_diacritic,5,a,33,5,a,33,ἂν,ἄν,1,1,λαβοις,καὶ
tlg006,"Minio–Paluello, L. 1949",220,replace,5,a,35,5,a,35,αὐτῶ εἴ γε,αὐτοῦ εἴγε,3,2,μορίων,μηδὲν
tlg006,"Minio–Paluello, L. 1949",221,replace,5,a,37,5,a,37,ἐξ,οὐκ,1,1,δὲ,ἓξ
tlg006,"Minio–Paluello, L. 1949",222,orthographic_or_diacritic,5,a,37,5,a,37,ἓξ,ἐξ,1,1,ἐξ,ἐχόντων
tlg006,"Minio–Paluello, L. 1949",223,replace,5,b,1,5,b,1,ἀποβλέποντες,βλέποντες,1,1,γὰρ,καὶ
tlg006,"Minio–Paluello, L. 1949",224,replace,5,b,3,5,b,3,ὃ,οὐ,1,1,πολλή,γὰρ
tlg006,"Minio–Paluello, L. 1949",225,orthographic_or_diacritic,5,b,7,5,b,7,ᾖ,ἡ,1,1,ἂν,ἡ
tlg006,"Minio–Paluello, L. 1949",226,delete,5,b,7,5,b,7,ἡ,,1,0,ᾖ,ἐπιφάνεια
tlg006,"Minio–Paluello, L. 1949",227,orthographic_or_diacritic,5,b,7,5,b,7,ᾗ,ᾖ,1,1,ἐπιφάνεια,τοσοῦτον
tlg006,"Minio–Paluello, L. 1949",228,replace,5,b,8,5,b,8,φήσειεν ἂν,φήσει,2,1,λευκὸν,εἶναι
tlg006,"Minio–Paluello, L. 1949",229,insert,5,b,9,5,b,9,,αὐτὸ,0,1,οὐδὲν,καθ
tlg006,"Minio–Paluello, L. 1949",230,delete,5,b,14,5,b,14,αὐτοῖς,,1,0,ἐστιν,ἐναντίον
tlg006,"Minio–Paluello, L. 1949",231,delete,5,b,14,5,b,14,ἄρα,,1,0,μὴ,τὸ
tlg006,"Minio–Paluello, L. 1949",232,delete,5,b,17,5,b,17,τῷ,,1,0,ἀλλὰ,πρὸς
tlg006,"Minio–Paluello, L. 1949",233,replace,5,b,17,5,b,17,ἀναφέρεσθαι,ἀναφέρεται,1,1,ἕτερον,οἷον
tlg006,"Minio–Paluello, L. 1949",234,replace,5,b,19,5,b,19,μείζονα,μεῖζον,1,1,ὁμογενῶν,εἶναι
tlg006,"Minio–Paluello, L. 1949",235,orthographic_or_diacritic,5,b,20,5,b,20,ἐπεί,ἐπεὶ,1,1,ἀναφορά,γε
tlg006,"Minio–Paluello, L. 1949",236,replace,5,b,20,5,b,20,γε,εἴγε,1,1,ἐπεί,καθ
tlg006,"Minio–Paluello, L. 1949",237,insert,5,b,23,5,b,23,,πολλούς,0,1,κώμῃ,φαμὲν
tlg006,"Minio–Paluello, L. 1949",238,orthographic_or_diacritic,5,b,23,5,b,23,φαμὲν,φαμεν,1,1,κώμῃ,πολλοὺς
tlg006,"Minio–Paluello, L. 1949",239,delete,5,b,23,5,b,23,πολλοὺς,,1,0,φαμὲν,ἀνθρώπους
tlg006,"Minio–Paluello, L. 1949",240,replace,5,b,30,5,b,30,ταῦτα,αὐτὰ,1,1,τις,ποσὰ
tlg006,"Minio–Paluello, L. 1949",241,orthographic_or_diacritic,5,b,31,5,b,31,μή,μὴ,1,1,γὰρ,ἐστιν
tlg006,"Minio–Paluello, L. 1949",242,orthographic_or_diacritic,5,b,31,5,b,31,ἐστιν,ἔστιν,1,1,μή,αὐτὸ
tlg006,"Minio–Paluello, L. 1949",243,replace,5,b,32,5,b,32,ἀναφέρεται,ἀναφέροντα,1,1,ἕτερον,πῶς
tlg006,"Minio–Paluello, L. 1949",244,replace,5,b,32,5,b,32,φαίη τις,εἴη,2,1,ἂν,τούτῳ
tlg006,"Minio–Paluello, L. 1949",245,delete,5,b,33,5,b,33,δὲ,,1,0,ἔτι,εἰ
tlg006,"Minio–Paluello, L. 1949",246,replace,5,b,35,5,b,35,ἑαυτοῖς,αὑτοῖς,1,1,αὐτὰ,εἶναι
tlg006,"Minio–Paluello, L. 1949",247,orthographic_or_diacritic,5,b,35,5,b,35,γάρ,γὰρ,1,1,συμβαίνει,ποτε
tlg006,"Minio–Paluello, L. 1949",248,delete,5,b,35,5,b,35,ποτε,,1,0,γάρ,ἅμα
tlg006,"Minio–Paluello, L. 1949",249,replace,5,b,36,5,b,36,τόδε,τοῦτο,1,1,μὲν,μικρόν
tlg006,"Minio–Paluello, L. 1949",250,replace,6,a,2,6,a,2,ὅτι,οὔτι,1,1,ἀλλ,γε
tlg006,"Minio–Paluello, L. 1949",251,delete,6,a,3,6,a,3,ἀλλ,,1,0,ὑγιαίνει,οὐδὲ
tlg006,"Minio–Paluello, L. 1949",252,delete,6,a,3,6,a,3,ἀλλ,,1,0,ἅμα,οὐδὲ
tlg006,"Minio–Paluello, L. 1949",253,orthographic_or_diacritic,6,a,4,6,a,4,οὐδέν,οὐδὲν,1,1,ἄλλων,ἐστιν
tlg006,"Minio–Paluello, L. 1949",254,delete,6,a,4,6,a,4,ἐστιν ὃ,,2,0,οὐδέν,ἅμα
tlg006,"Minio–Paluello, L. 1949",255,replace,6,a,5,6,a,5,ἑαυτοῖς,αὑτοῖς,1,1,δ,συμβαίνει
tlg006,"Minio–Paluello, L. 1949",256,orthographic_or_diacritic,6,a,6,6,a,6,αὐτὸ,αὐτό,1,1,δ,ἐστιν
tlg006,"Minio–Paluello, L. 1949",257,replace,6,a,7,6,a,7,ἑαυτῷ,αὑτῷ ἂν,1,2,αὐτὸ,εἴη
tlg006,"Minio–Paluello, L. 1949",258,delete,6,a,7,6,a,7,ἂν,,1,0,εἴη,ἐναντίον
tlg006,"Minio–Paluello, L. 1949",259,replace,6,a,8,6,a,8,ἑαυτῷ,αὑτῷ,1,1,αὐτὸ,εἶναί
tlg006,"Minio–Paluello, L. 1949",260,orthographic_or_diacritic,6,a,8,6,a,8,εἶναί,εἶναι,1,1,ἑαυτῷ,τι
tlg006,"Minio–Paluello, L. 1949",261,delete,6,a,8,6,a,8,τι,,1,0,εἶναί,ἐναντίον
tlg006,"Minio–Paluello, L. 1949",262,replace,6,a,9,6,a,9,εἰ καὶ,κἂν,2,1,ὥστε,μὴ
tlg006,"Minio–Paluello, L. 1949",263,orthographic_or_diacritic,6,a,12,6,a,12,Μάλιστα,μάλιστα,1,1,ἕξει,δὲ
tlg006,"Minio–Paluello, L. 1949",264,replace,6,a,13,6,a,13,τίθεσθαι,τιθέασι,1,1,ἐναντίον,τὴν
tlg006,"Minio–Paluello, L. 1949",265,orthographic_or_diacritic,6,a,15,6,a,15,ἔοικασι,ἐοίκασι,1,1,εἶναι,δὲ
tlg006,"Minio–Paluello, L. 1949",266,insert,6,a,19,6,a,19,,τὸ,0,1,καὶ,ἧττον
tlg006,"Minio–Paluello, L. 1949",267,orthographic_or_diacritic,6,a,20,6,a,20,γὰρ,γάρ,1,1,οὐ,ἔστιν
tlg006,"Minio–Paluello, L. 1949",268,orthographic_or_diacritic,6,a,20,6,a,20,ἔστιν,ἐστιν,1,1,γὰρ,ἕτερον
tlg006,"Minio–Paluello, L. 1949",269,replace,6,a,21,6,a,21,τῶν ἀριθμῶν,τοῦ ἀριθμοῦ,2,2,ἐπὶ,οἷον
tlg006,"Minio–Paluello, L. 1949",270,replace,6,a,21,6,a,21,τὸ,τὰ,1,1,οἷον,τρία
tlg006,"Minio–Paluello, L. 1949",271,insert,6,a,22,6,a,22,,πέντε ἢ τρία λέγεται οὐδὲ,0,5,μᾶλλον,τὰ
tlg006,"Minio–Paluello, L. 1949",272,delete,6,a,22,6,a,22,οὐδὲ τὰ πέντε,,3,0,τρία,τῶν
tlg006,"Minio–Paluello, L. 1949",273,orthographic_or_diacritic,6,a,22,6,a,22,οὐδὲ,οὐδέ,1,1,τριῶν,χρόνος
tlg006,"Minio–Paluello, L. 1949",274,insert,6,a,22,6,a,22,,γε ὁ,0,2,οὐδὲ,χρόνος
tlg006,"Minio–Paluello, L. 1949",275,delete,6,a,23,6,a,23,εἶναι,,1,0,χρόνος,λέγεται
tlg006,"Minio–Paluello, L. 1949",276,delete,6,a,25,6,a,25,καὶ,,1,0,ὥστε,τὸ
tlg006,"Minio–Paluello, L. 1949",277,insert,6,a,27,6,a,27,,καὶ,0,1,ποσῶν,ἴσον
tlg006,"Minio–Paluello, L. 1949",278,delete,6,a,27,6,a,27,τε,,1,0,ἴσον,καὶ
tlg006,"Minio–Paluello, L. 1949",279,insert,6,a,28,6,a,28,,λέγεται καὶ ἀριθμὸς καὶ ἴσος καὶ ἄνισος,0,7,ἄνισον,λέγεται
tlg006,"Minio–Paluello, L. 1949",280,orthographic_or_diacritic,6,a,31,6,a,31,μὴ,μή,1,1,ὅσα,ἔστι
tlg006,"Minio–Paluello, L. 1949",281,orthographic_or_diacritic,6,a,31,6,a,31,ἔστι,ἐστι,1,1,μὴ,ποσά
tlg006,"Minio–Paluello, L. 1949",282,replace,6,a,31,6,a,31,ποσά,ποσόν,1,1,ἔστι,οὐ
tlg006,"Minio–Paluello, L. 1949",283,replace,6,a,31,6,a,31,ἴσα,ἴσον,1,1,δόξαι,τε
tlg006,"Minio–Paluello, L. 1949",284,replace,6,a,32,6,a,32,ἄνισα,ἄνισον,1,1,καὶ,λέγεσθαι
tlg006,"Minio–Paluello, L. 1949",285,delete,6,a,32,6,a,32,ἢ πάνυ,,2,0,διάθεσις,ἴση
tlg006,"Minio–Paluello, L. 1949",286,insert,6,a,33,6,a,33,,οὐ πάνυ,0,2,ἄνισος,λέγεται
tlg006,"Minio–Paluello, L. 1949",287,insert,6,a,38,6,a,38,,μεῖζον,0,1,γὰρ,λέγεται
tlg006,"Minio–Paluello, L. 1949",288,delete,6,a,39,6,a,39,μεῖζον,,1,0,λέγεται,καὶ
tlg006,"Minio–Paluello, L. 1949",289,replace,6,a,39,6,a,39,τόθ,ἑτέρου λέγεται τοῦθ,1,3,διπλάσιον,ὅπερ
tlg006,"Minio–Paluello, L. 1949",290,orthographic_or_diacritic,6,a,39,6,a,39,ἐστὶν,ἐστίν,1,1,ὅπερ,ἑτέρου
tlg006,"Minio–Paluello, L. 1949",291,delete,6,a,39,6,b,1,ἑτέρου λέγεται κὴ,,3,0,ἐστὶν,τινος
tlg006,"Minio–Paluello, L. 1949",292,orthographic_or_diacritic,6,b,1,6,b,1,τινος,τινὸς,1,1,κὴ,γὰρ
tlg006,"Minio–Paluello, L. 1949",293,replace,6,b,4,6,b,4,αὐτὰ ἅπερ,τοῦθ ὅπερ,2,2,εἰρημένα,ἐστὶν
tlg006,"Minio–Paluello, L. 1949",294,delete,6,b,4,6,b,4,εἶναι,,1,0,ἑτέρων,λέγεται
tlg006,"Minio–Paluello, L. 1949",295,replace,6,b,7,6,b,7,δὲ,οὖν,1,1,τι,ἐστὶν
tlg006,"Minio–Paluello, L. 1949",296,delete,6,b,7,6,b,7,εἶναι,,1,0,ἑτέρων,λέγεται
tlg006,"Minio–Paluello, L. 1949",297,orthographic_or_diacritic,6,b,7,6,b,7,ὁπωσοῦν,ὁπωςοῦν,1,1,ἢ,ἄλλως
tlg006,"Minio–Paluello, L. 1949",298,replace,6,b,11,6,b,11,ἔτι,ἔστι,1,1,λέγεται,δὲ
tlg006,"Minio–Paluello, L. 1949",299,replace,6,b,12,6,b,12,ἀνακεῖσθαι,ἀνακε κλ ίσθαι,1,3,δὲ,ἢ
tlg006,"Minio–Paluello, L. 1949",300,orthographic_or_diacritic,6,b,13,6,b,13,οὔκ,οὐκ,1,1,μὲν,ἐστι
tlg006,"Minio–Paluello, L. 1949",301,replace,6,b,13,6,b,13,ἐστι,εἰσὶ,1,1,οὔκ,θέσεις
tlg006,"Minio–Paluello, L. 1949",302,orthographic_or_diacritic,6,b,16,6,b,16,ἐκάτερον,ἑκάτερον,1,1,ἐναντίον,ὂν
tlg006,"Minio–Paluello, L. 1949",303,replace,6,b,16,6,b,16,ὂν τῶν,αὐτῶν,2,1,ἐκάτερον,πρός
tlg006,"Minio–Paluello, L. 1949",304,insert,6,b,16,6,b,16,,ὄν,0,1,τι,καὶ
tlg006,"Minio–Paluello, L. 1949",305,delete,6,b,17,6,b,17,τὸ,,1,0,ὑπάρχει,ἐναντίον
tlg006,"Minio–Paluello, L. 1949",306,orthographic_or_diacritic,6,b,20,6,b,20,Δοκεῖ,δοκεῖ,1,1,οὐδενί,δὲ
tlg006,"Minio–Paluello, L. 1949",307,delete,6,b,21,6,b,21,καὶ ἀνόμοιον,,2,0,γὰρ,μᾶλλον
tlg006,"Minio–Paluello, L. 1949",308,delete,6,b,22,6,b,22,καὶ ἴσον,,2,0,λέγεται,καὶ
tlg006,"Minio–Paluello, L. 1949",309,replace,6,b,24,6,b,24,ἀνόμοιον,ἄνισον,1,1,τὸ,τινὶ
tlg006,"Minio–Paluello, L. 1949",310,replace,6,b,24,6,b,24,ἀνόμοιον,ἄνισον,1,1,τινὶ,οὐ
tlg006,"Minio–Paluello, L. 1949",311,delete,6,b,24,6,b,25,τὰ πρός τι,,3,0,δὲ,ἐπιδέχεται
tlg006,"Minio–Paluello, L. 1949",312,insert,6,b,29,6,b,29,,λέγεται,0,1,δεσπότου,δοῦλος
tlg006,"Minio–Paluello, L. 1949",313,delete,6,b,29,6,b,29,λέγεται,,1,0,δοῦλος,καὶ
tlg006,"Minio–Paluello, L. 1949",314,insert,6,b,30,6,b,30,,λέγεται,0,1,δεσπότης,καὶ
tlg006,"Minio–Paluello, L. 1949",315,replace,7,a,2,7,a,2,αὐτοῦ,αὐτῆς,1,1,πτερὸν,λέγεται
tlg006,"Minio–Paluello, L. 1949",316,replace,7,a,2,7,a,2,ἐστι,ἐστιν,1,1,πτερωτόν,πολλῶν
tlg006,"Minio–Paluello, L. 1949",317,replace,7,a,7,7,a,7,τῷ πλοίῳ,πλοίου,2,1,πηδάλιον,ἐὰν
tlg006,"Minio–Paluello, L. 1949",318,delete,7,a,8,7,a,8,γίνεται,,1,0,ἀπόδοσις,οὐ
tlg006,"Minio–Paluello, L. 1949",319,replace,7,a,9,7,a,9,αὐτῷ,αὐτοῦ,1,1,ταύτῃ,τὸ
tlg006,"Minio–Paluello, L. 1949",320,replace,7,a,10,7,a,10,ᾧ,οὐ,1,1,πλοῖον,λέγεται
tlg006,"Minio–Paluello, L. 1949",321,replace,7,a,12,7,a,12,πηδαλιωτῷ,πηδαλιωτοῦ,1,1,πηδάλιον,πηδάλιον
tlg006,"Minio–Paluello, L. 1949",322,replace,7,a,16,7,a,16,κεφαλωτῷ,κεφαλωτοῦ,1,1,ἀποδοθείη,ἢ
tlg006,"Minio–Paluello, L. 1949",323,replace,7,a,16,7,a,16,ζῴῳ,ζῴου,1,1,ἢ,ἀποδιδομένη
tlg006,"Minio–Paluello, L. 1949",324,orthographic_or_diacritic,7,a,18,7,a,18,ἄν,ἂν,1,1,ῥᾷστα,ἴσως
tlg006,"Minio–Paluello, L. 1949",325,replace,7,a,19,7,a,19,λάβοι,λαμβάνοι,1,1,τις,οἷς
tlg006,"Minio–Paluello, L. 1949",326,replace,7,a,20,7,a,20,τεθείη,τιθείη,1,1,ἀντιστρέφουσι,τὰ
tlg006,"Minio–Paluello, L. 1949",327,replace,7,a,22,7,a,23,ἐὰν περ,ἐάνπερ,2,1,τι,οἰκείως
tlg006,"Minio–Paluello, L. 1949",328,orthographic_or_diacritic,7,a,23,7,a,23,ἐπεὶ,ἐπεί,1,1,λέγεται,ἐάν
tlg006,"Minio–Paluello, L. 1949",329,orthographic_or_diacritic,7,a,29,7,a,29,διπόδος,δίποδος,1,1,ἢ,ἤ
tlg006,"Minio–Paluello, L. 1949",330,orthographic_or_diacritic,7,a,29,7,a,29,ἤ,ἢ,1,1,διπόδος,τινος
tlg006,"Minio–Paluello, L. 1949",331,replace,7,a,29,7,a,30,τινος οὖν,ὁτουοῦν,2,1,ἤ,τῶν
tlg006,"Minio–Paluello, L. 1949",332,orthographic_or_diacritic,7,a,30,7,a,30,ἀπόδοσίς,ἀπόδοσις,1,1,ἡ,ἐστιν
tlg006,"Minio–Paluello, L. 1949",333,delete,7,a,31,7,a,31,ἐστιν,,1,0,ἀπόδοσίς,ἔτι
tlg006,"Minio–Paluello, L. 1949",334,delete,7,a,31,7,a,31,δ,,1,0,ἔτι,ἐὰν
tlg006,"Minio–Paluello, L. 1949",335,orthographic_or_diacritic,7,a,31,7,a,31,μέν,μὲν,1,1,ἐὰν,τι
tlg006,"Minio–Paluello, L. 1949",336,delete,7,a,31,7,a,31,τι,,1,0,μέν,οἰκείως
tlg006,"Minio–Paluello, L. 1949",337,replace,7,a,33,7,a,33,ἐστί,ἐστίν,1,1,συμβεβηκότα,καταλειπομένου
tlg006,"Minio–Paluello, L. 1949",338,insert,7,a,33,7,a,33,,τούτου,0,1,δὲ,μόνου
tlg006,"Minio–Paluello, L. 1949",339,delete,7,a,33,7,a,33,τούτου,,1,0,μόνου,πρὸς
tlg006,"Minio–Paluello, L. 1949",340,insert,7,a,34,7,a,34,,εἰ,0,1,οἷον,ὁ
tlg006,"Minio–Paluello, L. 1949",341,delete,7,a,35,7,a,35,ἐὰν,,1,0,δοῦλος,πρὸς
tlg006,"Minio–Paluello, L. 1949",342,replace,7,a,35,7,a,35,λέγηται,λέγεται,1,1,δεσπότην,περιαιρουμένων
tlg006,"Minio–Paluello, L. 1949",343,delete,7,a,35,7,a,35,τῶν ἄλλων,,2,0,περιαιρουμένων,ἁπάντων
tlg006,"Minio–Paluello, L. 1949",344,delete,7,a,37,7,a,37,καὶ,,1,0,εἶναι,τὸ
tlg006,"Minio–Paluello, L. 1949",345,delete,7,a,37,7,a,37,καὶ,,1,0,δεκτικῷ,τὸ
tlg006,"Minio–Paluello, L. 1949",346,replace,7,a,39,7,b,1,λέ γεται,λέγεται,2,1,δοῦλος,ἐὰν
tlg006,"Minio–Paluello, L. 1949",347,replace,7,b,5,7,b,5,δεσπότην αὐτὸν,δεσπότῃ αὐτῷ,2,2,τὸ,εἶναι
tlg006,"Minio–Paluello, L. 1949",348,insert,7,b,7,7,b,7,,δὲ,0,1,ὡσαύτως,καὶ
tlg006,"Minio–Paluello, L. 1949",349,replace,7,b,8,7,b,8,πτερῷ,πτερωτῷ,1,1,τὸ,εἶναι
tlg006,"Minio–Paluello, L. 1949",350,replace,7,b,11,7,b,11,γίνεται,γίγνεται,1,1,ἀπόδοσις,μὴ
tlg006,"Minio–Paluello, L. 1949",351,replace,7,b,14,7,b,14,λέγεται,ῥηθήσεται,1,1,ἀντιστρέφοντα,Δοκεῖ
tlg006,"Minio–Paluello, L. 1949",352,replace,7,b,17,7,b,18,ἐστι καὶ δεσπότου ὄντος δοῦλός ἐστι,ἐστιν,6,1,διπλάσιόν,καὶ
tlg006,"Minio–Paluello, L. 1949",353,replace,7,b,19,7,b,19,ἀλλήλοις,ἄλληλα,1,1,ταῦτα,μὴ
tlg006,"Minio–Paluello, L. 1949",354,insert,7,b,23,7,b,23,,τῆς ἐπιστήμης,0,2,ἐπιστητὸν,πρότερον
tlg006,"Minio–Paluello, L. 1949",355,replace,7,b,24,7,b,24,δόξειε τῆς ἐπιστήμης,δόξειεν,3,1,ἂν,εἶναι
tlg006,"Minio–Paluello, L. 1949",356,delete,7,b,26,7,b,26,ἂν,,1,0,γὰρ,ἢ
tlg006,"Minio–Paluello, L. 1949",357,replace,7,b,27,7,b,27,γινομένην,γιγνομένην,1,1,ἐπιστήμην,ἔτι
tlg006,"Minio–Paluello, L. 1949",358,delete,7,b,29,7,b,29,μὲν,,1,0,ἐπιστητοῦ,γὰρ
tlg006,"Minio–Paluello, L. 1949",359,insert,7,b,30,7,b,30,,ἔτι,0,1,γὰρ,ἔσται
tlg006,"Minio–Paluello, L. 1949",360,replace,7,b,33,7,b,33,αὐτὸς,αὐτὸ,1,1,οὐδέπω,δὲ
tlg006,"Minio–Paluello, L. 1949",361,insert,7,b,33,7,b,33,,τὸ,0,1,δὲ,ἐπιστητόν
tlg006,"Minio–Paluello, L. 1949",362,orthographic_or_diacritic,7,b,33,7,b,33,ἐπιστητόν,ἐπιστητὸν,1,1,δὲ,ἐστιν
tlg006,"Minio–Paluello, L. 1949",363,orthographic_or_diacritic,7,b,33,7,b,33,ἐστιν,ἔστιν,1,1,ἐπιστητόν,ἔτι
tlg006,"Minio–Paluello, L. 1949",364,replace,7,b,34,7,b,34,ἔσται,ἔστιν,1,1,οὐκ,ἐπιστήμη
tlg006,"Minio–Paluello, L. 1949",365,replace,7,b,36,7,b,36,πρότεραν,πρότερον,1,1,αἰσθητὸν,τῆς
tlg006,"Minio–Paluello, L. 1949",366,replace,7,b,39,7,b,39,αἰσθητῶ,αἰσθητοῦ,1,1,εἰσιν,δὲ
tlg006,"Minio–Paluello, L. 1949",367,replace,7,b,39,8,a,1,ἀναι ρεῖται,ἀνῄρηται,2,1,ἀναιρεθέντος,καὶ
tlg006,"Minio–Paluello, L. 1949",368,delete,8,a,1,8,a,1,τὸ,,1,0,καὶ,σῶμα
tlg006,"Minio–Paluello, L. 1949",369,insert,8,a,1,8,a,1,,καὶ,0,1,αἰσθητῶν,τὸ
tlg006,"Minio–Paluello, L. 1949",370,replace,8,a,2,8,a,2,ἀναιρεῖται,ἀνῄρηται,1,1,ὄντος,καὶ
tlg006,"Minio–Paluello, L. 1949",371,orthographic_or_diacritic,8,a,4,8,a,4,οὐ,οὔ,1,1,αἰσθητὸν,συναναιρεῖ
tlg006,"Minio–Paluello, L. 1949",372,delete,8,a,4,8,a,4,συναναιρεῖ,,1,0,οὐ,ζῴου
tlg006,"Minio–Paluello, L. 1949",373,replace,8,a,5,8,a,5,ἀναιρεῖται,ἀνῄρηται,1,1,μὲν,αἰσθητὸν
tlg006,"Minio–Paluello, L. 1949",374,replace,8,a,6,8,a,6,τἆλλα,τὰ ἄλλα,1,2,καὶ,πάντα
tlg006,"Minio–Paluello, L. 1949",375,replace,8,a,7,8,a,7,γίνεται,γίγνεται,1,1,αἰσθητικῷ,ἅμα
tlg006,"Minio–Paluello, L. 1949",376,replace,8,a,7,8,a,8,τῷ ζῴῳ γίνεται,ζῷόν τε γίγνεται,3,3,γὰρ,καὶ
tlg006,"Minio–Paluello, L. 1949",377,delete,8,a,9,8,a,9,ζῷον ἢ,,2,0,τοῦ,αἴσθησιν
tlg006,"Minio–Paluello, L. 1949",378,replace,8,a,10,8,a,10,τὸ,τοῦ,1,1,πρὸ,ζῷον
tlg006,"Minio–Paluello, L. 1949",379,orthographic_or_diacritic,8,a,17,8,a,17,γάρ,γὰρ,1,1,ὁ,τις
tlg006,"Minio–Paluello, L. 1949",380,orthographic_or_diacritic,8,a,17,8,a,17,τις,τὶς,1,1,γάρ,ἄνθρωπος
tlg006,"Minio–Paluello, L. 1949",381,orthographic_or_diacritic,8,a,17,8,a,17,τινὸς,τινός,1,1,λέγεται,τις
tlg006,"Minio–Paluello, L. 1949",382,orthographic_or_diacritic,8,a,18,8,a,18,τινὸς,τινός,1,1,βοῦς,τις
tlg006,"Minio–Paluello, L. 1949",383,orthographic_or_diacritic,8,a,19,8,a,19,γάρ,γὰρ,1,1,ἡ,τις
tlg006,"Minio–Paluello, L. 1949",384,orthographic_or_diacritic,8,a,19,8,a,19,τις,τὶς,1,1,γάρ,χεὶρ
tlg006,"Minio–Paluello, L. 1949",385,orthographic_or_diacritic,8,a,19,8,a,19,τινὸς,τινός,1,1,λέγεται,τις
tlg006,"Minio–Paluello, L. 1949",386,orthographic_or_diacritic,8,a,19,8,a,19,ἀλλά,ἀλλὰ,1,1,χεὶρ,τινος
tlg006,"Minio–Paluello, L. 1949",387,orthographic_or_diacritic,8,a,19,8,a,19,τινος,τινὸς,1,1,ἀλλά,χείρ
tlg006,"Minio–Paluello, L. 1949",388,orthographic_or_diacritic,8,a,20,8,a,20,τινὸς,τινός,1,1,λέγεται,τις
tlg006,"Minio–Paluello, L. 1949",389,orthographic_or_diacritic,8,a,20,8,a,20,ἀλλά,ἀλλὰ,1,1,κεφαλὴ,τινος
tlg006,"Minio–Paluello, L. 1949",390,orthographic_or_diacritic,8,a,21,8,a,21,τινος,τινὸς,1,1,ἀλλά,κεφαλή
tlg006,"Minio–Paluello, L. 1949",391,replace,8,a,22,8,a,22,πλείσων,πλείστων,1,1,τῶν,οἷον
tlg006,"Minio–Paluello, L. 1949",392,orthographic_or_diacritic,8,a,24,8,a,24,ἀλλά,ἀλλὰ,1,1,ξύλον,τινος
tlg006,"Minio–Paluello, L. 1949",393,orthographic_or_diacritic,8,a,24,8,a,24,τινος,τινὸς,1,1,ἀλλά,κτῆμα
tlg006,"Minio–Paluello, L. 1949",394,replace,8,a,30,8,a,30,δεῖξαι,λῦσαι,1,1,τὸ,ὡς
tlg006,"Minio–Paluello, L. 1949",395,replace,8,a,34,8,a,34,ταὐτόν,τοῦτό,1,1,μὴν,γέ
tlg006,"Minio–Paluello, L. 1949",396,replace,8,a,34,8,a,34,τῷ,τὸ,1,1,ἐστι,πρός
tlg006,"Minio–Paluello, L. 1949",397,replace,8,a,38,8,a,38,αὐτῶν,αὐτοῦ,1,1,ἐξ,ἐστιν
tlg006,"Minio–Paluello, L. 1949",398,orthographic_or_diacritic,8,a,38,8,a,38,ἐστιν,ἐστίν,1,1,αὐτῶν,εἰ
tlg006,"Minio–Paluello, L. 1949",399,delete,8,a,39,8,a,39,ἐστι,,1,0,ὅτι,τῶν
tlg006,"Minio–Paluello, L. 1949",400,orthographic_or_diacritic,8,a,39,8,a,39,τι,τί,1,1,πρός,ἔστι
tlg006,"Minio–Paluello, L. 1949",401,insert,8,a,39,8,a,39,,ἐστιν,0,1,τι,ἔστι
tlg006,"Minio–Paluello, L. 1949",402,replace,8,a,39,8,a,39,ταὐτὸν,ταὐτὸ,1,1,τι,τῷ
tlg006,"Minio–Paluello, L. 1949",403,replace,8,b,2,8,b,2,τοῦτά,τοῦτό,1,1,ὃ,πως
tlg006,"Minio–Paluello, L. 1949",404,delete,8,b,3,8,b,3,τὸ,,1,0,εἰ,πρός
tlg006,"Minio–Paluello, L. 1949",405,replace,8,b,4,8,b,4,οἶδε,οἶδεν,1,1,εἰ,ἀφωρισμένως
tlg006,"Minio–Paluello, L. 1949",406,replace,8,b,5,8,b,5,ὅτι,ὅτου,1,1,καὶ,διπλασιόν
tlg006,"Minio–Paluello, L. 1949",407,orthographic_or_diacritic,8,b,5,8,b,5,διπλασιόν,διπλάσιόν,1,1,ὅτι,ἐστιν
tlg006,"Minio–Paluello, L. 1949",408,insert,8,b,7,8,b,7,,ἔστι,0,1,εἰ,διπλασιόν
tlg006,"Minio–Paluello, L. 1949",409,orthographic_or_diacritic,8,b,7,8,b,7,διπλασιόν,διπλάσιον,1,1,εἰ,ἐστιν
tlg006,"Minio–Paluello, L. 1949",410,delete,8,b,7,8,b,7,ἐστιν,,1,0,διπλασιόν,ὅλως
tlg006,"Minio–Paluello, L. 1949",411,delete,8,b,9,8,b,9,εὐθὺς,,1,0,ἐστιν,ἀφωρισμένως
tlg006,"Minio–Paluello, L. 1949",412,replace,8,b,10,8,b,10,χεῖρον,χείρονος,1,1,ἐστι,κάλλιον
tlg006,"Minio–Paluello, L. 1949",413,replace,8,b,11,8,b,11,γίνεται,γίγνεται,1,1,τοιοῦτο,οὐκ
tlg006,"Minio–Paluello, L. 1949",414,replace,8,b,11,8,b,11,ὁ,οὐ,1,1,ἐπιστήμη,γὰρ
tlg006,"Minio–Paluello, L. 1949",415,insert,8,b,11,8,b,11,,εἴσεται,0,1,ἔτι,ἀκριβῶς
tlg006,"Minio–Paluello, L. 1949",416,delete,8,b,12,8,b,12,εἴσεται,,1,0,ἀκριβῶς,ὅτι
tlg006,"Minio–Paluello, L. 1949",417,replace,8,b,12,8,b,12,χεῖρον,χείρονος,1,1,ἐστὶ,κάλλιον
tlg006,"Minio–Paluello, L. 1949",418,replace,8,b,13,8,b,13,αὐτῶ,αὐτοὖ,1,1,χεῖρον,ὥστε
tlg006,"Minio–Paluello, L. 1949",419,replace,8,b,14,8,b,14,ἀφωρισμένως,ὡρισμένως,1,1,τι,κἀκεῖνο
tlg006,"Minio–Paluello, L. 1949",420,replace,8,b,15,8,b,15,ἀφωρισμένως,ὡρισμένως,1,1,λέγεται,εἰδέναι
tlg006,"Minio–Paluello, L. 1949",421,replace,8,b,16,8,b,16,ἃ ἐστιν,αἵ εἰσιν,2,2,τοιούτων,οὐσίαι
tlg006,"Minio–Paluello, L. 1949",422,orthographic_or_diacritic,8,b,18,8,b,18,χείρ,χεὶρ,1,1,ἡ,οὐκ
tlg006,"Minio–Paluello, L. 1949",423,delete,8,b,20,8,b,20,ταῦτα,,1,0,ἐστι,τῶν
tlg006,"Minio–Paluello, L. 1949",424,replace,8,b,21,8,b,21,ὑπὲρ,περὶ,1,1,χαλεπὸν,τῶν
tlg006,"Minio–Paluello, L. 1949",425,replace,8,b,23,8,b,23,ἑκάστου,ἕκαστον,1,1,ἐφ,αὐτῶν
tlg006,"Minio–Paluello, L. 1949",426,orthographic_or_diacritic,8,b,24,8,b,24,ἄχρηστον,ἄχρηστόν,1,1,οὐκ,ἔστιν
tlg006,"Minio–Paluello, L. 1949",427,orthographic_or_diacritic,8,b,24,8,b,24,ἔστιν,ἐστιν,1,1,ἄχρηστον,Ποιότητα
tlg006,"Minio–Paluello, L. 1949",428,delete,8,b,25,8,b,25,εἶναι,,1,0,τινες,λέγονται
tlg006,"Minio–Paluello, L. 1949",429,replace,8,b,28,8,b,28,πολὺ χρονιώτερον,μονιμώτερον καὶ πολυχρονιώτερον,2,3,τῷ,εἶναι
tlg006,"Minio–Paluello, L. 1949",430,delete,8,b,28,8,b,28,καὶ μονιμώτερον,,2,0,εἶναι,τοιαῦται
tlg006,"Minio–Paluello, L. 1949",431,replace,8,b,31,8,b,31,ἐὰν περ,ἐάνπερ,2,1,λάβῃ,μὴ
tlg006,"Minio–Paluello, L. 1949",432,orthographic_or_diacritic,8,b,32,8,b,32,ἤ,ἢ,1,1,νόσου,ἄλλου
tlg006,"Minio–Paluello, L. 1949",433,orthographic_or_diacritic,8,b,35,8,b,35,ἃ,ἅ,1,1,λέγονται,ἐστιν
tlg006,"Minio–Paluello, L. 1949",434,delete,8,b,38,8,b,38,τι,,1,0,γάρ,πως
tlg006,"Minio–Paluello, L. 1949",435,replace,8,b,39,8,b,39,γενόμενος,γιγνόμενος,1,1,ψυχρὸς,καὶ
tlg006,"Minio–Paluello, L. 1949",436,replace,8,b,39,9,a,1,νο σεῖν,νοσεῖν,2,1,τὸ,ὡσαύτως
tlg006,"Minio–Paluello, L. 1949",437,replace,9,a,2,9,a,2,τέχνων,τούτων,1,1,αὐτῶν,τυγχάνοι
tlg006,"Minio–Paluello, L. 1949",438,orthographic_or_diacritic,9,a,3,9,a,3,ἔξιν,ἕξιν,1,1,ἴσως,ἤδη
tlg006,"Minio–Paluello, L. 1949",439,replace,9,a,4,9,a,4,βούλεται,βούλονται,1,1,ταῦτα,ἔξεις
tlg006,"Minio–Paluello, L. 1949",440,orthographic_or_diacritic,9,a,4,9,a,4,ἔξεις,ἕξεις,1,1,βούλεται,λέγειν
tlg006,"Minio–Paluello, L. 1949",441,orthographic_or_diacritic,9,a,5,9,a,5,ἃ,ἅ,1,1,λέγειν,ἐστι
tlg006,"Minio–Paluello, L. 1949",442,replace,9,a,5,9,a,5,τὰς,τοὺς,1,1,δυσκινητότερα,γὰρ
tlg006,"Minio–Paluello, L. 1949",443,orthographic_or_diacritic,9,a,7,9,a,7,οὐ,οὔ,1,1,ὄντας,φασιν
tlg006,"Minio–Paluello, L. 1949",444,orthographic_or_diacritic,9,a,7,9,a,7,ἔξιν,ἕξιν,1,1,φασιν,ἔχειν
tlg006,"Minio–Paluello, L. 1949",445,replace,9,a,9,9,a,9,τὴν,τὸ,1,1,τῷ,μὲν
tlg006,"Minio–Paluello, L. 1949",446,replace,9,a,9,9,a,9,τὴν,τὸ,1,1,εἶναι,δὲ
tlg006,"Minio–Paluello, L. 1949",447,replace,9,a,9,9,a,9,πολυχρονιωτέραν,πολυχρονιώτερόν,1,1,δὲ,τε
tlg006,"Minio–Paluello, L. 1949",448,replace,9,a,10,9,a,10,δυσκινητοτέραν,δυσκινητότερον,1,1,καὶ,εἰσὶ
tlg006,"Minio–Paluello, L. 1949",449,delete,9,a,12,9,a,12,γέ,,1,0,διάκεινταί,πως
tlg006,"Minio–Paluello, L. 1949",450,replace,9,a,12,9,a,12,κατ αὐτάς,κατὰ ταύτας,2,2,πως,οἱ
tlg006,"Minio–Paluello, L. 1949",451,replace,9,a,14,9,a,14,πυκτικὸς,πυκτικοὺς,1,1,ὃ,ἢ
tlg006,"Minio–Paluello, L. 1949",452,replace,9,a,14,9,a,14,δρομικὸς,δρομικοὺς,1,1,ἢ,ἢ
tlg006,"Minio–Paluello, L. 1949",453,replace,9,a,15,9,a,15,ὑγιεινὸς,ὑγιεινοὺς,1,1,ἢ,ἢ
tlg006,"Minio–Paluello, L. 1949",454,delete,9,a,17,9,a,17,γέ,,1,0,διακεῖσθαί,πως
tlg006,"Minio–Paluello, L. 1949",455,delete,9,a,17,9,a,17,ποιὸν,,1,0,τοιούτων,λέγεται
tlg006,"Minio–Paluello, L. 1949",456,delete,9,a,18,9,a,18,ἢ ἀδυναμίαν,,2,0,φυσικὴν,τοῦ
tlg006,"Minio–Paluello, L. 1949",457,insert,9,a,19,9,a,19,,λέγονται,0,1,δρομικοὶ,οὐ
tlg006,"Minio–Paluello, L. 1949",458,delete,9,a,20,9,a,20,λέγονται,,1,0,πως,ἀλλὰ
tlg006,"Minio–Paluello, L. 1949",459,delete,9,a,23,9,a,23,φυσικὴν,,1,0,ἔχειν,τοῦ
tlg006,"Minio–Paluello, L. 1949",460,delete,9,a,24,9,a,24,ῥᾳδίως ὑπὸ τῶν τυχόντων,,4,0,πάσχειν,ὁμοίως
tlg006,"Minio–Paluello, L. 1949",461,replace,9,a,29,9,a,29,εἰσὶ,ἔστι,1,1,πάθη,δὲ
tlg006,"Minio–Paluello, L. 1949",462,replace,9,a,29,9,a,29,αἱ τοιαίδε,τὰ τοιάδε,2,2,δὲ,οἷον
tlg006,"Minio–Paluello, L. 1949",463,replace,9,a,32,9,a,32,εἰσι,εἰσιν,1,1,ποιότητές,φανερόν
tlg006,"Minio–Paluello, L. 1949",464,delete,9,a,32,9,a,32,αὐτὰ,,1,0,δεδεγμένα,ποιὰ
tlg006,"Minio–Paluello, L. 1949",465,insert,9,a,33,9,a,33,,λέγεται,0,1,δεδέχθαι,γλυκὺ
tlg006,"Minio–Paluello, L. 1949",466,orthographic_or_diacritic,9,a,34,9,a,34,γλυκὺ,γλυκύ,1,1,δεδέχθαι,λέγεται
tlg006,"Minio–Paluello, L. 1949",467,delete,9,a,34,9,a,34,λέγεται,,1,0,γλυκὺ,καὶ
tlg006,"Minio–Paluello, L. 1949",468,replace,9,a,36,9,a,36,ἃ,οὐ,1,1,λέγονται,τῷ
tlg006,"Minio–Paluello, L. 1949",469,orthographic_or_diacritic,9,a,36,9,a,36,αὑτὰ,αὐτὰ,1,1,τῷ,τὰ
tlg006,"Minio–Paluello, L. 1949",470,replace,9,a,36,9,b,1,ποι ότινας,ποιότητας,2,1,τὰς,πεπονθέναι
tlg006,"Minio–Paluello, L. 1949",471,replace,9,b,2,9,b,2,ὥστε,οὔτε,1,1,γλυκύ,τῶν
tlg006,"Minio–Paluello, L. 1949",472,replace,9,b,6,9,b,6,πάθος,πάθους,1,1,ποιοτήτων,εἶναι
tlg006,"Minio–Paluello, L. 1949",473,replace,9,b,11,9,b,11,γεγονέναι,γεγενῆσθαι,1,1,πάθους,ὅτι
tlg006,"Minio–Paluello, L. 1949",474,replace,9,b,12,9,b,12,γίνονται,γίγνονται,1,1,οὖν,διὰ
tlg006,"Minio–Paluello, L. 1949",475,orthographic_or_diacritic,9,b,14,9,b,14,ὠχρός,ὠχρὸς,1,1,φοβηθεὶς,καὶ
tlg006,"Minio–Paluello, L. 1949",476,delete,9,b,15,9,b,15,ἐκ τινων φυσικῶν συμπτωμάτων,,4,0,πέπονθεν,τὴν
tlg006,"Minio–Paluello, L. 1949",477,orthographic_or_diacritic,9,b,18,9,b,18,ἄν,ἂν,1,1,γένοιτ,ὥστε
tlg006,"Minio–Paluello, L. 1949",478,insert,9,b,18,9,b,18,,διάθεσις,0,1,ἄν,ὥστε
tlg006,"Minio–Paluello, L. 1949",479,replace,9,b,20,9,b,20,παραμόνιμον,παραμονίμων,1,1,καὶ,τὴν
tlg006,"Minio–Paluello, L. 1949",480,delete,9,b,21,9,b,21,παθητικαὶ,,1,0,εἴληφε,ποιότητες
tlg006,"Minio–Paluello, L. 1949",481,replace,9,b,23,9,b,23,ποιότητες λέγονται,ποιότης λέγεται,2,2,γεγένηται,ποιοὶ
tlg006,"Minio–Paluello, L. 1949",482,delete,9,b,25,9,b,25,τοῦτο,,1,0,αὐτὸ,συμβέβηκεν
tlg006,"Minio–Paluello, L. 1949",483,replace,9,b,26,9,b,26,βίαν παραμένουσιν,βίου παραμένουσι,2,2,διὰ,ποιότητες
tlg006,"Minio–Paluello, L. 1949",484,orthographic_or_diacritic,9,b,26,9,b,26,αὗται,αὐταὶ,1,1,καὶ,λέγονται
tlg006,"Minio–Paluello, L. 1949",485,replace,9,b,29,9,b,29,γίνεται,γίγνεται,1,1,ἀποκαθισταμένων,πάθη
tlg006,"Minio–Paluello, L. 1949",486,delete,9,b,29,9,b,29,ποιότητες δὲ οὔ,,3,0,λέγεται,οὐ
tlg006,"Minio–Paluello, L. 1949",487,replace,9,b,30,9,b,30,ταύτας ὥστε,ταῦτα οὔτε,2,2,κατὰ,γὰρ
tlg006,"Minio–Paluello, L. 1949",488,replace,9,b,31,9,b,31,ὥστε,οὔτε,1,1,λέγεται,ὁ
tlg006,"Minio–Paluello, L. 1949",489,replace,9,b,31,9,b,31,φοβηθῆναι,φοβεῖσθαι,1,1,τὸ,ὠχρίας
tlg006,"Minio–Paluello, L. 1949",490,insert,9,b,35,9,b,35,,τε,0,1,ὅσα,γὰρ
tlg006,"Minio–Paluello, L. 1949",491,delete,9,b,35,9,b,35,δυσκινήτων,,1,0,παθῶν,γεγένηται
tlg006,"Minio–Paluello, L. 1949",492,replace,10,a,6,10,a,6,ἀποκαθισταμένων γίνεται,καθισταμένων γίγνεται,2,2,ταχὺ,πάθη
tlg006,"Minio–Paluello, L. 1949",493,replace,10,a,7,10,a,7,λυπηθείς τις,λυπούμενος,2,1,εἰ,ὀργιλώτερος
tlg006,"Minio–Paluello, L. 1949",494,orthographic_or_diacritic,10,a,7,10,a,7,ὀργιλώτερος,ὀργιλώτερός,1,1,τις,ἔστιν
tlg006,"Minio–Paluello, L. 1949",495,orthographic_or_diacritic,10,a,7,10,a,7,ἔστιν,ἐστιν,1,1,ὀργιλώτερος,οὐδὲ
tlg006,"Minio–Paluello, L. 1949",496,replace,10,a,7,10,a,7,οὐδὲ,οὐ,1,1,ἔστιν,γὰρ
tlg006,"Minio–Paluello, L. 1949",497,replace,10,a,10,10,a,10,δ,δὲ,1,1,ποιότητες,οὔ
tlg006,"Minio–Paluello, L. 1949",498,orthographic_or_diacritic,10,a,13,10,a,13,ὅμοιον,ὅμοιόν,1,1,τούτοις,ἔστιν
tlg006,"Minio–Paluello, L. 1949",499,orthographic_or_diacritic,10,a,13,10,a,13,ἔστιν,ἐστιν,1,1,ὅμοιον,καθ
tlg006,"Minio–Paluello, L. 1949",500,replace,10,a,14,10,a,14,τὸ,τῷ,1,1,λέγεται,γὰρ
tlg006,"Minio–Paluello, L. 1949",501,replace,10,a,15,10,a,15,τὸ,τῷ,1,1,καὶ,εὐθὺ
tlg006,"Minio–Paluello, L. 1949",502,orthographic_or_diacritic,10,a,18,10,a,18,ποιόν,ποιὸν,1,1,ἂν,τι
tlg006,"Minio–Paluello, L. 1949",503,delete,10,a,18,10,a,18,τι,,1,0,ποιόν,σημαίνειν
tlg006,"Minio–Paluello, L. 1949",504,insert,10,a,19,10,a,19,,τινα,0,1,γάρ,μᾶλλόν
tlg006,"Minio–Paluello, L. 1949",505,orthographic_or_diacritic,10,a,19,10,a,19,μᾶλλόν,μᾶλλον,1,1,γάρ,τινα
tlg006,"Minio–Paluello, L. 1949",506,delete,10,a,19,10,a,19,τινα,,1,0,μᾶλλόν,φαίνεται
tlg006,"Minio–Paluello, L. 1949",507,orthographic_or_diacritic,10,a,20,10,a,20,γάρ,γὰρ,1,1,μὲν,τῷ
tlg006,"Minio–Paluello, L. 1949",508,replace,10,a,21,10,a,21,διεσπᾶσθαι,διεστάναι,1,1,τῷ,ἀπ
tlg006,"Minio–Paluello, L. 1949",509,orthographic_or_diacritic,10,a,25,10,a,25,Ἴσως,ἴσως,1,1,ἐλλείπειν,μὲν
tlg006,"Minio–Paluello, L. 1949",510,replace,10,a,26,10,a,26,τοῖοί,τοσοῦτοί,1,1,σχεδὸν,εἰσιν
tlg006,"Minio–Paluello, L. 1949",511,replace,10,a,29,10,a,29,πλείσων,πλείστων,1,1,τῶν,καὶ
tlg006,"Minio–Paluello, L. 1949",512,insert,10,a,30,10,a,30,,ὁ,0,1,λευκότητος,λευκὸς
tlg006,"Minio–Paluello, L. 1949",513,insert,10,a,31,10,a,31,,ὁ,0,1,γραμματικῆς,γραμματικὸς
tlg006,"Minio–Paluello, L. 1949",514,insert,10,a,31,10,a,31,,ὁ,0,1,δικαιοσύνης,δίκαιος
tlg006,"Minio–Paluello, L. 1949",515,insert,10,a,34,10,a,34,,ὁ,0,1,οἷον,δρομικὸς
tlg006,"Minio–Paluello, L. 1949",516,insert,10,a,34,10,a,34,,ὁ,0,1,ἢ,πυκτικὸς
tlg006,"Minio–Paluello, L. 1949",517,replace,10,b,1,10,b,1,ὃ,οὐ,1,1,λέγεται,γὰρ
tlg006,"Minio–Paluello, L. 1949",518,replace,10,b,2,10,b,2,ἕτοι,οὗτοι,1,1,ἃς,ποιοί
tlg006,"Minio–Paluello, L. 1949",519,orthographic_or_diacritic,10,b,2,10,b,2,ποιοί,ποιοὶ,1,1,ἕτοι,λέγονται
tlg006,"Minio–Paluello, L. 1949",520,insert,10,b,2,10,b,2,,καὶ,0,1,ὥσπερ,ταῖς
tlg006,"Minio–Paluello, L. 1949",521,orthographic_or_diacritic,10,b,3,10,b,3,πυκτικοί,πυκτικοὶ,1,1,ἃς,ἢ
tlg006,"Minio–Paluello, L. 1949",522,replace,10,b,3,10,b,3,παλαισρικοὶ,παλαιστρικοὶ οἱ,1,2,ἢ,κατὰ
tlg006,"Minio–Paluello, L. 1949",523,insert,10,b,4,10,b,4,,ἐπιστήμη,0,1,γὰρ,λέγεται
tlg006,"Minio–Paluello, L. 1949",524,delete,10,b,4,10,b,4,ἐπιστήμη,,1,0,λέγεται,καὶ
tlg006,"Minio–Paluello, L. 1949",525,replace,10,b,4,10,b,4,παλαισρική,παλαιστρική,1,1,καὶ,ποιοὶ
tlg006,"Minio–Paluello, L. 1949",526,replace,10,b,4,10,b,4,δ,δὲ,1,1,ποιοὶ,ἀπὸ
tlg006,"Minio–Paluello, L. 1949",527,replace,10,b,6,10,b,6,ὃ,οὐ,1,1,κειμένου,λέγεται
tlg006,"Minio–Paluello, L. 1949",528,insert,10,b,9,10,b,9,,οὐκ,0,1,ἀρετῆς,ἐπὶ
tlg006,"Minio–Paluello, L. 1949",529,replace,10,b,9,10,b,9,τοίνυν,οὖν,1,1,ποιὰ,λέγεται
tlg006,"Minio–Paluello, L. 1949",530,replace,10,b,13,10,b,14,τὰ λοιπὰ δὲ,τἆλλα,3,1,καὶ,ὡσαύτως
tlg006,"Minio–Paluello, L. 1949",531,insert,10,b,14,10,b,14,,δὲ,0,1,αὐτὰς,ποιὰ
tlg006,"Minio–Paluello, L. 1949",532,replace,10,b,16,10,b,16,τοιοῦτο,τοιοῦτον,1,1,τὸ,τῷ
tlg006,"Minio–Paluello, L. 1949",533,orthographic_or_diacritic,10,b,16,10,b,16,πυρρῷ,πυῤῥῷ,1,1,γὰρ,ἢ
tlg006,"Minio–Paluello, L. 1949",534,orthographic_or_diacritic,10,b,17,10,b,17,οὐδὲν,οὐδέν,1,1,χροιαῖς,ἐναντίον
tlg006,"Minio–Paluello, L. 1949",535,insert,10,b,17,10,b,17,,ἐστιν,0,1,οὐδὲν,ἐναντίον
tlg006,"Minio–Paluello, L. 1949",536,replace,10,b,17,10,b,17,ἐστιν,οὖσιν,1,1,ποιοῖς,ἔτι
tlg006,"Minio–Paluello, L. 1949",537,delete,10,b,17,10,b,17,δέ,,1,0,ἔτι,ἐὰν
tlg006,"Minio–Paluello, L. 1949",538,replace,10,b,22,10,b,22,ἐφαρμόττει,ἐφαρμόζει,1,1,κατηγοριῶν,τῇ
tlg006,"Minio–Paluello, L. 1949",539,delete,10,b,22,10,b,22,γὰρ τὸ,,2,0,οὔτε,ποσὸν
tlg006,"Minio–Paluello, L. 1949",540,delete,10,b,22,10,b,22,τὸ,,1,0,οὔτε,πρός
tlg006,"Minio–Paluello, L. 1949",541,delete,10,b,23,10,b,23,τὸ,,1,0,οὔτε,ποῦ
tlg006,"Minio–Paluello, L. 1949",542,orthographic_or_diacritic,10,b,23,10,b,23,ποῦ,πού,1,1,τὸ,οὔθ
tlg006,"Minio–Paluello, L. 1949",543,replace,10,b,23,10,b,23,οὔθ,οὐδ,1,1,ποῦ,ὅλως
tlg006,"Minio–Paluello, L. 1949",544,orthographic_or_diacritic,10,b,23,10,b,23,οὐδέν,οὐδὲν,1,1,τοιούτων,ἀλλ
tlg006,"Minio–Paluello, L. 1949",545,delete,10,b,24,10,b,24,τῶν,,1,0,ἄλλων,κατὰ
tlg006,"Minio–Paluello, L. 1949",546,insert,10,b,26,10,b,26,,καὶ,0,1,δὲ,τὸ
tlg006,"Minio–Paluello, L. 1949",547,replace,10,b,30,10,b,30,πλείω,πλεῖστα,1,1,τὰ,δικαιοσύνη
tlg006,"Minio–Paluello, L. 1949",548,delete,10,b,31,10,b,31,καὶ ἧττον,,2,0,μᾶλλον,ἀπορήσειεν
tlg006,"Minio–Paluello, L. 1949",549,replace,10,b,33,10,b,33,δικαιοσύνη,δικαιοσύνην,1,1,τοιούτων,μὲν
tlg006,"Minio–Paluello, L. 1949",550,replace,10,b,33,10,b,33,ὁ,οὐ,1,1,δικαιοσύνης,πάνυ
tlg006,"Minio–Paluello, L. 1949",551,orthographic_or_diacritic,10,b,34,10,b,34,φασι,φασὶ,1,1,πάνυ,δεῖν
tlg006,"Minio–Paluello, L. 1949",552,delete,10,b,34,10,b,34,δεῖν λέγεσθαι,,2,0,φασι,μᾶλλον
tlg006,"Minio–Paluello, L. 1949",553,insert,10,b,34,10,b,34,,λέγεσθαι,0,1,ἧττον,οὐδὲ
tlg006,"Minio–Paluello, L. 1949",554,orthographic_or_diacritic,10,b,35,10,b,35,ὑγίειαν,ὑγίειάν,1,1,ἑτέρου,καὶ
tlg006,"Minio–Paluello, L. 1949",555,insert,10,b,35,10,b,35,,φασι,0,1,ὑγίειαν,καὶ
tlg006,"Minio–Paluello, L. 1949",556,replace,10,b,35,11,a,1,ἑτέ ρον ἑτέρῳ,ἧττον ἕτερον ἑτέρου,3,3,δικαιοσύνην,ὡσαύτως
tlg006,"Minio–Paluello, L. 1949",557,replace,11,a,2,11,a,2,ἐν,οὖν,1,1,ἀλλ,τά
tlg006,"Minio–Paluello, L. 1949",558,delete,11,a,3,11,a,3,τὸ,,1,0,καὶ,ἧττον
tlg006,"Minio–Paluello, L. 1949",559,insert,11,a,4,11,a,4,,δικαιότερος καὶ,0,2,καὶ,ὑγιεινότερος
tlg006,"Minio–Paluello, L. 1949",560,delete,11,a,4,11,a,5,καὶ δικαιότερος,,2,0,ὑγιεινότερος,καὶ
tlg006,"Minio–Paluello, L. 1949",561,replace,11,a,8,11,a,8,ἢ,καὶ,1,1,λόγον,τὸν
tlg006,"Minio–Paluello, L. 1949",562,delete,11,a,9,11,a,9,μᾶλλον,,1,0,οὐδὲν,ἕτερον
tlg006,"Minio–Paluello, L. 1949",563,insert,11,a,10,11,a,10,,μᾶλλον,0,1,ἑτέρου,ῥηθήσεται
tlg006,"Minio–Paluello, L. 1949",564,orthographic_or_diacritic,11,a,10,11,a,10,ἑτέρομήκους,ἑτερομήκους,1,1,τοῦ,κύκλος
tlg006,"Minio–Paluello, L. 1949",565,delete,11,a,18,11,a,18,τῆς,,1,0,εἴη,ποιότητος
tlg006,"Minio–Paluello, L. 1949",566,replace,11,a,18,11,a,18,καὶ,ἢ,1,1,ὅμοιον,ἀνόμοιον
tlg006,"Minio–Paluello, L. 1949",567,insert,11,a,22,11,a,22,,τὰς,0,1,καὶ,διαθέσεις
tlg006,"Minio–Paluello, L. 1949",568,delete,11,a,23,11,a,23,λέγομεν,,1,0,εἶναι,σχεδὸν
tlg006,"Minio–Paluello, L. 1949",569,replace,11,a,25,11,a,25,ὅσα,οὖσα,1,1,γένος,αὐτὸ
tlg006,"Minio–Paluello, L. 1949",570,orthographic_or_diacritic,11,a,28,11,a,28,μουσική,μουσικὴ,1,1,ἡ,τινος
tlg006,"Minio–Paluello, L. 1949",571,orthographic_or_diacritic,11,a,28,11,a,28,τινος,τινὸς,1,1,μουσική,μουσική
tlg006,"Minio–Paluello, L. 1949",572,delete,11,a,29,11,a,29,τῶν,,1,0,αὗται,πρός
tlg006,"Minio–Paluello, L. 1949",573,replace,11,a,29,11,a,29,λέγονται,λέγεται,1,1,τι,οἷον
tlg006,"Minio–Paluello, L. 1949",574,orthographic_or_diacritic,11,a,31,11,a,31,μουσική,μουσικὴ,1,1,ἡ,τινος
tlg006,"Minio–Paluello, L. 1949",575,orthographic_or_diacritic,11,a,31,11,a,31,τινος,τινὸς,1,1,μουσική,ἐπιστήμη
tlg006,"Minio–Paluello, L. 1949",576,delete,11,a,31,11,a,31,λέγεται,,1,0,ἐπιστήμη,οὐ
tlg006,"Minio–Paluello, L. 1949",577,orthographic_or_diacritic,11,a,34,11,a,34,τινα,τινά,1,1,ἐπιστημῶν,ὥστε
tlg006,"Minio–Paluello, L. 1949",578,replace,11,a,35,11,a,35,εἶεν,εἴησαν,1,1,ποιότητες,αἱ
tlg006,"Minio–Paluello, L. 1949",579,orthographic_or_diacritic,11,a,35,11,a,35,ἃς,ἅς,1,1,καθ,ποτε
tlg006,"Minio–Paluello, L. 1949",580,replace,11,a,37,11,a,37,τυγχάνοι,τυγχάνει,1,1,εἰ,τὸ
tlg006,"Minio–Paluello, L. 1949",581,insert,11,a,37,11,a,37,,ποιὸν καὶ,0,2,αὐτὸ,πρός
tlg006,"Minio–Paluello, L. 1949",582,delete,11,a,37,11,a,37,καὶ ποιὸν,,2,0,τι,ὄν
tlg006,"Minio–Paluello, L. 1949",583,delete,11,b,1,11,b,1,τὸ,,1,0,καὶ,πάσχειν
tlg006,"Minio–Paluello, L. 1949",584,replace,11,b,2,11,b,2,θερμαίνεσθαι,θερμαίνειν,1,1,γὰρ,τῷ
tlg006,"Minio–Paluello, L. 1949",585,replace,11,b,3,11,b,3,ψύχεσθαι,ψύχειν,1,1,τῷ,ἐναντίον
tlg006,"Minio–Paluello, L. 1949",586,insert,11,b,5,11,b,5,,τὸ,0,1,καὶ,ἧττον
tlg006,"Minio–Paluello, L. 1949",587,replace,11,b,5,11,b,5,θερμαίνεσθαι,θερμαίνειν,1,1,ἧττον,γὰρ
tlg006,"Minio–Paluello, L. 1949",588,insert,11,b,6,11,b,6,,καὶ λυπεῖσθαι μᾶλλον καὶ ἧττον,0,5,ἧττον,ἐπιδέχεται
tlg006,"Minio–Paluello, L. 1949",589,replace,11,b,7,11,b,7,δὲ,οὖν,1,1,ἐπιδέχεται,τὸ
tlg006,"Minio–Paluello, L. 1949",590,replace,11,b,9,11,b,9,παρονύμως,παρωνύμως,1,1,ὅτι,ἀπὸ
tlg006,"Minio–Paluello, L. 1949",591,orthographic_or_diacritic,11,b,11,11,b,11,ποῦ,ποὺ,1,1,τοῦ,καὶ
tlg006,"Minio–Paluello, L. 1949",592,replace,11,b,12,11,b,12,ἐρρέθη,ἐῤῥήθη,1,1,ἀρχῇ,ὅτι
tlg006,"Minio–Paluello, L. 1949",593,orthographic_or_diacritic,11,b,13,11,b,13,ποῦ,ποὺ,1,1,δὲ,οἷον
tlg006,"Minio–Paluello, L. 1949",594,replace,11,b,14,11,b,14,ἐρρέθη,ἐῤῥήθη,1,1,αὐτῶν,Ὑπὲρ
tlg006,"Minio–Paluello, L. 1949",595,orthographic_or_diacritic,11,b,15,11,b,15,Ὑπὲρ,ὑπὲρ,1,1,ἐρρέθη,μὲν
tlg006,"Minio–Paluello, L. 1949",596,replace,11,b,16,11,b,16,εἴωθεν ἀντικεῖσθαι,εἴωθε ἀντιτίθεσθαι,2,2,ποσαχῶς,ῥητέον
tlg006,"Minio–Paluello, L. 1949",597,orthographic_or_diacritic,11,b,17,11,b,17,λέγεται,Λέγεται,1,1,ῥητέον,δὲ
tlg006,"Minio–Paluello, L. 1949",598,insert,11,b,18,11,b,18,,στέρησις καὶ,0,2,ὡς,ἕξις
tlg006,"Minio–Paluello, L. 1949",599,delete,11,b,18,11,b,18,καὶ στέρησις,,2,0,ἕξις,ἢ
tlg006,"Minio–Paluello, L. 1949",600,replace,11,b,20,11,b,20,τούτων,τοιούτων,1,1,τῶν,ὡς
tlg006,"Minio–Paluello, L. 1949",601,delete,11,b,22,11,b,22,τὰ,,1,0,δὲ,κατὰ
tlg006,"Minio–Paluello, L. 1949",602,insert,11,b,26,11,b,26,,τοῦ ἡμίσεος,0,2,διπλάσιον,αὐτὸ
tlg006,"Minio–Paluello, L. 1949",603,replace,11,b,26,11,b,26,ἐστίν ἑτέρου,ἐστὶ,2,1,ὅπερ,διπλάσιον
tlg006,"Minio–Paluello, L. 1949",604,delete,11,b,27,11,b,27,τινὸς γὰρ διπλάσιον,,3,0,λέγεται,καὶ
tlg006,"Minio–Paluello, L. 1949",605,insert,11,b,29,11,b,29,,τὸ,0,1,πρὸς,ἀντικείμενον
tlg006,"Minio–Paluello, L. 1949",606,orthographic_or_diacritic,11,b,30,11,b,30,ἐπιστητόν,ἐπιστητὸν,1,1,γὰρ,τινι
tlg006,"Minio–Paluello, L. 1949",607,orthographic_or_diacritic,11,b,30,11,b,30,τινι,τινὶ,1,1,ἐπιστητόν,λέγεται
tlg006,"Minio–Paluello, L. 1949",608,orthographic_or_diacritic,11,b,31,11,b,31,ἐπιστητόν,ἐπιστητὸν,1,1,λέγεται,τῇ
tlg006,"Minio–Paluello, L. 1949",609,replace,11,b,32,11,b,32,δ,οὖν,1,1,Ὅσα,ἀντίκειται
tlg006,"Minio–Paluello, L. 1949",610,replace,11,b,32,11,b,33,ἐστὶν ἑτέρων λέγεται,ἐστὶ τῶν ἀντικειμένων,3,3,ἅπερ,ἢ
tlg006,"Minio–Paluello, L. 1949",611,replace,11,b,35,11,b,35,ὅτε,οὔτε,1,1,λέγεται,γὰρ
tlg006,"Minio–Paluello, L. 1949",612,replace,11,b,36,11,b,36,τῷ κακῷ,τοῦ κακοῦ,2,2,ἀγαθὸν,λέγεται
tlg006,"Minio–Paluello, L. 1949",613,replace,11,b,36,11,b,36,ὅτε,οὔτε,1,1,ἐναντίον,τὸ
tlg006,"Minio–Paluello, L. 1949",614,replace,11,b,37,11,b,37,τῷ μέλανι,τοῦ μέλανος,2,2,λευκὸν,λευκόν
tlg006,"Minio–Paluello, L. 1949",615,replace,12,a,1,12,a,1,γίνεσθαι,γίγνεσθαι,1,1,πέφυκε,ἢ
tlg006,"Minio–Paluello, L. 1949",616,replace,12,a,5,12,a,5,γίνεσθαι,γίγνεσθαι,1,1,πέφυκε,καὶ
tlg006,"Minio–Paluello, L. 1949",617,replace,12,a,11,12,a,11,γίνεσθαι,γίγνεσθαι,1,1,πέφυκε,καὶ
tlg006,"Minio–Paluello, L. 1949",618,replace,12,a,14,12,a,14,κατὰ,κατ,1,1,καὶ,ἄλλων
tlg006,"Minio–Paluello, L. 1949",619,replace,12,a,16,12,a,16,ἂν κατηγορῆται,κατηγορεῖται,2,1,ὧν,οὐ
tlg006,"Minio–Paluello, L. 1949",620,orthographic_or_diacritic,12,a,16,12,a,16,φαῦλά,φαῦλα,1,1,ἤτοι,ἢ
tlg006,"Minio–Paluello, L. 1949",621,insert,12,a,18,12,a,18,,τοῦ,0,1,καὶ,μέλανος
tlg006,"Minio–Paluello, L. 1949",622,delete,12,a,18,12,a,18,τὸ,,1,0,καὶ,ὠχρὸν
tlg006,"Minio–Paluello, L. 1949",623,insert,12,a,19,12,a,19,,τοῦ,0,1,καὶ,σπουδαίου
tlg006,"Minio–Paluello, L. 1949",624,replace,12,a,19,12,a,19,ὥστε,οὔτε,1,1,τὸ,φαῦλον
tlg006,"Minio–Paluello, L. 1949",625,replace,12,a,19,12,a,19,ὥστε,οὔτε,1,1,φαῦλον,σπουδαῖον
tlg006,"Minio–Paluello, L. 1949",626,replace,12,a,20,12,a,20,ἐν,οὖν,1,1,μὲν,ὀνόματα
tlg006,"Minio–Paluello, L. 1949",627,delete,12,a,21,12,a,21,τὸ,,1,0,καὶ,ὠχρὸν
tlg006,"Minio–Paluello, L. 1949",628,orthographic_or_diacritic,12,a,21,12,a,21,ὠχρὸν,ὠχρόν,1,1,τὸ,καὶ
tlg006,"Minio–Paluello, L. 1949",629,delete,12,a,21,12,a,22,καὶ ὅσα ἄλλα χρώματα,,4,0,ὠχρὸν,ἐπ
tlg006,"Minio–Paluello, L. 1949",630,replace,12,a,23,12,a,23,δ ἑκατέρῳ,δὲ ἑκατέρου,2,2,τῇ,τῶν
tlg006,"Minio–Paluello, L. 1949",631,replace,12,a,24,12,a,24,ὥστε,οὔτε,1,1,τὸ,ἀγαθὸν
tlg006,"Minio–Paluello, L. 1949",632,replace,12,a,24,12,a,24,ὥστε,οὔτε,1,1,ἀγαθὸν,κακὸν
tlg006,"Minio–Paluello, L. 1949",633,replace,12,a,25,12,a,25,ὥστε,οὔτε,1,1,καὶ,δίκαιον
tlg006,"Minio–Paluello, L. 1949",634,replace,12,a,25,12,a,25,ὥστε,οὔτε,1,1,δίκαιον,ἄδικον
tlg006,"Minio–Paluello, L. 1949",635,insert,12,a,28,12,a,28,,πέφυκεν,0,1,ᾧ,ἡ
tlg006,"Minio–Paluello, L. 1949",636,replace,12,a,28,12,a,28,πέφυκε γίνεσθαι,γίγνεσθαι,2,1,ἕξις,περὶ
tlg006,"Minio–Paluello, L. 1949",637,orthographic_or_diacritic,12,a,31,12,a,31,νωδὸν,νωδόν,1,1,ὑπάρχῃ,τε
tlg006,"Minio–Paluello, L. 1949",638,insert,12,a,31,12,a,31,,οὐ,0,1,λέγομεν,τὸ
tlg006,"Minio–Paluello, L. 1949",639,insert,12,a,32,12,a,32,,οὐ,0,1,τυφλὸν,τὸ
tlg006,"Minio–Paluello, L. 1949",640,replace,12,a,33,12,a,33,ὥτε,οὔτε,1,1,γενετῆς,ὄψιν
tlg006,"Minio–Paluello, L. 1949",641,insert,12,a,33,12,a,33,,οὔτε ὀδόντας,0,2,ὄψιν,ἔχει
tlg006,"Minio–Paluello, L. 1949",642,delete,12,a,34,12,a,34,ὥτε ὀδόντας,,2,0,ἔχει,ἀλλ
tlg006,"Minio–Paluello, L. 1949",643,delete,12,a,34,12,a,34,ὥτε,,1,0,λέγεται,νωδὰ
tlg006,"Minio–Paluello, L. 1949",644,replace,12,a,34,12,a,34,ὥτε,οὐδὲ,1,1,νωδὰ,τυφλά
tlg006,"Minio–Paluello, L. 1949",645,insert,12,a,35,12,a,35,,ἔχειν,0,1,τὸ,τὴν
tlg006,"Minio–Paluello, L. 1949",646,delete,12,a,35,12,a,35,ἔχειν,,1,0,ἕξιν,οὐκ
tlg006,"Minio–Paluello, L. 1949",647,orthographic_or_diacritic,12,a,38,12,a,38,τίς,τις,1,1,γάρ,ἡ
tlg006,"Minio–Paluello, L. 1949",648,delete,12,b,1,12,b,1,ον,,1,0,τυφλότης,δὲ
tlg006,"Minio–Paluello, L. 1949",649,insert,12,b,1,12,b,1,,ὁ ἄνθρωπος,0,2,δὲ,οὐδαμῶς
tlg006,"Minio–Paluello, L. 1949",650,delete,12,b,1,12,b,1,ὁ ἄνθρωπος,,2,0,λέγεται,ἀντικεῖσθαι
tlg006,"Minio–Paluello, L. 1949",651,orthographic_or_diacritic,12,b,6,12,b,6,Οὐκ,οὐκ,1,1,ἀντίκειται,ἔστι
tlg006,"Minio–Paluello, L. 1949",652,insert,12,b,6,12,b,6,,κατάφασιν καὶ,0,2,τὴν,ἀπόφασιν
tlg006,"Minio–Paluello, L. 1949",653,insert,12,b,6,12,b,6,,κατάφασις,0,1,ἀπόφασιν,καὶ
tlg006,"Minio–Paluello, L. 1949",654,delete,12,b,6,12,b,6,καταφασιν,,1,0,καὶ,ἀπόφασις
tlg006,"Minio–Paluello, L. 1949",655,delete,12,b,7,12,b,7,καὶ κατάφασις,,2,0,ἀπόφασις,ἡ
tlg006,"Minio–Paluello, L. 1949",656,orthographic_or_diacritic,12,b,8,12,b,8,καταφατικός,καταφατικὸς,1,1,ἐστὶ,καὶ
tlg006,"Minio–Paluello, L. 1949",657,replace,12,b,9,12,b,9,καὶ,ἢ,1,1,κατάφασιν,ἀπόφασιν
tlg006,"Minio–Paluello, L. 1949",658,delete,12,b,13,12,b,13,τῷ,,1,0,κάθηται,οὐ
tlg006,"Minio–Paluello, L. 1949",659,delete,12,b,14,12,b,14,τῷ,,1,0,καθῆσθαι,μὴ
tlg006,"Minio–Paluello, L. 1949",660,orthographic_or_diacritic,12,b,16,12,b,16,Ὅτι,ὅτι,1,1,καθῆσθαι,δὲ
tlg006,"Minio–Paluello, L. 1949",661,replace,12,b,17,12,b,17,ὃ,οὐ,1,1,φανερόν,γὰρ
tlg006,"Minio–Paluello, L. 1949",662,replace,12,b,17,12,b,17,τῷ ἀντικειμένῳ,τοῦ ἀντικειμένου,2,2,ἐστὶ,ἡ
tlg006,"Minio–Paluello, L. 1949",663,insert,12,b,26,12,b,26,,λεγόμενα,0,1,στέρησιν,καὶ
tlg006,"Minio–Paluello, L. 1949",664,delete,12,b,27,12,b,27,λεγόμενα,,1,0,ἕξιν,ἐκ
tlg006,"Minio–Paluello, L. 1949",665,replace,12,b,28,12,b,28,ᾧ,οἷς,1,1,ἐν,πέφυκε
tlg006,"Minio–Paluello, L. 1949",666,replace,12,b,29,12,b,29,γίνεσθαι,γίγνεσθαι,1,1,πέφυκε,ἢ
tlg006,"Minio–Paluello, L. 1949",667,insert,12,b,30,12,b,30,,ἀναγκαῖον,0,1,θάτερον,ἦν
tlg006,"Minio–Paluello, L. 1949",668,delete,12,b,30,12,b,30,ἀναγκαῖον,,1,0,ἦν,τῷ
tlg006,"Minio–Paluello, L. 1949",669,replace,12,b,33,12,b,33,ὥστε,οὔτε,1,1,θάτερον,γὰρ
tlg006,"Minio–Paluello, L. 1949",670,replace,12,b,34,12,b,34,ὥστε,οὔτε,1,1,δεκτικόν,θερμὸν
tlg006,"Minio–Paluello, L. 1949",671,insert,12,b,36,12,b,36,,ἦν,0,1,ἀναγκαῖον,θάτερον
tlg006,"Minio–Paluello, L. 1949",672,delete,12,b,37,12,b,37,ἦν,,1,0,ὑπάρχειν,τῷ
tlg006,"Minio–Paluello, L. 1949",673,orthographic_or_diacritic,13,a,2,13,a,2,ἐν,ἓν,1,1,τὸ,ὑπάρχει
tlg006,"Minio–Paluello, L. 1949",674,orthographic_or_diacritic,13,a,2,13,a,2,ἐν,ἓν,1,1,τὸ,καὶ
tlg006,"Minio–Paluello, L. 1949",675,replace,13,a,2,13,a,2,ὄχ,οὐχ,1,1,καὶ,ὁπότερον
tlg006,"Minio–Paluello, L. 1949",676,replace,13,a,3,13,a,3,ὁδέτερον,οὐδέτερον,1,1,ἕξεως,τῶν
tlg006,"Minio–Paluello, L. 1949",677,replace,13,a,6,13,a,6,ὥστε,οὔτε,1,1,ἔχειν,τυφλὸν
tlg006,"Minio–Paluello, L. 1949",678,replace,13,a,6,13,a,6,ὥστε,οὔτε,1,1,τυφλὸν,ὄψιν
tlg006,"Minio–Paluello, L. 1949",679,replace,13,a,6,13,a,6,ἔχον,ἔχειν,1,1,ὄψιν,λέγεται
tlg006,"Minio–Paluello, L. 1949",680,replace,13,a,6,13,a,6,ἐν,οὐκ,1,1,ὥστε,ἂν
tlg006,"Minio–Paluello, L. 1949",681,insert,13,a,8,13,a,8,,οὐδὲ,0,1,ἀλλ,ὧν
tlg006,"Minio–Paluello, L. 1949",682,insert,13,a,10,13,a,10,,ἔχειν,0,1,ᾖ,ὄψιν
tlg006,"Minio–Paluello, L. 1949",683,delete,13,a,10,13,a,10,ἔχειν,,1,0,ὄψιν,τότε
tlg006,"Minio–Paluello, L. 1949",684,insert,13,a,10,13,a,10,,ἔχον,0,1,ἢ,ὄψιν
tlg006,"Minio–Paluello, L. 1949",685,delete,13,a,10,13,a,10,ἔχον,,1,0,ὄψιν,ῥηθήσεται
tlg006,"Minio–Paluello, L. 1949",686,insert,13,a,12,13,a,12,,ὄψιν,0,1,ἢ,ἔχον
tlg006,"Minio–Paluello, L. 1949",687,delete,13,a,12,13,a,12,ὄψιν,,1,0,ἔχον,εἶναι
tlg006,"Minio–Paluello, L. 1949",688,orthographic_or_diacritic,13,a,13,13,a,13,δὲ,δέ,1,1,ἐπὶ,τῶν
tlg006,"Minio–Paluello, L. 1949",689,insert,13,a,13,13,a,13,,γε,0,1,δὲ,τῶν
tlg006,"Minio–Paluello, L. 1949",690,replace,13,a,13,13,a,13,ἔστι τι,ἔστιν,2,1,ὧν,ἀνὰ
tlg006,"Minio–Paluello, L. 1949",691,insert,13,a,13,13,a,13,,τι,0,1,μέσον,οὐδέποτε
tlg006,"Minio–Paluello, L. 1949",692,orthographic_or_diacritic,13,a,14,13,a,14,ἀλλά,ἀλλὰ,1,1,ὑπάρχειν,τισί
tlg006,"Minio–Paluello, L. 1949",693,replace,13,a,14,13,a,14,τισί,τισίν,1,1,ἀλλά,καὶ
tlg006,"Minio–Paluello, L. 1949",694,orthographic_or_diacritic,13,a,18,13,a,18,Ἔτι,ἔτι,1,1,ἀντικείμενα,ἐπὶ
tlg006,"Minio–Paluello, L. 1949",695,replace,13,a,18,13,a,18,τῷ δεκτικῷ,τοῦ δεκτικοῦ,2,2,ὑπάρχοντος,δυνατὸν
tlg006,"Minio–Paluello, L. 1949",696,replace,13,a,19,13,a,19,γίνεσθαι,γενέσθαι,1,1,μεταβολὴν,εἰ
tlg006,"Minio–Paluello, L. 1949",697,replace,13,a,22,13,a,22,σπουδαίς,σπουδαίου,1,1,ἐκ,γε
tlg006,"Minio–Paluello, L. 1949",698,replace,13,a,23,13,a,23,φαύλς,φαύλου,1,1,ἐκ,σπουδαῖον
tlg006,"Minio–Paluello, L. 1949",699,replace,13,a,25,13,a,25,βελτίον,βελτίω,1,1,τὸ,εἶναι
tlg006,"Minio–Paluello, L. 1949",700,replace,13,a,26,13,a,26,τελέως,τελείως,1,1,ἢ,ἂν
tlg006,"Minio–Paluello, L. 1949",701,insert,13,a,26,13,a,26,,ἂν,0,1,πολλὴν,ἐπίδοσιν
tlg006,"Minio–Paluello, L. 1949",702,replace,13,a,27,13,a,27,γίνεται,γίγνεται,1,1,ἀρετὴν,κἂν
tlg006,"Minio–Paluello, L. 1949",703,delete,13,a,29,13,a,29,αὐτὸν,,1,0,ἐπίδοσιν,λαμβάνειν
tlg006,"Minio–Paluello, L. 1949",704,replace,13,a,29,13,a,29,γινόμενον,γιγνόμενον,1,1,ἀεὶ,τελείως
tlg006,"Minio–Paluello, L. 1949",705,replace,13,a,30,13,a,30,ἐάν περ,ἐάνπερ,2,1,ἀποκαθίστησιν,μὴ
tlg006,"Minio–Paluello, L. 1949",706,replace,13,a,31,13,a,31,ἕξεως,στερήσεως,1,1,τῆς,καὶ
tlg006,"Minio–Paluello, L. 1949",707,replace,13,a,31,13,a,31,στερήσεως,ἕξεως,1,1,τῆς,ἀδύνατον
tlg006,"Minio–Paluello, L. 1949",708,replace,13,a,33,13,a,33,γίνεται,γίγνεται,1,1,στέρησιν,μεταβολή
tlg006,"Minio–Paluello, L. 1949",709,replace,13,a,34,13,a,34,ὥστε,οὔτε,1,1,ἀδύνατον,γὰρ
tlg006,"Minio–Paluello, L. 1949",710,replace,13,a,35,13,a,35,ἀνέβλεψεν ὥστε,ἔβλεψεν οὔτε,2,2,πάλιν,φαλακρὸς
tlg006,"Minio–Paluello, L. 1949",711,delete,13,a,35,13,a,35,πάλιν,,1,0,ὢν,κομήτης
tlg006,"Minio–Paluello, L. 1949",712,replace,13,a,36,13,a,36,ὥστε,οὔτε,1,1,ἐγένετο,νωδὸς
tlg006,"Minio–Paluello, L. 1949",713,replace,13,b,1,13,b,1,ἀντίκεται,ἀντίκειται,1,1,τρόπων,ἐπὶ
tlg006,"Minio–Paluello, L. 1949",714,insert,13,b,2,13,b,2,,μόνων,0,1,ἐπὶ,γὰρ
tlg006,"Minio–Paluello, L. 1949",715,delete,13,b,2,13,b,2,μόνων,,1,0,γὰρ,τούτων
tlg006,"Minio–Paluello, L. 1949",716,replace,13,b,3,13,b,3,ὅτε,οὔτε,1,1,εἶναι,γὰρ
tlg006,"Minio–Paluello, L. 1949",717,insert,13,b,4,13,b,4,,μὲν,0,1,θάτερον,ἀληθὲς
tlg006,"Minio–Paluello, L. 1949",718,replace,13,b,4,13,b,4,ὅτε,οὔτε,1,1,ψεῦδος,ἐπὶ
tlg006,"Minio–Paluello, L. 1949",719,replace,13,b,5,13,b,5,ὅτε,οὔτε,1,1,τι,ἐπὶ
tlg006,"Minio–Paluello, L. 1949",720,delete,13,b,5,13,b,5,τῆς,,1,0,καὶ,στερήσεως
tlg006,"Minio–Paluello, L. 1949",721,delete,13,b,5,13,b,5,ἡ,,1,0,οἷον,ὑγίεια
tlg006,"Minio–Paluello, L. 1949",722,delete,13,b,6,13,b,6,ἡ,,1,0,καὶ,νόσος
tlg006,"Minio–Paluello, L. 1949",723,replace,13,b,6,13,b,6,ὅτε,οὔτε,1,1,γε,ἀληθὲς
tlg006,"Minio–Paluello, L. 1949",724,replace,13,b,6,13,b,6,ὅτε,οὔτε,1,1,ἀληθὲς,ψεῦδος
tlg006,"Minio–Paluello, L. 1949",725,orthographic_or_diacritic,13,b,6,13,b,6,ψεῦδος,ψεῦδός,1,1,ὅτε,ἐστιν
tlg006,"Minio–Paluello, L. 1949",726,replace,13,b,8,13,b,8,ἀντίκεται,ἀντίκειται,1,1,τι,καὶ
tlg006,"Minio–Paluello, L. 1949",727,replace,13,b,8,13,b,8,ὅτε,οὔτε,1,1,οὐδέτερον,ἀληθὲς
tlg006,"Minio–Paluello, L. 1949",728,replace,13,b,8,13,b,8,ὅτε,οὔτε,1,1,ἀληθὲς,ψεῦδος
tlg006,"Minio–Paluello, L. 1949",729,replace,13,b,11,13,b,11,ὅτε,οὔτε,1,1,οὐδὲν,ἀληθὲς
tlg006,"Minio–Paluello, L. 1949",730,replace,13,b,11,13,b,11,ὅτε,οὔτε,1,1,ἀληθὲς,ψεῦδός
tlg006,"Minio–Paluello, L. 1949",731,replace,13,b,12,13,b,12,ὃ,οὐ,1,1,λέγεται,μὴν
tlg006,"Minio–Paluello, L. 1949",732,insert,13,b,12,13,b,12,,δόξειεν,0,1,μάλιστα,ἂν
tlg006,"Minio–Paluello, L. 1949",733,delete,13,b,13,13,b,13,δόξειε,,1,0,ἂν,τὸ
tlg006,"Minio–Paluello, L. 1949",734,replace,13,b,14,13,b,14,Σωκράτην,Σωκράτη,1,1,ὑγιαίνειν,τῷ
tlg006,"Minio–Paluello, L. 1949",735,replace,13,b,14,13,b,14,Σωκράτην,Σωκράτη,1,1,νοσεῖν,ἐναντίον
tlg006,"Minio–Paluello, L. 1949",736,replace,13,b,18,13,b,18,ὅτε,οὔτε,1,1,ψευδῆ,γὰρ
tlg006,"Minio–Paluello, L. 1949",737,replace,13,b,18,13,b,18,Σωκράτην ὅτε,Σωκράτη οὔτε,2,2,νοσεῖν,τὸ
tlg006,"Minio–Paluello, L. 1949",738,delete,13,b,19,13,b,19,ἐστὶν,,1,0,ὑγιαίνειν,ἀληθὲς
tlg006,"Minio–Paluello, L. 1949",739,replace,13,b,19,13,b,19,αὐτῷ,αὐτοῦ,1,1,ἀληθὲς,μὴ
tlg006,"Minio–Paluello, L. 1949",740,replace,13,b,20,13,b,20,τε,γε,1,1,ὄντος,ὅλως
tlg006,"Minio–Paluello, L. 1949",741,replace,13,b,21,13,b,21,τε,δὲ,1,1,ὄντος,οὐκ
tlg006,"Minio–Paluello, L. 1949",742,orthographic_or_diacritic,13,b,21,13,b,21,ἀληθὲς,ἀληθές,1,1,θάτερον,θάτερον
tlg006,"Minio–Paluello, L. 1949",743,delete,13,b,21,13,b,22,θάτερον δὲ ψεῦδος,,3,0,ἀληθὲς,τὸ
tlg006,"Minio–Paluello, L. 1949",744,replace,13,b,22,13,b,22,Σωκράτην,Σωκράτη,1,1,ἔχειν,τῷ
tlg006,"Minio–Paluello, L. 1949",745,replace,13,b,22,13,b,23,Σωκράτην ἀντίκεται,Σωκράτη ἀντίκειται,2,2,εἶναι,ὡς
tlg006,"Minio–Paluello, L. 1949",746,replace,13,b,23,13,b,23,τε,γε,1,1,ὄντος,οὐκ
tlg006,"Minio–Paluello, L. 1949",747,replace,13,b,25,13,b,25,τε,δὲ,1,1,ὄντος,ὅλως
tlg006,"Minio–Paluello, L. 1949",748,insert,13,b,26,13,b,26,,αὐτὸν,0,1,ὄψιν,ἔχειν
tlg006,"Minio–Paluello, L. 1949",749,delete,13,b,27,13,b,27,αὐτὸν,,1,0,τυφλὸν,εἶναι
tlg006,"Minio–Paluello, L. 1949",750,insert,13,b,28,13,b,28,,μὲν,0,1,τὸ,ἕτερον
tlg006,"Minio–Paluello, L. 1949",751,delete,13,b,29,13,b,29,καὶ,,1,0,ψεῦδος,τὸ
tlg006,"Minio–Paluello, L. 1949",752,insert,13,b,29,13,b,29,,δὲ,0,1,τὸ,ἕτερον
tlg006,"Minio–Paluello, L. 1949",753,replace,13,b,29,13,b,29,Σωκράτην,Σωκράτη,1,1,νοσεῖν,καὶ
tlg006,"Minio–Paluello, L. 1949",754,replace,13,b,30,13,b,30,Σωκράτην,Σωκράτη,1,1,νοσεῖν,ὄντος
tlg006,"Minio–Paluello, L. 1949",755,replace,13,b,30,13,b,30,αὐτῷ,αὐτοῦ,1,1,τε,φανερὸν
tlg006,"Minio–Paluello, L. 1949",756,replace,13,b,35,13,b,35,ἀντίκεται,ἀντίκειται,1,1,ἀπόφασις,Ἐναντίον
tlg006,"Minio–Paluello, L. 1949",757,insert,13,b,36,13,b,36,,ἀγαθῷ μὲν,0,2,ἐστιν,ἐξ
tlg006,"Minio–Paluello, L. 1949",758,delete,13,b,36,13,b,36,ἀγαθῷ μὲν,,2,0,ἀνάγκης,κακόν
tlg006,"Minio–Paluello, L. 1949",759,replace,14,a,1,14,a,1,ἐνδρείᾳ,δικαιοσύνῃ ἀδικία καὶ ἀνδρείᾳ,1,4,καὶ,δειλία
tlg006,"Minio–Paluello, L. 1949",760,insert,14,a,2,14,a,2,,ἐστίν,0,1,ἐναντίον,ὁτὲ
tlg006,"Minio–Paluello, L. 1949",761,orthographic_or_diacritic,14,a,3,14,a,3,κακόν,κακὸν,1,1,ἐναντίον,ὄν
tlg006,"Minio–Paluello, L. 1949",762,orthographic_or_diacritic,14,a,4,14,a,4,ἄν,ἂν,1,1,δ,τὰ
tlg006,"Minio–Paluello, L. 1949",763,replace,14,a,5,14,a,5,τὰ,τὸ,1,1,ἄν,τοιοῦτον
tlg006,"Minio–Paluello, L. 1949",764,replace,14,a,5,14,a,5,πλείσων,πλείστων,1,1,τῶν,ἀεὶ
tlg006,"Minio–Paluello, L. 1949",765,orthographic_or_diacritic,14,a,7,14,a,7,Ἔτι,ἔτι,1,1,ἐστίν,ἐπὶ
tlg006,"Minio–Paluello, L. 1949",766,delete,14,a,7,14,a,7,ἐπὶ,,1,0,Ἔτι,τῶν
tlg006,"Minio–Paluello, L. 1949",767,replace,14,a,7,14,a,7,ἐξ,οὐκ,1,1,ἐναντίων,ἀναγκαῖον
tlg006,"Minio–Paluello, L. 1949",768,delete,14,a,8,14,a,8,μὲν,,1,0,ὑγιαινόντων,γὰρ
tlg006,"Minio–Paluello, L. 1949",769,replace,14,a,10,14,a,10,Σωκράτην,Σωκράτη,1,1,τὸ,ὑγιαίνειν
tlg006,"Minio–Paluello, L. 1949",770,replace,14,a,11,14,a,11,Σωκράτην,Σωκράτη,1,1,τῷ,νοσεῖν
tlg006,"Minio–Paluello, L. 1949",771,replace,14,a,11,14,a,11,ἐστί,ἐστίν,1,1,ἐναντίον,μὴ
tlg006,"Minio–Paluello, L. 1949",772,replace,14,a,12,14,a,13,τῷ ἑτέρῳ,τοῦ ἑτέρου,2,2,ἐνδέχοιτο,τῶν
tlg006,"Minio–Paluello, L. 1949",773,replace,14,a,13,14,a,14,τῷ Σωκράτην,τοῦ Σωκράτη,2,2,γὰρ,ὑγιαίνειν
tlg006,"Minio–Paluello, L. 1949",774,replace,14,a,14,14,a,14,Σωκράτην,Σωκράτη,1,1,νοσεῖν,Δῆλον
tlg006,"Minio–Paluello, L. 1949",775,replace,14,a,16,14,a,16,γίνεσθαι,γίγνεσθαι,1,1,πέφυκε,τὰ
tlg006,"Minio–Paluello, L. 1949",776,delete,14,a,17,14,a,17,πέφυκε γίνεσθαι,,2,0,ζῴου,λευκότης
tlg006,"Minio–Paluello, L. 1949",777,delete,14,a,18,14,a,18,ἀνθρώπου,,1,0,ψυχῇ,Ἀνάγκη
tlg006,"Minio–Paluello, L. 1949",778,orthographic_or_diacritic,14,a,19,14,a,19,Ἀνάγκη,ἀνάγκη,1,1,ἀνθρώπου,δὲ
tlg006,"Minio–Paluello, L. 1949",779,replace,14,a,21,14,a,21,ἀμφοῖν,αὐτῶν,1,1,γὰρ,τὸ
tlg006,"Minio–Paluello, L. 1949",780,replace,14,a,23,14,a,23,τῷ,τοῦ,1,1,γένεσιν,μὲν
tlg006,"Minio–Paluello, L. 1949",781,replace,14,a,23,14,a,23,τῷ,τοῦ,1,1,ἀρετή,δὲ
tlg006,"Minio–Paluello, L. 1949",782,insert,14,a,26,14,a,26,,ἕτερον,0,1,Πρότερον,ἑτέρου
tlg006,"Minio–Paluello, L. 1949",783,delete,14,a,26,14,a,26,ἕτερον,,1,0,ἑτέρου,λέγεται
tlg006,"Minio–Paluello, L. 1949",784,replace,14,a,30,14,a,30,ἀντιστρέφειν,ἀντιστρέφον,1,1,μὴ,κατὰ
tlg006,"Minio–Paluello, L. 1949",785,replace,14,a,31,14,a,31,δυοῖν,δυεῖν,1,1,πρότερον,μὲν
tlg006,"Minio–Paluello, L. 1949",786,replace,14,a,31,14,a,31,ὄντοιν,ὄντων,1,1,γὰρ,ἀκολουθεῖ
tlg006,"Minio–Paluello, L. 1949",787,orthographic_or_diacritic,14,a,36,14,a,36,Τρίτον,τρίτον,1,1,ἀκολούθησις,δὲ
tlg006,"Minio–Paluello, L. 1949",788,orthographic_or_diacritic,14,a,36,14,a,36,κατὰ,κατά,1,1,δὲ,τινα
tlg006,"Minio–Paluello, L. 1949",789,delete,14,a,36,14,a,36,τὸ,,1,0,τάξιν,πρότερον
tlg006,"Minio–Paluello, L. 1949",790,orthographic_or_diacritic,14,a,37,14,a,37,ἐν,ἔν,1,1,λόγων,τε
tlg006,"Minio–Paluello, L. 1949",791,replace,14,a,39,14,b,1,διαγραμμά των,διαγραμμάτων,2,1,τῶν,τῇ
tlg006,"Minio–Paluello, L. 1949",792,orthographic_or_diacritic,14,b,4,14,b,4,Ἔτι,ἔτι,1,1,ἐστίν,παρὰ
tlg006,"Minio–Paluello, L. 1949",793,replace,14,b,6,14,b,6,ἐντίμους,ἐντιμοτέρους,1,1,τοὺς,καὶ
tlg006,"Minio–Paluello, L. 1949",794,delete,14,b,7,14,b,7,παρ αὐτοῖς,,2,0,φάσκειν,εἶναι
tlg006,"Minio–Paluello, L. 1949",795,delete,14,b,7,14,b,7,καὶ,,1,0,δὴ,σχεδὸν
tlg006,"Minio–Paluello, L. 1949",796,replace,14,b,8,14,b,8,φιλοτιμώτατος,ἀλλοτριώτατος,1,1,σχεδὸν,τῶν
tlg006,"Minio–Paluello, L. 1949",797,delete,14,b,9,14,b,9,τρόποι,,1,0,λεγόμενοι,τοῦ
tlg006,"Minio–Paluello, L. 1949",798,replace,14,b,9,14,b,9,σχεδὸν,τρόποι,1,1,προτέρου,τοσοῦτοί
tlg006,"Minio–Paluello, L. 1949",799,insert,14,b,10,14,b,10,,καὶ,0,1,ἂν,παρὰ
tlg006,"Minio–Paluello, L. 1949",800,replace,14,b,10,14,b,10,τὰς εἰρημένας καὶ,τοὺς εἰρημένους,3,2,παρὰ,ἕτερος
tlg006,"Minio–Paluello, L. 1949",801,replace,14,b,11,14,b,11,πρότερός τις,προτέρου,2,1,εἶναι,τρόπος
tlg006,"Minio–Paluello, L. 1949",802,delete,14,b,13,14,b,13,τῇ,,1,0,εἰκότως,φύσει
tlg006,"Minio–Paluello, L. 1949",803,orthographic_or_diacritic,14,b,15,14,b,15,γάρ,γὰρ,1,1,εἰ,ἐστιν
tlg006,"Minio–Paluello, L. 1949",804,orthographic_or_diacritic,14,b,16,14,b,16,ἐστιν,ἔστιν,1,1,γάρ,ἄνθρωπος
tlg006,"Minio–Paluello, L. 1949",805,orthographic_or_diacritic,14,b,16,14,b,16,ἐστὶν,ἔστιν,1,1,ὅτι,ἄνθρωπος
tlg006,"Minio–Paluello, L. 1949",806,orthographic_or_diacritic,14,b,18,14,b,18,ἐστὶν,ἔστιν,1,1,ὅτι,ἄνθρωπος
tlg006,"Minio–Paluello, L. 1949",807,replace,14,b,23,14,b,23,λέγεται,λέγοιτ ἄν,1,2,ἑτέρου,Ἅμα
tlg006,"Minio–Paluello, L. 1949",808,orthographic_or_diacritic,14,b,25,14,b,25,γένεσίς,γένεσις,1,1,ἡ,ἐστιν
tlg006,"Minio–Paluello, L. 1949",809,delete,14,b,25,14,b,25,ἐστιν,,1,0,γένεσίς,ἐν
tlg006,"Minio–Paluello, L. 1949",810,orthographic_or_diacritic,14,b,26,14,b,26,ὕστερον,ὕστερόν,1,1,οὐδὲ,ἔστιν
tlg006,"Minio–Paluello, L. 1949",811,orthographic_or_diacritic,14,b,26,14,b,26,ἔστιν,ἐστιν,1,1,ὕστερον,αὐτῶν
tlg006,"Minio–Paluello, L. 1949",812,delete,14,b,26,14,b,26,αὐτῶν,,1,0,ἔστιν,ἅμα
tlg006,"Minio–Paluello, L. 1949",813,orthographic_or_diacritic,14,b,28,14,b,28,εἶναι,εἶναί,1,1,τοῦ,ἔστιν
tlg006,"Minio–Paluello, L. 1949",814,orthographic_or_diacritic,14,b,29,14,b,29,ἔστιν,ἐστιν,1,1,εἶναι,οἷον
tlg006,"Minio–Paluello, L. 1949",815,replace,14,b,30,14,b,30,διπλάσιον,διπλασίου,1,1,ταῦτα,γὰρ
tlg006,"Minio–Paluello, L. 1949",816,orthographic_or_diacritic,14,b,30,14,b,30,ἔστιν,ἐστὶν,1,1,ὄντος,ἥμισυ
tlg006,"Minio–Paluello, L. 1949",817,orthographic_or_diacritic,14,b,33,14,b,33,Καὶ,καὶ,1,1,ἐστιν,τὰ
tlg006,"Minio–Paluello, L. 1949",818,delete,14,b,33,14,b,33,δὲ,,1,0,αὐτοῦ,γένους
tlg006,"Minio–Paluello, L. 1949",819,insert,14,b,37,14,b,37,,ὄντα,0,1,γένους,τὸ
tlg006,"Minio–Paluello, L. 1949",820,orthographic_or_diacritic,14,b,37,14,b,37,εἰς,εἴς,1,1,ταῦτα,τε
tlg006,"Minio–Paluello, L. 1949",821,replace,15,a,1,15,a,1,τῶν τοιούτων,τούτων,2,1,ἕκαστον,εἰς
tlg006,"Minio–Paluello, L. 1949",822,replace,15,a,3,15,a,3,δὴ,οὖν,1,1,ἔσται,κἀκεῖνα
tlg006,"Minio–Paluello, L. 1949",823,replace,15,a,5,15,a,5,ὃ,οὐ,1,1,πρότερα,γὰρ
tlg006,"Minio–Paluello, L. 1949",824,replace,15,a,6,15,a,6,δ,δὲ,1,1,ζῴου,ὄντος
tlg006,"Minio–Paluello, L. 1949",825,orthographic_or_diacritic,15,a,8,15,a,8,Ἅμα,ἅμα,1,1,εἶναι,δὴ
tlg006,"Minio–Paluello, L. 1949",826,replace,15,a,8,15,a,8,δὴ,οὖν,1,1,Ἅμα,τῇ
tlg006,"Minio–Paluello, L. 1949",827,replace,15,a,10,15,a,10,ἐστι,ἐστιν,1,1,εἶναί,καὶ
tlg006,"Minio–Paluello, L. 1949",828,delete,15,a,14,15,a,14,ἡ,,1,0,ἀλλοίωσις,κατὰ
tlg006,"Minio–Paluello, L. 1949",829,orthographic_or_diacritic,15,a,15,15,a,15,Αἱ,αἱ,1,1,μεταβολή,μὲν
tlg006,"Minio–Paluello, L. 1949",830,replace,15,a,16,15,a,16,ὃ,οὐ,1,1,εἰσίν,γάρ
tlg006,"Minio–Paluello, L. 1949",831,replace,15,a,18,15,a,19,μή ποτε,μήποτε,2,1,ἀπορίαν,ἀναγκαῖον
tlg006,"Minio–Paluello, L. 1949",832,replace,15,a,20,15,a,20,δ,δὲ,1,1,τοῦτο,οὐκ
tlg006,"Minio–Paluello, L. 1949",833,replace,15,a,20,15,a,20,ἐστι,ἐστιν,1,1,ἀληθές,σχεδὸν
tlg006,"Minio–Paluello, L. 1949",834,replace,15,a,24,15,a,24,ὥστ,ὥσθ,1,1,ἄλλων,ἑτέρα
tlg006,"Minio–Paluello, L. 1949",835,orthographic_or_diacritic,15,a,26,15,a,26,αὕτη,αὐτή,1,1,ἡ,ἔδει
tlg006,"Minio–Paluello, L. 1949",836,replace,15,a,28,15,a,28,αὐξανόμενον,αὐξόμενον,1,1,τὸ,ἤ
tlg006,"Minio–Paluello, L. 1949",837,delete,15,a,29,15,a,29,ἔδει,,1,0,ἀλλοιοῦσθαι,ἀλλ
tlg006,"Minio–Paluello, L. 1949",838,replace,15,a,32,15,a,32,ὥστ,ὥσθ,1,1,τοιούτων,ἕτεραι
tlg006,"Minio–Paluello, L. 1949",839,orthographic_or_diacritic,15,b,1,15,b,1,ἠρεμία,ἠρεμίᾳ,1,1,κίνησις,ἐναντία
tlg006,"Minio–Paluello, L. 1949",840,replace,15,b,1,15,b,1,ἐναντία,ἐναντίον,1,1,ἠρεμία,ταῖς
tlg006,"Minio–Paluello, L. 1949",841,delete,15,b,2,15,b,2,καθ ἕκαστα αἱ,,3,0,δὲ,καθ
tlg006,"Minio–Paluello, L. 1949",842,orthographic_or_diacritic,15,b,2,15,b,2,φθορὰ,φθορά,1,1,μὲν,αὐξήσει
tlg006,"Minio–Paluello, L. 1949",843,delete,15,b,4,15,b,4,δ,,1,0,μάλιστα,ἔοικεν
tlg006,"Minio–Paluello, L. 1949",844,insert,15,b,4,15,b,4,,καὶ εἰ ἄρα,0,3,ἀντικεῖσθαι,ἡ
tlg006,"Minio–Paluello, L. 1949",845,replace,15,b,4,15,b,4,πρὸς,εἰς,1,1,ἡ,τὸν
tlg006,"Minio–Paluello, L. 1949",846,delete,15,b,5,15,b,5,δὲ,,1,0,τῇ,ἄνωθεν
tlg006,"Minio–Paluello, L. 1949",847,insert,15,b,6,15,b,6,,οὐ,0,1,κινήσεων,ῥᾴδιον
tlg006,"Minio–Paluello, L. 1949",848,replace,15,b,9,15,b,9,ἀντιτιθείη,ἀντιθείη,1,1,ἠρεμίαν,ἢ
tlg006,"Minio–Paluello, L. 1949",849,replace,15,b,9,15,b,9,τὴν,τὴ ν,1,2,ἢ,εἰς
tlg006,"Minio–Paluello, L. 1949",850,replace,15,b,9,15,b,9,τῷ ποιῷ μεταβολήν,τοῦ ποιοῦ μεταβολή ν,3,4,ἐναντίον,καθάπερ
tlg006,"Minio–Paluello, L. 1949",851,replace,15,b,11,15,b,11,τὸν,τὸ,1,1,εἰς,ἐναντίον
tlg006,"Minio–Paluello, L. 1949",852,replace,15,b,11,15,b,11,ἔχει,ἔστι,1,1,μεταβολήν,γὰρ
tlg006,"Minio–Paluello, L. 1949",853,replace,15,b,14,15,b,14,τῷ ποιῷ,τοῦ ποιοῦ,2,2,ἐναντίον,μεταβολή
tlg006,"Minio–Paluello, L. 1949",854,replace,15,b,14,15,b,14,γίνεσθαι,γίγνεσθαι,1,1,λευκὸν,τῷ
tlg006,"Minio–Paluello, L. 1949",855,replace,15,b,15,15,b,15,γίνεσθαι,γίγνεσθαι,1,1,μέλαν,ἀλλοιοῦται
tlg006,"Minio–Paluello, L. 1949",856,replace,15,b,16,15,b,16,τῷ ποιῷ,τοῦ ποιοῦ,2,2,ἐναντία,μεταβολῆς
tlg006,"Minio–Paluello, L. 1949",857,replace,15,b,16,15,b,16,γινομένης,γιγνομένης,1,1,μεταβολῆς,Τὸ
tlg006,"Minio–Paluello, L. 1949",858,delete,15,b,17,15,b,17,δὲ,,1,0,Τὸ,ἔχειν
tlg006,"Minio–Paluello, L. 1949",859,delete,15,b,19,15,b,19,καὶ,,1,0,γὰρ,ἐπιστήμην
tlg006,"Minio–Paluello, L. 1949",860,delete,15,b,19,15,b,19,τινὰ,,1,0,ἐπιστήμην,ἔχειν
tlg006,"Minio–Paluello, L. 1949",861,orthographic_or_diacritic,15,b,20,15,b,20,ὁ,ὃ,1,1,οἷον,τυγχάνει
tlg006,"Minio–Paluello, L. 1949",862,replace,15,b,24,15,b,24,τὰς πυρὰς,τοὺς πυροὺς,2,2,μέδιμνος,ἢ
tlg006,"Minio–Paluello, L. 1949",863,replace,15,b,25,15,b,25,πυρός,πυρούς,1,1,μέδιμνος,ταῦτ
tlg006,"Minio–Paluello, L. 1949",864,replace,15,b,26,15,b,26,ἐν πάντα,οὖν,2,1,ταῦτ,ἔχειν
tlg006,"Minio–Paluello, L. 1949",865,replace,15,b,27,15,b,27,ἢ,καὶ,1,1,οἰκίαν,ἀγρὸν
tlg006,"Minio–Paluello, L. 1949",866,orthographic_or_diacritic,15,b,28,15,b,28,Λεγόμεθα,λεγόμεθα,1,1,λεγόμεθα,δὲ
tlg006,"Minio–Paluello, L. 1949",867,replace,15,b,29,15,b,29,τῷ,τοῦ,1,1,τρόπος,ἔχειν
tlg006,"Minio–Paluello, L. 1949",868,insert,15,b,29,15,b,29,,εἶναι,0,1,ἔχειν,οὐδὲν
tlg006,"Minio–Paluello, L. 1949",869,orthographic_or_diacritic,15,b,31,15,b,31,Ἴσως,ἴσως,1,1,συνοικεῖ,δ
tlg006,"Minio–Paluello, L. 1949",870,orthographic_or_diacritic,15,b,31,15,b,31,ἄν,ἂν,1,1,δ,καὶ
tlg006,"Minio–Paluello, L. 1949",871,replace,15,b,31,15,b,31,φανεῖεν,φανείησαν,1,1,τινὲς,τοῦ
tlg013,Mugler 1966,1,replace,314,a,1,314,a,1,γινομένων,γενομένων,1,1,φύσει,καὶ
tlg013,Mugler 1966,2,replace,314,a,6,314,a,6,διώρισαι,διώρισται,1,1,ὥσπερ,καὶ
tlg013,Mugler 1966,3,orthographic_or_diacritic,314,a,6,314,a,6,τῶν,Τῶν,1,1,ὀνόμασιν,μὲν
tlg013,Mugler 1966,4,replace,314,a,7,314,a,7,ἕτερον,ἕτεροι,1,1,δ,ἀλλοίωσιν
tlg013,Mugler 1966,5,orthographic_or_diacritic,314,a,8,314,a,8,ὅσοι,Ὅσοι,1,1,γένεσιν,μὲν
tlg013,Mugler 1966,6,orthographic_or_diacritic,314,a,8,314,a,8,ἓν,ἕν,1,1,γὰρ,τι
tlg013,Mugler 1966,7,replace,314,a,9,314,a,9,γεννῶσιν,γεννῶσι,1,1,ἑνὸς,τούτοις
tlg013,Mugler 1966,8,replace,314,a,10,314,a,10,γιγνόμενον,γινόμενον,1,1,κυρίως,ἀλλοιοῦσθαι
tlg013,Mugler 1966,9,orthographic_or_diacritic,314,a,11,314,a,11,ὅσοι,Ὅσοι,1,1,ἀλλοιοῦσθαι,δὲ
tlg013,Mugler 1966,10,orthographic_or_diacritic,314,a,13,314,a,13,καίτοι,Καίτοι,1,1,ἕτερον,Ἀναξαγόρας
tlg013,Mugler 1966,11,replace,314,a,14,314,a,14,γὰρ,γοῦν,1,1,λέγει,ὡς
tlg013,Mugler 1966,12,replace,314,a,14,314,a,14,γίγνεσθαι,γίνεσθαι,1,1,τὸ,καὶ
tlg013,Mugler 1966,13,replace,314,a,17,314,a,17,κινόντων,κινούντων,1,1,τῶν,ἓξ
tlg013,Mugler 1966,14,orthographic_or_diacritic,314,a,18,314,a,18,ὁ,Ὁ,1,1,Δημόκριτος,μὲν
tlg013,Mugler 1966,15,replace,314,a,20,314,a,20,ἕκαστον,ἑκάστῳ,1,1,ὧν,συνώνυμον
tlg013,Mugler 1966,16,orthographic_or_diacritic,314,a,23,314,a,23,αὐτὰ,αὑτὰ,1,1,πρὸς,διαφέρειν
tlg013,Mugler 1966,17,replace,314,a,24,314,a,24,τῶν τοιούτων,τούτων,2,1,τάξει,ἐναντίως
tlg013,Mugler 1966,18,orthographic_or_diacritic,314,a,24,314,a,24,ἐναντίως,Ἐναντίως,1,1,τοιούτων,δὲ
tlg013,Mugler 1966,19,replace,314,a,29,314,b,1,παν καὶ σπερμίαν,πανσπερμίαν,3,1,σύνθετα,γὰρ
tlg013,Mugler 1966,20,orthographic_or_diacritic,314,b,1,314,b,1,τοῖς,Τοῖς,1,1,τούτων,μὲν
tlg013,Mugler 1966,21,replace,314,b,1,314,b,1,ἐν,οὖν,1,1,μὲν,ἐξ
tlg013,Mugler 1966,22,orthographic_or_diacritic,314,b,6,314,b,6,διὸ,Διὸ,1,1,φθορά,λέγει
tlg013,Mugler 1966,23,orthographic_or_diacritic,314,b,8,314,b,8,ὅτι,Ὅτι,1,1,μιγέντων,μὲν
tlg013,Mugler 1966,24,replace,314,b,9,314,b,9,ἐν οἰκείοις,οὖν οἰκεῖος,2,2,μὲν,ὁ
tlg013,Mugler 1966,25,replace,314,b,9,314,b,9,ὥτω,οὕτω,1,1,ὑποθέσει,φάναι
tlg013,Mugler 1966,26,orthographic_or_diacritic,314,b,12,314,b,12,τοῦτο,Τοῦτο,1,1,λεγόμενα,δ
tlg013,Mugler 1966,27,orthographic_or_diacritic,314,b,13,314,b,13,ὥσπερ,Ὥσπερ,1,1,συνιδεῖν,γὰρ
tlg013,Mugler 1966,28,replace,314,b,13,314,b,13,ἡρεμίας,ἠρεμούσης,1,1,ὁρῶμεν,τῆς
tlg013,Mugler 1966,29,orthographic_or_diacritic,314,b,15,314,b,15,οὐ,Οὐ,1,1,ἀλλοίωσιν,μὴν
tlg013,Mugler 1966,30,orthographic_or_diacritic,314,b,17,314,b,17,τὰ,Τὰ,1,1,ἀλλοιοῦσθαι,γὰρ
tlg013,Mugler 1966,31,orthographic_or_diacritic,314,b,17,314,b,17,ἃ,ἅ,1,1,καθ,φαμεν
tlg013,Mugler 1966,32,orthographic_or_diacritic,314,b,21,314,b,21,ἁπάντη,ἁπάντῃ,1,1,θερμὸν,ὄμβρον
tlg013,Mugler 1966,33,orthographic_or_diacritic,314,b,22,314,b,22,ὁμοίως,Ὁμοίως,1,1,τε,δὲ
tlg013,Mugler 1966,34,replace,314,b,23,314,b,23,ὡς,Ὥστ,1,1,λοιπῶν,εἴ
tlg013,Mugler 1966,35,orthographic_or_diacritic,314,b,23,314,b,23,εἴ,εἰ,1,1,ὡς,μὴ
tlg013,Mugler 1966,36,replace,314,b,24,314,b,24,οὐδὲ,οὐδὲν οὐδ,1,2,ἔσται,ἐκ
tlg013,Mugler 1966,37,replace,314,b,26,314,b,26,ἢ,Ἧι,1,1,ἀλλοίωσις,καὶ
tlg013,Mugler 1966,38,orthographic_or_diacritic,314,b,27,314,b,27,ἂν,ἄν,1,1,ὕλην,τε
tlg013,Mugler 1966,39,orthographic_or_diacritic,314,b,27,314,b,27,ἂν,ἄν,1,1,τόπον,τε
tlg013,Mugler 1966,40,orthographic_or_diacritic,314,b,28,314,b,28,ἂν,ἄν,1,1,φθίσιν,τε
tlg013,Mugler 1966,41,orthographic_or_diacritic,314,b,28,314,b,28,ἔτι,Ἔτι,1,1,ἀλλοίωσιν,δ
tlg013,Mugler 1966,42,orthographic_or_diacritic,315,a,1,315,a,1,ἐν,ἓν,1,1,ὑποκείμενον,στοιχεῖον
tlg013,Mugler 1966,43,delete,315,a,1,315,a,1,ἡ,,1,0,μία,πάντων
tlg013,Mugler 1966,44,orthographic_or_diacritic,315,a,3,315,a,3,ἓν,ἕν,1,1,ὑποκείμενον,ἔστιν
tlg013,Mugler 1966,45,replace,315,a,3,315,a,3,ἓν,οὖν,1,1,μὲν,ἔοικεν
tlg013,Mugler 1966,46,orthographic_or_diacritic,315,a,4,315,a,4,αὐτὸν,αὑτὸν,1,1,πρὸς,αὐτός
tlg013,Mugler 1966,47,orthographic_or_diacritic,315,a,4,315,a,4,ἅμα,Ἅμα,1,1,αὐτός,μὲν
tlg013,Mugler 1966,48,replace,315,a,5,315,a,5,ὅ,οὔ,1,1,γὰρ,φησιν
tlg013,Mugler 1966,49,replace,315,a,7,315,a,7,γίγνεσθαι,γίνεσθαι,1,1,ἑνὸς,πάλιν
tlg013,Mugler 1966,50,replace,315,a,8,315,a,8,ὡς,Ὥστ,1,1,ἕκαστον,ἐξ
tlg013,Mugler 1966,51,orthographic_or_diacritic,315,a,9,315,a,9,τισὶ,τισι,1,1,διαφοραῖς,χωριζομένων
tlg013,Mugler 1966,52,replace,315,a,11,315,a,11,ἐν τέτων,οὖν τούτων,2,2,ἀφαιρουμένων,τῶν
tlg013,Mugler 1966,53,orthographic_or_diacritic,315,a,12,315,a,12,γε,γἐ,1,1,γενόμεναί,δῆλον
tlg013,Mugler 1966,54,replace,315,a,14,315,a,14,ἃ,οὐ,1,1,ἕκαστον,τότε
tlg013,Mugler 1966,55,orthographic_or_diacritic,315,a,15,315,a,15,ἔστι,Ἔστι,1,1,πάθεσιν,δ
tlg013,Mugler 1966,56,orthographic_or_diacritic,315,a,17,315,a,17,διόπερ,Διόπερ,1,1,φιλίας,καὶ
tlg013,Mugler 1966,57,delete,315,a,19,315,a,19,ἔτι,,1,0,ὕδωρ,ὄντα
tlg013,Mugler 1966,58,orthographic_or_diacritic,315,a,19,315,a,19,ἐν,ἓν,1,1,ὄντα,ἦν
tlg013,Mugler 1966,59,orthographic_or_diacritic,315,a,19,315,a,19,ἄδηλον,Ἄδηλον,1,1,πᾶν,δὲ
tlg013,Mugler 1966,60,replace,315,a,21,315,a,21,τέτων ἢ,τούτων Ἧι,2,2,σύστοιχα,μὲν
tlg013,Mugler 1966,61,replace,315,a,22,315,a,22,ἑ,οὗ,1,1,ἐξ,μεταβάλλοντα
tlg013,Mugler 1966,62,orthographic_or_diacritic,315,a,23,315,a,23,ἣ,ᾗ,1,1,στοιχεῖον,δὲ
tlg013,Mugler 1966,63,replace,315,a,23,315,a,23,τότο,τοῦτο,1,1,δὲ,μὲν
tlg013,Mugler 1966,64,replace,315,a,23,315,a,23,γίγνεται,γίνεται,1,1,συνθέσεως,συνιόντων
tlg013,Mugler 1966,65,replace,315,a,24,315,a,24,στοιχειωδέσερα,στοιχειωδέστερα,1,1,διαλύσεως,ἐκεῖνα
tlg013,Mugler 1966,66,orthographic_or_diacritic,315,a,27,315,a,27,ἐστίν,ἔστιν,1,1,πῶς,καὶ
tlg013,Mugler 1966,67,replace,315,a,29,315,a,29,ἐσκόπευτο,ἐσκέψατο,1,1,γενέσεως,καὶ
tlg013,Mugler 1966,68,replace,315,a,32,315,a,32,ὥστε,οὔτε,1,1,ἔτι,περὶ
tlg013,Mugler 1966,69,replace,315,a,33,315,a,33,ὥστε,οὔτε,1,1,ἀλλοιώσεως,περὶ
tlg013,Mugler 1966,70,orthographic_or_diacritic,315,a,34,315,a,34,ὅλως,Ὅλως,1,1,πράγμασιν,δὲ
tlg013,Mugler 1966,71,replace,315,a,35,315,a,35,ὅτος,Οὗτος,1,1,Δημοκρίτου,δ
tlg013,Mugler 1966,72,replace,315,b,1,315,b,1,διαφέρει,διαφέρειν,1,1,πῶς,οὔτε
tlg013,Mugler 1966,73,orthographic_or_diacritic,315,b,1,315,b,1,οὔτε,Οὔτε,1,1,διαφέρει,γὰρ
tlg013,Mugler 1966,74,replace,315,b,2,315,b,2,καὶ,κἂν,1,1,μὴ,ὁ
tlg013,Mugler 1966,75,replace,315,b,3,315,b,3,αὔξονται,αὐξάνονται,1,1,προσιόντος,τῷ
tlg013,Mugler 1966,76,replace,315,b,3,315,b,3,ἀκέτι,οὐκέτἰ,1,1,τοῦτο,οὐδὲ
tlg013,Mugler 1966,77,replace,315,b,4,315,b,4,οὐδὲ,οὔτε,1,1,μίξεως,περὶ
tlg013,Mugler 1966,78,replace,315,b,5,315,b,5,τὸ,τοῦ,1,1,οἷον,ποιεῖν
tlg013,Mugler 1966,79,replace,315,b,5,315,b,5,τὸ,τοῦ,1,1,καὶ,πάσχειν
tlg013,Mugler 1966,80,orthographic_or_diacritic,315,b,9,315,b,9,φθορὰν,φθοράν,1,1,καὶ,τάξει
tlg013,Mugler 1966,81,orthographic_or_diacritic,315,b,9,315,b,9,ἐπεὶ,Ἐπεὶ,1,1,ἀλλοίωσιν,δ
tlg013,Mugler 1966,82,orthographic_or_diacritic,315,b,9,315,b,9,τὰληθὲς,τἀληθὲς,1,1,ᾤοντο,ἐν
tlg013,Mugler 1966,83,replace,315,b,12,315,b,12,τῷ συγκειμένῳ,τοῦ συγκειμένου,2,2,μεταβολαῖς,τὸ
tlg013,Mugler 1966,84,orthographic_or_diacritic,315,b,15,315,b,15,ἐπεὶ,Ἐπεὶ,1,1,γραμμάτων,δὲ
tlg013,Mugler 1966,85,replace,315,b,18,315,b,18,ἐπισκέψασθαι,ἐπιστήσασι,1,1,τούτων,θεωρητέον
tlg013,Mugler 1966,86,orthographic_or_diacritic,315,b,19,315,b,19,ἀπορίας,Ἀπορίας,1,1,θεωρητέον,γὰρ
tlg013,Mugler 1966,87,orthographic_or_diacritic,315,b,20,315,b,20,εἰ,Εἰ,1,1,εὐλόγους,μὲν
tlg013,Mugler 1966,88,insert,315,b,21,315,b,21,,οὐκ,0,1,καὶ,εὔποροι
tlg013,Mugler 1966,89,orthographic_or_diacritic,315,b,22,315,b,22,εἴτε,Εἴτε,1,1,ἔχειν,μὴ
tlg013,Mugler 1966,90,orthographic_or_diacritic,315,b,22,315,b,22,μὴ,μή,1,1,εἴτε,ἔστι
tlg013,Mugler 1966,91,orthographic_or_diacritic,315,b,22,315,b,22,ἔστι,ἐστι,1,1,μὴ,σύγκρισις
tlg013,Mugler 1966,92,orthographic_or_diacritic,315,b,24,315,b,24,ἀρχὴ,Ἀρχὴ,1,1,πειρατέον,δὲ
tlg013,Mugler 1966,93,orthographic_or_diacritic,315,b,25,315,b,25,αὔξάνεται,αὐξάνεται,1,1,καὶ,τὰ
tlg013,Mugler 1966,94,orthographic_or_diacritic,315,b,28,315,b,28,καὶ,Καὶ,1,1,πλεῖστον,πάλιν
tlg013,Mugler 1966,95,orthographic_or_diacritic,315,b,30,315,b,30,τοῦτο,Τοῦτο,1,1,ἐπίπεδα,μὲν
tlg013,Mugler 1966,96,orthographic_or_diacritic,315,b,30,315,b,30,αὐτὸ,αὐτό,1,1,οὖν,καθάπερ
tlg013,Mugler 1966,97,orthographic_or_diacritic,315,b,32,315,b,32,διὸ,Διὸ,1,1,διαλῦσαι,μᾶλλον
tlg013,Mugler 1966,98,orthographic_or_diacritic,315,b,33,315,b,33,ἀλλὰ,Ἀλλὰ,1,1,ἀδιαίρετα,καὶ
tlg013,Mugler 1966,99,orthographic_or_diacritic,315,b,33,315,b,33,ὅμως,Ὅμως,1,1,ἀλογίαν,δὲ
tlg013,Mugler 1966,100,orthographic_or_diacritic,315,b,35,315,b,35,διαθίγῇ,διαθιγῇ,1,1,καὶ,μετακινῶντα
tlg013,Mugler 1966,101,replace,315,b,35,315,b,35,μετακινῶντα,μετακινοῦντα,1,1,διαθίγῇ,τὸ
tlg013,Mugler 1966,102,replace,315,b,35,316,a,1,σχη μάτων,σχημάτων,2,1,τῶν,διαφοραῖς
tlg013,Mugler 1966,103,orthographic_or_diacritic,316,a,1,316,a,1,διὸ,Διὸ,1,1,Δημόκριτος,καὶ
tlg013,Mugler 1966,104,replace,316,a,2,316,a,2,ἃ,οὔ,1,1,χροιὰν,φησιν
tlg013,Mugler 1966,105,orthographic_or_diacritic,316,a,2,316,a,2,τοῖς,Τοῖς,1,1,χρωματίζεσθαι,δ
tlg013,Mugler 1966,106,replace,316,a,3,316,a,3,διαιρεῖν,διαιροῦσιν,1,1,ἐπίπεδα,οὐκέτι
tlg013,Mugler 1966,107,replace,316,a,4,316,a,4,ἐγχειρεῖσι,ἐγχειροῦσι,1,1,οὐδ,γεννᾶν
tlg013,Mugler 1966,108,orthographic_or_diacritic,316,a,4,316,a,4,αὑτῶν,αὐτῶν,1,1,ἐξ,αἴτιον
tlg013,Mugler 1966,109,orthographic_or_diacritic,316,a,5,316,a,5,αἴτιον,Αἴτιον,1,1,αὑτῶν,δὲ
tlg013,Mugler 1966,110,replace,316,a,5,316,a,5,τὸ,τοῦ,1,1,δὲ,ἐπ
tlg013,Mugler 1966,111,orthographic_or_diacritic,316,a,6,316,a,6,διὸ,Διὸ,1,1,ἀπειρία,ὅσοι
tlg013,Mugler 1966,112,orthographic_or_diacritic,316,a,6,316,a,6,ἐνωκήκασι,ἐνῳκήκασι,1,1,ὅσοι,μᾶλλον
tlg013,Mugler 1966,113,orthographic_or_diacritic,316,a,10,316,a,10,ἴδοι,Ἴδοι,1,1,ῥᾷον,δ
tlg013,Mugler 1966,114,replace,316,a,11,316,a,11,τὸ,τοῦ,1,1,γὰρ,ἄτομα
tlg013,Mugler 1966,115,orthographic_or_diacritic,316,a,14,316,a,14,δῆλον,Δῆλον,1,1,πεπεῖσθαι,δ
tlg013,Mugler 1966,116,orthographic_or_diacritic,316,a,14,316,a,14,προϊοῦσιν,προιοῦσιν,1,1,λέγομεν,ἔχει
tlg013,Mugler 1966,117,orthographic_or_diacritic,316,a,14,316,a,14,ἔχει,Ἔχει,1,1,προϊοῦσιν,γὰρ
tlg013,Mugler 1966,118,orthographic_or_diacritic,316,a,15,316,a,15,πάντη,πάντῃ,1,1,μέγεθος,διαιρετόν
tlg013,Mugler 1966,119,orthographic_or_diacritic,316,a,16,316,a,16,τί,Τί,1,1,δυνατόν,γὰρ
tlg013,Mugler 1966,120,orthographic_or_diacritic,316,a,17,316,a,17,πάντη,πάντῃ,1,1,γὰρ,διαιρετόν
tlg013,Mugler 1966,121,orthographic_or_diacritic,316,a,18,316,a,18,πάντη,πάντῃ,1,1,τοῦτο,διῃρημένον
tlg013,Mugler 1966,122,orthographic_or_diacritic,316,a,19,316,a,19,οὐκοῦν,Οὐκοῦν,1,1,ἀδύνατον,καὶ
tlg013,Mugler 1966,123,orthographic_or_diacritic,316,a,20,316,a,20,δὲ,δέ,1,1,ὅλως,εἰ
tlg013,Mugler 1966,124,orthographic_or_diacritic,316,a,20,316,a,20,πάντη,πάντῃ,1,1,εἰ,πέφυκε
tlg013,Mugler 1966,125,replace,316,a,21,316,a,21,κἂν,ἂν,1,1,διαιρετόν,διαιρεθῇ
tlg013,Mugler 1966,126,orthographic_or_diacritic,316,a,23,316,a,23,ἐπεὶ,Ἐπεὶ,1,1,διέλοι,τοίνυν
tlg013,Mugler 1966,127,orthographic_or_diacritic,316,a,23,316,a,23,πάντη,πάντῃ,1,1,τοίνυν,τοιοῦτόν
tlg013,Mugler 1966,128,orthographic_or_diacritic,316,a,24,316,a,24,τί,Τί,1,1,διῃρήσθω,ἂν
tlg013,Mugler 1966,129,replace,316,a,24,316,a,24,ἂν,οὖν,1,1,τί,ἔσται
tlg013,Mugler 1966,130,replace,316,a,24,316,a,24,ἢ,οὐ,1,1,μέγεθος,γὰρ
tlg013,Mugler 1966,131,delete,316,a,24,316,a,24,οὐχ,,1,0,γὰρ,οἷόν
tlg013,Mugler 1966,132,replace,316,a,25,316,a,25,ὃ,οὐ,1,1,τι,διῃρημένον
tlg013,Mugler 1966,133,orthographic_or_diacritic,316,a,25,316,a,25,πάντη,πάντῃ,1,1,δὲ,διαιρετόν
tlg013,Mugler 1966,134,orthographic_or_diacritic,316,a,25,316,a,25,ἀλλὰ,Ἀλλὰ,1,1,διαιρετόν,μὴν
tlg013,Mugler 1966,135,orthographic_or_diacritic,316,a,25,316,a,25,εἴ,εἰ,1,1,μὴν,μηδὲν
tlg013,Mugler 1966,136,replace,316,a,27,316,a,27,σημείων,στιγμῶν,1,1,ἐκ,ἔσται
tlg013,Mugler 1966,137,orthographic_or_diacritic,316,a,29,316,a,29,ὁμοίως,Ὁμοίως,1,1,φαινόμενον,δὲ
tlg013,Mugler 1966,138,orthographic_or_diacritic,316,a,30,316,a,30,ὁπότε,Ὁπότε,1,1,ποσόν,γὰρ
tlg013,Mugler 1966,139,orthographic_or_diacritic,316,a,30,316,a,30,ἐν,ἓν,1,1,καὶ,ἦν
tlg013,Mugler 1966,140,orthographic_or_diacritic,316,a,31,316,a,31,διαιρεθέντος,Διαιρεθέντος,1,1,πᾶν,γὰρ
tlg013,Mugler 1966,141,replace,316,a,33,316,a,33,τὸ,τοῦ,1,1,πᾶν,πρότερον
tlg013,Mugler 1966,142,orthographic_or_diacritic,316,a,34,316,a,34,ἀλλὰ,Ἀλλὰ,1,1,μέγεθος,μὴν
tlg013,Mugler 1966,143,replace,316,a,34,316,b,1,ἔκκρισμα ιὰν,ἔκπρισμα,2,1,οἷον,γίνεται
tlg013,Mugler 1966,144,replace,316,b,1,316,b,1,τῶ,τοῦ,1,1,γίνεται,σώματος
tlg013,Mugler 1966,145,orthographic_or_diacritic,316,b,2,316,b,2,εἰ,Εἰ,1,1,διαιρετόν,δὲ
tlg013,Mugler 1966,146,orthographic_or_diacritic,316,b,4,316,b,4,ἀφαὶ,ἁφαὶ,1,1,ἢ,τοδὶ
tlg013,Mugler 1966,147,orthographic_or_diacritic,316,b,5,316,b,5,ἔτι,Ἔτι,1,1,εἶναι,δὲ
tlg013,Mugler 1966,148,orthographic_or_diacritic,316,b,6,316,b,6,ἀφή,ἁφή,1,1,στιγμαί,τε
tlg013,Mugler 1966,149,orthographic_or_diacritic,316,b,6,316,b,6,τινῶν,τινων,1,1,δυοῖν,ὡς
tlg013,Mugler 1966,150,orthographic_or_diacritic,316,b,7,316,b,7,ἀφὴν,ἁφὴν,1,1,τὴν,καὶ
tlg013,Mugler 1966,151,orthographic_or_diacritic,316,b,8,316,b,8,εἰ,Εἰ,1,1,στιγμήν,δή
tlg013,Mugler 1966,152,orthographic_or_diacritic,316,b,8,316,b,8,πάντη,πάντῃ,1,1,εἶναι,διαιρετόν
tlg013,Mugler 1966,153,orthographic_or_diacritic,316,b,9,316,b,9,ἔτι,Ἔτι,1,1,συμβαίνει,ἐὰν
tlg013,Mugler 1966,154,orthographic_or_diacritic,316,b,10,316,b,10,ἢ,ἤ,1,1,ξύλον,τι
tlg013,Mugler 1966,155,replace,316,b,10,316,b,10,εἰσὶν,Οὐκοῦν,1,1,ἕν,οὕτως
tlg013,Mugler 1966,156,orthographic_or_diacritic,316,b,11,316,b,11,πάντη,Πάντῃ,1,1,σημεῖον,ἄρα
tlg013,Mugler 1966,157,orthographic_or_diacritic,316,b,12,316,b,12,τί,Τί,1,1,δυνάμει,ἂν
tlg013,Mugler 1966,158,replace,316,b,12,316,b,12,ἂν,οὖν,1,1,τί,ἔστι
tlg013,Mugler 1966,159,orthographic_or_diacritic,316,b,15,316,b,15,ἀφῶν,ἁφῶν,1,1,ἐξ,ἢ
tlg013,Mugler 1966,160,orthographic_or_diacritic,316,b,16,316,b,16,οὐ,Οὐ,1,1,μεγέθη,μὴν
tlg013,Mugler 1966,161,replace,316,b,17,316,b,17,ἀδύνατον,ἀδύνατα,1,1,συμβαίνει,ἔσκεπται
tlg013,Mugler 1966,162,orthographic_or_diacritic,316,b,17,316,b,17,ἔσκεπται,Ἔσκεπται,1,1,ἀδύνατον,δὲ
tlg013,Mugler 1966,163,orthographic_or_diacritic,316,b,18,316,b,18,ἀλλὰ,Ἀλλὰ,1,1,ἑτέροις,ταῦτα
tlg013,Mugler 1966,164,orthographic_or_diacritic,316,b,19,316,b,19,τὸ,Τὸ,1,1,λεκτέον,μὲν
tlg013,Mugler 1966,165,replace,316,b,19,316,b,19,ἓν,οὖν,1,1,μὲν,ἅπαν
tlg013,Mugler 1966,166,orthographic_or_diacritic,316,b,21,316,b,21,τὸ,Τὸ,1,1,ὑπάρξει,δ
tlg013,Mugler 1966,167,orthographic_or_diacritic,316,b,22,316,b,22,πάντη,πάντῃ,1,1,ἅμα,διαιρετὸν
tlg013,Mugler 1966,168,orthographic_or_diacritic,316,b,22,316,b,22,ἄν,ἂν,1,1,δόξειεν,εἶναι
tlg013,Mugler 1966,169,orthographic_or_diacritic,316,b,23,316,b,23,εἰ,Εἰ,1,1,εἶναι,γὰρ
tlg013,Mugler 1966,170,orthographic_or_diacritic,316,b,25,316,b,25,οὐδὲν,Οὐδὲν,1,1,σημεῖον,ἄρα
tlg013,Mugler 1966,171,delete,316,b,25,316,b,25,εἰς,,1,0,καὶ,ἀσώματον
tlg013,Mugler 1966,172,replace,316,b,26,316,b,26,γένοιτο,γίνοιτο,1,1,καὶ,δ
tlg013,Mugler 1966,173,orthographic_or_diacritic,316,b,27,316,b,27,καὶ,Καὶ,1,1,οὐδενός,τοῦτο
tlg013,Mugler 1966,174,orthographic_or_diacritic,316,b,29,316,b,29,οὔτε,Οὔτε,1,1,φανερόν,δὴ
tlg013,Mugler 1966,175,replace,316,b,30,316,b,30,διαιρῶντι,διαιροῦντι,1,1,μέρος,εἴη
tlg013,Mugler 1966,176,replace,316,b,30,316,b,30,ὥστε,οὔτε,1,1,θρύψις,ἅμα
tlg013,Mugler 1966,177,orthographic_or_diacritic,316,b,32,316,b,32,ἀνάγκη,Ἀνάγκη,1,1,του,ἄρα
tlg013,Mugler 1966,178,orthographic_or_diacritic,316,b,33,316,b,33,ἢ,ἡ,1,1,φθορὰ,μὲν
tlg013,Mugler 1966,179,orthographic_or_diacritic,316,b,34,316,b,34,ἢ,ἡ,1,1,διακρίσει,δὲ
tlg013,Mugler 1966,180,orthographic_or_diacritic,316,b,34,316,b,34,ὁ,Ὁ,1,1,συγκρίσει,μὲν
tlg013,Mugler 1966,181,replace,316,b,34,316,b,34,ἂν,οὖν,1,1,μὲν,ἀναγκαζεῖν
tlg013,Mugler 1966,182,orthographic_or_diacritic,316,b,34,316,b,34,ἀναγκαζεῖν,ἀναγκάζειν,1,1,ἂν,δοκῶν
tlg013,Mugler 1966,183,replace,317,a,1,317,a,1,ἕστως ἐσίν,οὗτός ἐστιν,2,2,ἄτομα,ὅτι
tlg013,Mugler 1966,184,replace,317,a,1,317,a,1,λαμβάνει,λανθάνει,1,1,δὲ,πάραλογιζόμενος
tlg013,Mugler 1966,185,orthographic_or_diacritic,317,a,1,317,a,1,πάραλογιζόμενος,παραλογιζόμενος,1,1,λαμβάνει,καὶ
tlg013,Mugler 1966,186,replace,317,a,2,317,a,2,λαμβάνει,λανθάνει,1,1,ᾗ,λέγωμεν
tlg013,Mugler 1966,187,orthographic_or_diacritic,317,a,2,317,a,2,ἐπεὶ,Ἐπεὶ,1,1,λέγωμεν,γὰρ
tlg013,Mugler 1966,188,replace,317,a,2,317,a,3,ἐκ ἐςι σιγμὴ σιγμῆς,οὐκ ἔστι στιγμὴ στιγμῆς,4,4,γὰρ,ἐχομένη
tlg013,Mugler 1966,189,orthographic_or_diacritic,317,a,3,317,a,3,πάντη,πάντῃ,1,1,τὸ,εἶναι
tlg013,Mugler 1966,190,replace,317,a,3,317,a,3,ἐςι,ἔστι,1,1,διαιρετὸν,μὲν
tlg013,Mugler 1966,191,replace,317,a,4,317,a,4,ἐςι,ἔστι,1,1,μεγέθεσιν,δ
tlg013,Mugler 1966,192,orthographic_or_diacritic,317,a,4,317,a,4,δοκεῖ,Δοκεῖ,1,1,οὔ,δ
tlg013,Mugler 1966,193,orthographic_or_diacritic,317,a,5,317,a,5,πάντη,πάντῃ,1,1,καὶ,σιγμὴν
tlg013,Mugler 1966,194,replace,317,a,5,317,a,5,σιγμὴν,στιγμὴν,1,1,πάντη,εἶναι
tlg013,Mugler 1966,195,replace,317,a,5,317,a,5,ὡς,ὥστ,1,1,εἶναι,ἀναγκαῖον
tlg013,Mugler 1966,196,delete,317,a,5,317,a,5,μὴ,,1,0,ἀναγκαῖον,εἶναι
tlg013,Mugler 1966,197,orthographic_or_diacritic,317,a,6,317,a,6,πάντη,πάντῃ,1,1,μηδέν,γὰρ
tlg013,Mugler 1966,198,replace,317,a,7,317,a,7,σιγμήν ὥσε,στιγμήν ὥστε,2,2,εἶναι,ἢ
tlg013,Mugler 1966,199,orthographic_or_diacritic,317,a,7,317,a,7,ἀφῶν,ἁφῶν,1,1,ἐξ,ἢ
tlg013,Mugler 1966,200,replace,317,a,7,317,a,7,σιγμῶν,στιγμῶν,1,1,ἐκ,εἶναι
tlg013,Mugler 1966,201,orthographic_or_diacritic,317,a,7,317,a,7,τὸ,Τὸ,1,1,εἶναι,δ
tlg013,Mugler 1966,202,replace,317,a,7,317,a,7,ἐςιν,ἐστὶν,1,1,δ,ὡς
tlg013,Mugler 1966,203,orthographic_or_diacritic,317,a,8,317,a,8,πάντη,πάντῃ,1,1,ὑπάρχει,ὅτι
tlg013,Mugler 1966,204,replace,317,a,8,317,a,8,ἐςί,ἐστι,1,1,ὁπῃοῦν,καὶ
tlg013,Mugler 1966,205,replace,317,a,8,317,a,9,ἑκάση πλείς,ἑκάστη πλείους,2,2,ὡς,δὲ
tlg013,Mugler 1966,206,replace,317,a,9,317,a,9,ἐκ,οὐκ,1,1,μιᾶς,εἰσίν
tlg013,Mugler 1966,207,replace,317,a,9,317,a,9,ἐκ,οὐκ,1,1,γὰρ,εἰσίν
tlg013,Mugler 1966,208,replace,317,a,9,317,a,9,ὡς ἡ,ὥστ οὐ,2,2,εἰσίν,πάντη
tlg013,Mugler 1966,209,orthographic_or_diacritic,317,a,9,317,a,9,πάντη,πάντῃ,1,1,ἡ,εἰ
tlg013,Mugler 1966,210,replace,317,a,11,317,a,11,ἔσαι,ἔσται,1,1,στιγμὴν,διαιρετόν
tlg013,Mugler 1966,211,replace,317,a,12,317,a,12,σιγμὴ σιγμῆς,στιγμὴ στιγμῆς,2,2,ἢ,τοῦτο
tlg013,Mugler 1966,212,orthographic_or_diacritic,317,a,12,317,a,12,τοῦτο,Τοῦτο,1,1,σιγμῆς,δ
tlg013,Mugler 1966,213,replace,317,a,12,317,a,12,ἐςὶ,ἐστὶ,1,1,δ,διαίρεσις
tlg013,Mugler 1966,214,orthographic_or_diacritic,317,a,12,317,a,12,ὥστ,Ὥστ,1,1,σύνθεσις,ἐςὶ
tlg013,Mugler 1966,215,replace,317,a,12,317,a,12,ἐςὶ,ἔστι,1,1,ὥστ,καὶ
tlg013,Mugler 1966,216,orthographic_or_diacritic,317,a,14,317,a,14,ἀδύνατα,ἀδύνατἀ,1,1,τὰ,οὔτε
tlg013,Mugler 1966,217,insert,317,a,14,317,a,14,,οὕτως,0,1,οὔτε,ὥστε
tlg013,Mugler 1966,218,orthographic_or_diacritic,317,a,14,317,a,14,πάντη,πάντῃ,1,1,ὥστε,διαίρεσιν
tlg013,Mugler 1966,219,replace,317,a,16,317,a,16,τῶτ,τοῦτ,1,1,στιγμῆς,ἂν
tlg013,Mugler 1966,220,replace,317,a,16,317,a,16,ἐςί,ἐστί,1,1,ἐλάττω,καὶ
tlg013,Mugler 1966,221,orthographic_or_diacritic,317,a,17,317,a,17,ἀλλ,Ἀλλ,1,1,ἐλαττόνων,οὐχ
tlg013,Mugler 1966,222,orthographic_or_diacritic,317,a,19,317,a,19,ἀλλὰ,Ἀλλὰ,1,1,ἀλλοίωσιν,τοῦτ
tlg013,Mugler 1966,223,replace,317,a,19,317,a,19,ἐςὶν,ἔστιν,1,1,τοῦτ,ἐν
tlg013,Mugler 1966,224,replace,317,a,20,317,a,20,ἐςι,Ἔστι,1,1,πάντα,γὰρ
tlg013,Mugler 1966,225,replace,317,a,21,317,a,21,μεταβάλῃ,μεταβάλλῃ,1,1,ὅταν,ἐκ
tlg013,Mugler 1966,226,orthographic_or_diacritic,317,a,22,317,a,22,οἱ,Οἱ,1,1,ὅλον,δὲ
tlg013,Mugler 1966,227,orthographic_or_diacritic,317,a,23,317,a,23,ἐν,Ἐν,1,1,διαφέρει,γὰρ
tlg013,Mugler 1966,228,orthographic_or_diacritic,317,a,24,317,a,24,μὲν,μέν,1,1,τὸ,ἐςι
tlg013,Mugler 1966,229,replace,317,a,24,317,a,24,ἐςι,ἐστι,1,1,μὲν,κατὰ
tlg013,Mugler 1966,230,orthographic_or_diacritic,317,a,25,317,a,25,ὅταν,Ὅταν,1,1,ὕλην,μὲν
tlg013,Mugler 1966,231,orthographic_or_diacritic,317,a,27,317,a,27,διακρινόμενα,Διακρινόμενα,1,1,ἀλλοίωσις,δὲ
tlg013,Mugler 1966,232,orthographic_or_diacritic,317,a,28,317,a,28,ἐὰν,Ἐὰν,1,1,γίνεται,μὲν
tlg013,Mugler 1966,233,orthographic_or_diacritic,317,a,29,317,a,29,μᾶλλον,Μᾶλλον,1,1,βραδύτερον,δ
tlg013,Mugler 1966,234,replace,317,a,30,317,a,30,ὕσερον,ὕστερον,1,1,τοῖς,νῦν
tlg013,Mugler 1966,235,orthographic_or_diacritic,317,a,30,317,a,30,νῦν,Νῦν,1,1,ὕσερον,δὲ
tlg013,Mugler 1966,236,replace,317,a,32,317,a,32,τέτων,τούτων,1,1,δὲ,πρῶτον
tlg013,Mugler 1966,237,replace,317,a,32,317,a,32,ἐςι,ἐστί,1,1,πότερόν,τι
tlg013,Mugler 1966,238,orthographic_or_diacritic,317,a,34,317,a,34,ὑγιαίνον,ὑγιαῖνον,1,1,κάμνοντος,καὶ
tlg013,Mugler 1966,239,orthographic_or_diacritic,317,b,1,317,b,1,μεγά,μέγα,1,1,καὶ,ἐκ
tlg013,Mugler 1966,240,orthographic_or_diacritic,317,b,1,317,b,1,εἰ,Εἰ,1,1,τρόπον,γὰρ
tlg013,Mugler 1966,241,orthographic_or_diacritic,317,b,2,317,b,2,ἂν,ἄν,1,1,ἁπλῶς,γίνοιτο
tlg013,Mugler 1966,242,insert,317,b,2,317,b,2,,τι,0,1,ἂν,γίνοιτο
tlg013,Mugler 1966,243,replace,317,b,3,317,b,3,ὡς,ὥστ,1,1,ὄντος,ἀληθὲς
tlg013,Mugler 1966,244,orthographic_or_diacritic,317,b,3,317,b,3,τὶς,Τὶς,1,1,ὄν,μὲν
tlg013,Mugler 1966,245,orthographic_or_diacritic,317,b,5,317,b,5,τὸ,Τὸ,1,1,ὄντος,δ
tlg013,Mugler 1966,246,orthographic_or_diacritic,317,b,7,317,b,7,εἰ,Εἰ,1,1,περιέχον,μὲν
tlg013,Mugler 1966,247,replace,317,b,8,317,b,8,ᾧ,Ὧι,1,1,οὐσίας,δὲ
tlg013,Mugler 1966,248,insert,317,b,9,317,b,9,,τὸ,0,1,μηδὲ,τόδε
tlg013,Mugler 1966,249,replace,317,b,10,317,b,10,ὅτε,οὔτε,1,1,οἷον,ποιὸν
tlg013,Mugler 1966,250,replace,317,b,10,317,b,10,ὅτε,οὔτε,1,1,ποιὸν,ποσὸν
tlg013,Mugler 1966,251,replace,317,b,10,317,b,10,ὅτε,οὔτε,1,1,ποσὸν,τὸ
tlg013,Mugler 1966,252,orthographic_or_diacritic,317,b,10,317,b,10,πού,ποῦ,1,1,τὸ,χωρὶς
tlg013,Mugler 1966,253,replace,317,b,10,317,b,10,χωρὶς,χωριστὰ,1,1,πού,γὰρ
tlg013,Mugler 1966,254,orthographic_or_diacritic,317,b,11,317,b,11,εἰ,Εἰ,1,1,οὐσιῶν,δέ
tlg013,Mugler 1966,255,orthographic_or_diacritic,317,b,11,317,b,11,δέ,δὲ,1,1,εἰ,τὸ
tlg013,Mugler 1966,256,orthographic_or_diacritic,317,b,13,317,b,13,περὶ,Περὶ,1,1,γινόμενον,μὲν
tlg013,Mugler 1966,257,orthographic_or_diacritic,317,b,17,317,b,17,προϋπάρχειν,προυπάρχειν,1,1,ἀνάγκη,λεγόμενον
tlg013,Mugler 1966,258,orthographic_or_diacritic,317,b,18,317,b,18,ὃ,Ὃ,1,1,ἀμφοτέρως,δὲ
tlg013,Mugler 1966,259,replace,317,b,19,317,b,19,ἐπαναποδίσεον,ἐπαναποδιστέον,1,1,πάλιν,πῶς
tlg013,Mugler 1966,260,replace,317,b,20,317,b,20,ἔσται,οὖσα,1,1,ὄντος,εἴτε
tlg013,Mugler 1966,261,orthographic_or_diacritic,317,b,20,317,b,20,καὶ,καί,1,1,εἴτε,πως
tlg013,Mugler 1966,262,orthographic_or_diacritic,317,b,20,317,b,20,ἀπορήσειε,Ἀπορήσειε,1,1,ἄλλως,γὰρ
tlg013,Mugler 1966,263,replace,317,b,21,317,b,21,τὸ τόδε,τοῦ τοῦδε,2,2,καὶ,ἀλλὰ
tlg013,Mugler 1966,264,orthographic_or_diacritic,317,b,22,317,b,22,τὸν,Τὸν,1,1,ποῦ,αὐτὸν
tlg013,Mugler 1966,265,orthographic_or_diacritic,317,b,23,317,b,23,εἰ,Εἰ,1,1,φθορᾶς,γάρ
tlg013,Mugler 1966,266,orthographic_or_diacritic,317,b,25,317,b,25,πότερον,Πότερον,1,1,φθειρόμενον,οὖν
tlg013,Mugler 1966,267,orthographic_or_diacritic,317,b,27,317,b,27,ποὺ,ποῦ,1,1,ἢ,τὸ
tlg013,Mugler 1966,268,replace,317,b,28,317,b,28,χωρισόν,χωριστόν,1,1,δυνάμει,τε
tlg013,Mugler 1966,269,orthographic_or_diacritic,317,b,31,317,b,31,προϋπάρχοντος,προυπάρχοντος,1,1,γίνεσθαι,εἰ
tlg013,Mugler 1966,270,replace,317,b,33,317,b,33,χωρὶς,χωριστὰ,1,1,εἴπομεν,τὰ
tlg013,Mugler 1966,271,orthographic_or_diacritic,317,b,33,317,b,33,περὶ,Περί,1,1,οὐσιῶν,τε
tlg013,Mugler 1966,272,replace,317,b,34,317,b,34,ἐν,οὖν,1,1,τούτων,ὅσον
tlg013,Mugler 1966,273,replace,318,a,1,318,a,1,ὄσης,Οὔσης,1,1,μέρος,δ
tlg013,Mugler 1966,274,orthographic_or_diacritic,318,a,3,318,a,3,περὶ,Περὶ,1,1,λεκτέον,μὲν
tlg013,Mugler 1966,275,orthographic_or_diacritic,318,a,5,318,a,5,τούτων,Τούτων,1,1,ἀεί,δὲ
tlg013,Mugler 1966,276,replace,318,a,7,318,a,7,τῶ,τοῦ,1,1,δὲ,διὰ
tlg013,Mugler 1966,277,orthographic_or_diacritic,318,a,8,318,a,8,αἰτιόν,αἴτιόν,1,1,λεγομένων,ἐστιν
tlg013,Mugler 1966,278,orthographic_or_diacritic,318,a,9,318,a,9,δι,δῑ,1,1,εἴπωμεν,ἣν
tlg013,Mugler 1966,279,orthographic_or_diacritic,318,a,13,318,a,13,ἔχει,Ἔχει,1,1,γενέσεως,δ
tlg013,Mugler 1966,280,orthographic_or_diacritic,318,a,15,318,a,15,γάρ,γὰρ,1,1,οὔτε,τι
tlg013,Mugler 1966,281,orthographic_or_diacritic,318,a,15,318,a,15,τι,τὶ,1,1,γάρ,οὔτε
tlg013,Mugler 1966,282,orthographic_or_diacritic,318,a,16,318,a,16,εἴπερ,Εἴπερ,1,1,ὄν,οὖν
tlg013,Mugler 1966,283,replace,318,a,19,318,a,19,ὁ,οὐ,1,1,ἕκαστον,γὰρ
tlg013,Mugler 1966,284,orthographic_or_diacritic,318,a,20,318,a,20,κατ,Κατ,1,1,ἀδύνατον,ἐνέργειαν
tlg013,Mugler 1966,285,replace,318,a,21,318,a,21,ὥς,ὥστ,1,1,διαίρεσιν,ἐδει
tlg013,Mugler 1966,286,orthographic_or_diacritic,318,a,21,318,a,21,ἐδει,ἔδει,1,1,ὥς,ταύτην
tlg013,Mugler 1966,287,orthographic_or_diacritic,318,a,22,318,a,22,τῶ,τῷ,1,1,ὑπολείπουσαν,γίνεσθαί
tlg013,Mugler 1966,288,orthographic_or_diacritic,318,a,23,318,a,23,ἆρ,Ἆρ,1,1,ὁρῶμεν,οὖν
tlg013,Mugler 1966,289,replace,318,a,23,318,a,23,δὲ,τοῦδε,1,1,τὴν,φθορὰν
tlg013,Mugler 1966,290,replace,318,a,24,318,a,24,δὲ,τοῦδε,1,1,τὴν,γένεσιν
tlg013,Mugler 1966,291,replace,318,a,25,318,a,25,ἄπαυσον,ἄπαυστον,1,1,φθορὰν,ἀναγκαῖον
tlg013,Mugler 1966,292,orthographic_or_diacritic,318,a,25,318,a,25,περὶ,Περὶ,1,1,μεταβολήν,μὲν
tlg013,Mugler 1966,293,orthographic_or_diacritic,318,a,27,318,a,27,διὰ,Διὰ,1,1,αἰτίαν,τί
tlg013,Mugler 1966,294,orthographic_or_diacritic,318,a,29,318,a,29,αὐτὸ,αὐτό,1,1,τὸ,ἐστι
tlg013,Mugler 1966,295,orthographic_or_diacritic,318,a,31,318,a,31,λέγομεν,Λέγομεν,1,1,λόγον,γὰρ
tlg013,Mugler 1966,296,replace,318,a,32,318,a,32,τουδί,τοδί,1,1,μόνον,καὶ
tlg013,Mugler 1966,297,replace,318,a,33,318,a,33,τουδὶ,Τοδὶ,1,1,φθορά,δὲ
tlg013,Mugler 1966,298,orthographic_or_diacritic,318,a,35,318,a,35,καθάπερ,Καθάπερ,1,1,οὔ,οὖν
tlg013,Mugler 1966,299,delete,318,b,1,318,b,1,τῆς,,1,0,πολλάκις,διορίζομεν
tlg013,Mugler 1966,300,replace,318,b,2,318,b,2,τέον,οὔ,1,1,δ,διὰ
tlg013,Mugler 1966,301,replace,318,b,2,318,b,2,τῶτο,τοῦτο,1,1,διὰ,συμβαίνει
tlg013,Mugler 1966,302,orthographic_or_diacritic,318,b,2,318,b,2,διαφέρει,Διαφέρει,1,1,ζητούμενον,γὰρ
tlg013,Mugler 1966,303,replace,318,b,2,318,b,3,μεσεως ταβάλλει,μεταβάλλει,2,1,ἃ,τὸ
tlg013,Mugler 1966,304,delete,318,b,4,318,b,4,δὲ,,1,0,ὁδὸς,γένεσις
tlg013,Mugler 1966,305,orthographic_or_diacritic,318,b,4,318,b,4,δὲ,δέ,1,1,φθορὰ,τινός
tlg013,Mugler 1966,306,insert,318,b,4,318,b,4,,τίς,0,1,δὲ,τινός
tlg013,Mugler 1966,307,delete,318,b,5,318,b,5,τῆς,,1,0,δὲ,γῆς
tlg013,Mugler 1966,308,orthographic_or_diacritic,318,b,5,318,b,5,τίς,τὶς,1,1,γένεσις,γένεσις
tlg013,Mugler 1966,309,delete,318,b,6,318,b,6,οἱ δὲ,,2,0,δ,ἁπλῶς
tlg013,Mugler 1966,310,replace,318,b,6,318,b,6,τὰ ὄντα,τὸ ὂν,2,2,δύο,καὶ
tlg013,Mugler 1966,311,orthographic_or_diacritic,318,b,7,318,b,7,τὸ,Τὸ,1,1,γῆν,δὴ
tlg013,Mugler 1966,312,delete,318,b,8,318,b,8,εἶναι,,1,0,ταῦτα,ἡ
tlg013,Mugler 1966,313,orthographic_or_diacritic,318,b,8,318,b,8,ἡ,ἢ,1,1,εἶναι,τοιαῦθ
tlg013,Mugler 1966,314,orthographic_or_diacritic,318,b,9,318,b,9,ἡ,Ἡ,1,1,ὑποκείμενον,μὲν
tlg013,Mugler 1966,315,delete,318,b,10,318,b,10,γὰρ,,1,0,μὴ,ὂν
tlg013,Mugler 1966,316,replace,318,b,10,318,b,10,γενέσεως,γένεσις,1,1,ὂν,ἁπλῆ
tlg013,Mugler 1966,317,orthographic_or_diacritic,318,b,11,318,b,11,οἷς,Οἷς,1,1,ἁπλῆ,οὖν
tlg013,Mugler 1966,318,replace,318,b,11,318,b,11,διώρισαι,διώρισται,1,1,οὖν,εἴτε
tlg013,Mugler 1966,319,orthographic_or_diacritic,318,b,12,318,b,12,ἕνα,Ἕνα,1,1,ὄν,μὲν
tlg013,Mugler 1966,320,replace,318,b,13,318,b,13,τῷ,τοῦ,1,1,φθείρεσθαι,μὴ
tlg013,Mugler 1966,321,replace,318,b,14,318,b,14,τίς,ἧς,1,1,ᾖ,μὲν
tlg013,Mugler 1966,322,replace,318,b,16,318,b,16,τῆς,ἧς,1,1,οὐσία,δὲ
tlg013,Mugler 1966,323,orthographic_or_diacritic,318,b,17,318,b,17,γῇ,γῆ,1,1,δὲ,καὶ
tlg013,Mugler 1966,324,orthographic_or_diacritic,318,b,18,318,b,18,δοκεῖ,Δοκεῖ,1,1,διαφοραῖς,δὲ
tlg013,Mugler 1966,325,orthographic_or_diacritic,318,b,24,318,b,24,καθάπερ,Καθάπερ,1,1,δύναμιν,οὖν
tlg013,Mugler 1966,326,orthographic_or_diacritic,318,b,25,318,b,25,ζῇν,ζῆν,1,1,καὶ,καὶ
tlg013,Mugler 1966,327,orthographic_or_diacritic,318,b,27,318,b,27,συμβαίνει,Συμβαίνει,1,1,ἀληθές,δὴ
tlg013,Mugler 1966,328,replace,318,b,29,318,b,29,διὰ,διὸ,1,1,ἐστιν,καὶ
tlg013,Mugler 1966,329,orthographic_or_diacritic,318,b,31,318,b,31,μεταβάλλῃ,μεταβάλλᾐ,1,1,γῆν,κατὰ
tlg013,Mugler 1966,330,replace,318,b,33,318,b,33,τὸ,Τοῦ,1,1,γῆς,μὲν
tlg013,Mugler 1966,331,orthographic_or_diacritic,318,b,33,318,b,33,οὐσάν,οὖσάν,1,1,φθορὰν,τινος
tlg013,Mugler 1966,332,orthographic_or_diacritic,318,b,34,318,b,34,οὐσάν,οὖσάν,1,1,γένεσιν,τινος
tlg013,Mugler 1966,333,replace,319,a,3,319,a,3,τῷ,Τοῦ,1,1,εἶναι,δὲ
tlg013,Mugler 1966,334,insert,319,a,4,319,a,4,,νῦν,0,1,εἴπομεν,τρόπον
tlg013,Mugler 1966,335,replace,319,a,5,319,a,5,διωρίσθαι,διώρισται,1,1,τοσοῦτον,τί
tlg013,Mugler 1966,336,replace,319,a,6,319,a,6,ὄσης,οὔσης,1,1,γενέσεως,φθορᾶς
tlg013,Mugler 1966,337,replace,319,a,6,319,a,6,ὄσης,οὔσης,1,1,φθορᾶς,ἑτέρου
tlg013,Mugler 1966,338,replace,319,a,7,319,a,7,ὡς,οὐχ,1,1,γενέσεως,ὁμοίως
tlg013,Mugler 1966,339,orthographic_or_diacritic,319,a,7,319,a,7,ἀποδιδόμεν,ἀποδίδομεν,1,1,ὁμοίως,τὸ
tlg013,Mugler 1966,340,replace,319,a,9,319,a,9,ἐν τούτῳ,οὐ τοῦτο,2,2,εἰρημένον,διαπορεῖ
tlg013,Mugler 1966,341,replace,319,a,9,319,a,9,ὃ,οὐ,1,1,μὲν,λέγεται
tlg013,Mugler 1966,342,replace,319,a,11,319,a,11,φθειρόμενον,φυόμενον,1,1,δὲ,γίνεσθαι
tlg013,Mugler 1966,343,orthographic_or_diacritic,319,a,11,319,a,11,ταῦτα,Ταῦτα,1,1,γίνεσθαι,δὲ
tlg013,Mugler 1966,344,replace,319,a,11,319,a,11,διωρίσθαι,διώρισται,1,1,δὲ,ταῖς
tlg013,Mugler 1966,345,orthographic_or_diacritic,319,a,13,319,a,13,ὅσα,Ὅσα,1,1,ποσόν,ἐν
tlg013,Mugler 1966,346,replace,319,a,13,319,a,13,ἐν,οὖν,1,1,ὅσα,μὴ
tlg013,Mugler 1966,347,replace,319,a,13,319,a,13,ὃ,οὐ,1,1,σημαίνει,λέγεται
tlg013,Mugler 1966,348,orthographic_or_diacritic,319,a,13,319,a,13,ἀλλὰ,ἀλλά,1,1,ἁπλῶς,τί
tlg013,Mugler 1966,349,orthographic_or_diacritic,319,a,13,319,a,13,τί,τι,1,1,ἀλλὰ,γίνεσθαι
tlg013,Mugler 1966,350,replace,319,a,14,319,a,14,ὃ,Οὐ,1,1,γίνεσθαι,μὴν
tlg013,Mugler 1966,351,orthographic_or_diacritic,319,a,17,319,a,17,περὶ,Περὶ,1,1,ἀνεπιστῆμον,μὲν
tlg013,Mugler 1966,352,insert,319,a,18,319,a,18,,καὶ,0,1,ὅλως,ἐν
tlg013,Mugler 1966,353,replace,319,a,19,319,a,19,ἡ τόδε,τοῦ,2,1,διότι,γένεσιν
tlg013,Mugler 1966,354,orthographic_or_diacritic,319,a,20,319,a,20,μεταβλητικὸν,μεταβλητικόν,1,1,ὅτι,εἰς
tlg013,Mugler 1966,355,insert,319,a,20,319,a,20,,ἐστι,0,1,μεταβλητικὸν,εἰς
tlg013,Mugler 1966,356,replace,319,a,21,319,a,21,ἄλλης,ἄλλου,1,1,οὐσιῶν,φθορὰ
tlg013,Mugler 1966,357,replace,319,a,21,319,a,21,ἄλλης,ἄλλου,1,1,ἡ,φθορὰ
tlg013,Mugler 1966,358,replace,319,a,21,319,a,21,ἄλλης,ἄλλου,1,1,φθορὰ,γένεσις
tlg013,Mugler 1966,359,orthographic_or_diacritic,319,a,22,319,a,22,ἀλλὰ,Ἀλλὰ,1,1,γένεσις,μὴν
tlg013,Mugler 1966,360,replace,319,a,22,319,a,22,ἀπολλύμενον,ἀπολλυμένων,1,1,ἀεὶ,ὥσπερ
tlg013,Mugler 1966,361,orthographic_or_diacritic,319,a,23,319,a,23,φασίν,φασιν,1,1,ἁπλῶς,ὅταν
tlg013,Mugler 1966,362,replace,319,a,25,319,a,25,ἀναίσθητ,ἀναισθήτου,1,1,ἐξ,εἰτ
tlg013,Mugler 1966,363,orthographic_or_diacritic,319,a,25,319,a,25,εἰτ,Εἴτ,1,1,ἀναίσθητ,ἐν
tlg013,Mugler 1966,364,replace,319,a,25,319,a,25,ἐν,οὖν,1,1,εἰτ,ὄντος
tlg013,Mugler 1966,365,replace,319,a,26,319,a,26,ὥς,Ὥστε,1,1,ὄντος,ὁμοίως
tlg013,Mugler 1966,366,orthographic_or_diacritic,319,a,27,319,a,27,εἰκότως,Εἰκότως,1,1,ὄν,ἂν
tlg013,Mugler 1966,367,replace,319,a,27,319,a,27,ἂν,οὖν,1,1,εἰκότως,οὐχ
tlg013,Mugler 1966,368,orthographic_or_diacritic,319,a,29,319,a,29,ἀλλὰ,Ἀλλὰ,1,1,ὄντος,τοῦτο
tlg013,Mugler 1966,369,replace,319,a,31,319,a,31,ὃ,οὔ,1,1,ἢ,ἀλλ
tlg013,Mugler 1966,370,orthographic_or_diacritic,319,a,32,319,a,32,ἔστι,ἐστὶ,1,1,ἀλλ,καὶ
tlg013,Mugler 1966,371,orthographic_or_diacritic,319,a,33,319,a,33,καὶ,Καὶ,1,1,ὡσαύτως,ἀρὰ
tlg013,Mugler 1966,372,orthographic_or_diacritic,319,a,33,319,a,33,ἀρὰ,ἆρά,1,1,καὶ,γε
tlg013,Mugler 1966,373,replace,319,a,33,319,a,33,ἑκατέρᾳ,ἑκατέρου,1,1,ἑτέρα,ἡ
tlg013,Mugler 1966,374,replace,319,a,33,319,b,1,γί νοιτο,γίνοιτο,2,1,ἂν,ἐξ
tlg013,Mugler 1966,375,orthographic_or_diacritic,319,b,2,319,b,2,ᾗ,Ἢ,1,1,ἀέρι,ἔστι
tlg013,Mugler 1966,376,orthographic_or_diacritic,319,b,3,319,b,3,ὁ,ὃ,1,1,ἑτέρα,μὲν
tlg013,Mugler 1966,377,replace,319,b,3,319,b,3,ὢν,ὂν,1,1,ποτε,ὑπόκειται
tlg013,Mugler 1966,378,orthographic_or_diacritic,319,b,4,319,b,4,περὶ,Περὶ,1,1,αὐτό,μὲν
tlg013,Mugler 1966,379,orthographic_or_diacritic,319,b,8,319,b,8,ἐπειδὴ,Ἐπειδὴ,1,1,ἀλλήλων,ἂν
tlg013,Mugler 1966,380,replace,319,b,8,319,b,8,ἂν,οὖν,1,1,ἐπειδὴ,ἔστι
tlg013,Mugler 1966,381,orthographic_or_diacritic,319,b,8,319,b,8,ἔστι,ἐστί,1,1,ἂν,τι
tlg013,Mugler 1966,382,replace,319,b,9,319,b,9,τὸ ὑποκείμενον,τοῦ ὑποκειμένου,2,2,κατὰ,λέγεσθαι
tlg013,Mugler 1966,383,replace,319,b,12,319,b,12,ὑγιαῖνον,ὑγιαίνει,1,1,σῶμα,καὶ
tlg013,Mugler 1966,384,replace,319,b,13,319,b,13,σρογγύλος,στρογγύλος,1,1,χαλκὸς,ὅτε
tlg013,Mugler 1966,385,orthographic_or_diacritic,319,b,14,319,b,14,ὅτε,ὁτὲ,1,1,σρογγύλος,δὲ
tlg013,Mugler 1966,386,orthographic_or_diacritic,319,b,14,319,b,14,αὐτὸς,αὐτός,1,1,ὁ,γε
tlg013,Mugler 1966,387,orthographic_or_diacritic,319,b,14,319,b,14,ὅταν,Ὅταν,1,1,ὤν,δ
tlg013,Mugler 1966,388,orthographic_or_diacritic,319,b,19,319,b,19,ἀφῇ,ἁφῇ,1,1,ἢ,ἢ
tlg013,Mugler 1966,389,orthographic_or_diacritic,319,b,21,319,b,21,ἐν,Ἐν,1,1,ἀναίσθητον,δὲ
tlg013,Mugler 1966,390,orthographic_or_diacritic,319,b,21,319,b,21,ἐναντίωσεως,ἐναντιώσεως,1,1,αὐτὸ,ἐν
tlg013,Mugler 1966,391,orthographic_or_diacritic,319,b,24,319,b,24,εἰ,Εἰ,1,1,μεταβάλλει,δὲ
tlg013,Mugler 1966,392,replace,319,b,25,319,b,25,ἔφθαρται,ἐφθάρη,1,1,ἄνθρωπος,ἄνθρωπος
tlg013,Mugler 1966,393,orthographic_or_diacritic,319,b,26,319,b,26,εἰ,Εἰ,1,1,αὐτό,μὲν
tlg013,Mugler 1966,394,replace,319,b,26,319,b,26,τούτοις,τούτου,1,1,οὖν,μὴ
tlg013,Mugler 1966,395,replace,319,b,27,319,b,27,αὑτὸν,αὑτὸ,1,1,καθ,ἡ
tlg013,Mugler 1966,396,replace,319,b,27,319,b,27,ἀμουσσία τὸ,ἀμουσία τοῦ,2,2,ἡ,μὲν
tlg013,Mugler 1966,397,orthographic_or_diacritic,319,b,28,319,b,28,ἂν,ἄν,1,1,ἦν,τοῦ
tlg013,Mugler 1966,398,replace,319,b,29,319,b,29,ἀνθρώπῳ,ἀνθρώπου,1,1,πάθη,δὲ
tlg013,Mugler 1966,399,replace,319,b,29,319,b,29,μουσικῷ,μουσικοῦ,1,1,δὲ,καὶ
tlg013,Mugler 1966,400,replace,319,b,29,319,b,29,ἀνθρώπῳ ἀμούσῳ,ἀνθρώπου ἀμούσου,2,2,καὶ,γένεσις
tlg013,Mugler 1966,401,replace,319,b,30,319,b,30,τοῦ,νῦν,1,1,φθορά,δὲ
tlg013,Mugler 1966,402,orthographic_or_diacritic,319,b,30,319,b,30,διὸ,Διὸ,1,1,ὑπομένοντος,ἀλλοίωσις
tlg013,Mugler 1966,403,orthographic_or_diacritic,319,b,31,319,b,31,ὅταν,Ὅταν,1,1,τοιαῦτα,μὲν
tlg013,Mugler 1966,404,replace,319,b,33,320,a,1,μη δὲν,μηδὲν,2,1,δὲ,ὑπομένῃ
tlg013,Mugler 1966,405,replace,320,a,1,320,a,1,ἢ,οὗ,1,1,ὑπομένῃ,θάτερον
tlg013,Mugler 1966,406,orthographic_or_diacritic,320,a,2,320,a,2,ἔστι,Ἐστὶ,1,1,φθορά,δὲ
tlg013,Mugler 1966,407,orthographic_or_diacritic,320,a,5,320,a,5,περὶ,Περὶ,1,1,τινων,μὲν
tlg013,Mugler 1966,408,delete,320,a,5,320,a,5,καὶ φθορᾶς,,2,0,γενέσεως,εἴτε
tlg013,Mugler 1966,409,insert,320,a,7,320,a,7,,τοῦτον,0,1,διωρίσθω,τὸν
tlg013,Mugler 1966,410,replace,320,a,9,320,a,9,αὔξεται,αὐξάνεται,1,1,πῶς,τῶν
tlg013,Mugler 1966,411,orthographic_or_diacritic,320,a,10,320,a,10,σκεπτέον,Σκεπτέον,1,1,φθινόντων,δ
tlg013,Mugler 1966,412,replace,320,a,10,320,a,10,δ,δὴ,1,1,σκεπτέον,πρῶτον
tlg013,Mugler 1966,413,orthographic_or_diacritic,320,a,11,320,a,11,ὃ,ὅ,1,1,περὶ,ἔστιν
tlg013,Mugler 1966,414,orthographic_or_diacritic,320,a,11,320,a,11,ἔστιν,ἐστιν,1,1,ὃ,αὐτῶν
tlg013,Mugler 1966,415,replace,320,a,12,320,a,12,τῆσδε,τοῦδε,1,1,ἐκ,εἰς
tlg013,Mugler 1966,416,delete,320,a,14,320,a,14,καὶ φθίσις,,2,0,αὔξησις,ἡ
tlg013,Mugler 1966,417,replace,320,a,17,320,a,17,ἐν,οὐκ,1,1,ἀλλοιούμενον,ἐξ
tlg013,Mugler 1966,418,orthographic_or_diacritic,320,a,18,320,a,18,αὑξανόμενον,αὐξανόμενον,1,1,δ,καὶ
tlg013,Mugler 1966,419,orthographic_or_diacritic,320,a,19,320,a,19,δέ,δὲ,1,1,ἄλλον,τρόπον
tlg013,Mugler 1966,420,replace,320,a,19,320,a,19,τῷ φερομένῳ,τοῦ φερομένου,2,2,τρόπον,τὸ
tlg013,Mugler 1966,421,orthographic_or_diacritic,320,a,19,320,a,19,τὸ,Τὸ,1,1,φερομένῳ,μὲν
tlg013,Mugler 1966,422,insert,320,a,22,320,a,22,,οὐχ,0,1,τόπον,ὥσπερ
tlg013,Mugler 1966,423,replace,320,a,24,320,a,24,τῷ αὐξανομένῳ,τοῦ αὐξανομένου,2,2,δὲ,ἀεὶ
tlg013,Mugler 1966,424,orthographic_or_diacritic,320,a,25,320,a,25,ὅτι,Ὅτι,1,1,φθίνοντος,μὲν
tlg013,Mugler 1966,425,insert,320,a,25,320,a,25,,οὐ μόνον περὶ,0,3,διαφέρει,ὁ
tlg013,Mugler 1966,426,orthographic_or_diacritic,320,a,25,320,a,25,ὁ,ὃ,1,1,διαφέρει,μοναχῶς
tlg013,Mugler 1966,427,replace,320,a,25,320,a,25,μοναχῶς,ἀλλὰ καὶ ὣς τοῦ τε γινομένου καὶ ἀλλοιουμένου καὶ αὐξανομένου,1,10,ὁ,δῆλον
tlg013,Mugler 1966,428,orthographic_or_diacritic,320,a,26,320,a,26,περὶ,Περὶ,1,1,δῆλον,δὲ
tlg013,Mugler 1966,429,orthographic_or_diacritic,320,a,26,320,a,26,ὃ,ὅ,1,1,δὲ,ἔστιν
tlg013,Mugler 1966,430,orthographic_or_diacritic,320,a,26,320,a,26,ἔστιν,ἐστιν,1,1,ὃ,ἡ
tlg013,Mugler 1966,431,replace,320,a,28,320,a,28,αὔξεσθαι,αὐξάνεσθαι,1,1,τὸ,καὶ
tlg013,Mugler 1966,432,replace,320,a,28,320,a,28,πότερον,ποτέρως,1,1,φθίνειν,ὑποληπτέον
tlg013,Mugler 1966,433,replace,320,a,29,320,a,29,μέγεθος,μεγέθους,1,1,μὲν,καὶ
tlg013,Mugler 1966,434,replace,320,a,29,320,a,29,ἀσώματε,ἀσωμάτου,1,1,δ,καὶ
tlg013,Mugler 1966,435,replace,320,a,30,320,a,30,ἀμεγέθες,ἀμεγέθους,1,1,καὶ,γίνεσθαι
tlg013,Mugler 1966,436,replace,320,a,30,320,a,30,τοῦτο,τούτου,1,1,καὶ,διχῶς
tlg013,Mugler 1966,437,replace,320,a,31,320,a,31,ἐνδεχομένως,ἐνδεχομένου,1,1,διχῶς,λέγειν
tlg013,Mugler 1966,438,replace,320,a,31,320,a,31,πότερον,ποτέρως,1,1,λέγειν,ἡ
tlg013,Mugler 1966,439,replace,320,a,33,320,b,1,χω μεσις ῥισὴ,Χωριστὴ,3,1,ἀμφοτέρως,μὲν
tlg013,Mugler 1966,440,insert,320,b,1,320,b,1,,γὰρ,0,1,μὲν,οὖσα
tlg013,Mugler 1966,441,orthographic_or_diacritic,320,b,1,320,b,1,ἡ,ἢ,1,1,οὖσα,οὐδὲνα
tlg013,Mugler 1966,442,orthographic_or_diacritic,320,b,1,320,b,1,οὐδὲνα,οὐδένα,1,1,ἡ,καθέξει
tlg013,Mugler 1966,443,replace,320,b,1,320,b,1,σιγμτις,στιγμή τις,1,2,οἷον,ἢ
tlg013,Mugler 1966,444,replace,320,b,2,320,b,2,ἢ,καὶ,1,1,ἔσται,σῶμα
tlg013,Mugler 1966,445,orthographic_or_diacritic,320,b,2,320,b,2,τούτων,Τούτων,1,1,αἰσθητόν,δὲ
tlg013,Mugler 1966,446,insert,320,b,2,320,b,2,,οὐκ,0,1,μὲν,ἐνδέχεται
tlg013,Mugler 1966,447,replace,320,b,3,320,b,4,πνι ἔστὸ γιγνόμενον,που ἔσται τὸ γινόμενον,3,4,γάρ,ἐξ
tlg013,Mugler 1966,448,replace,320,b,4,320,b,4,αὐτῶ ὥσε,αὐτοῦ ὥστε,2,2,ἐξ,κἀκεῖνο
tlg013,Mugler 1966,449,orthographic_or_diacritic,320,b,5,320,b,5,ἀλλὰ,Ἀλλὰ,1,1,συμβεβηκός,μὴν
tlg013,Mugler 1966,450,orthographic_or_diacritic,320,b,5,320,b,5,εἰ,εἴ,1,1,μὴν,γ
tlg013,Mugler 1966,451,replace,320,b,6,320,b,6,ἐκεῖνο,ἐκείνου,1,1,μὴ,καθ
tlg013,Mugler 1966,452,orthographic_or_diacritic,320,b,7,320,b,7,λέγω,Λέγω,1,1,ἀδύνατα,δ
tlg013,Mugler 1966,453,replace,320,b,8,320,b,8,γίγνεται,γίνεται,1,1,εἰ,ἀὴρ
tlg013,Mugler 1966,454,replace,320,b,8,320,b,8,ὁ τῶ,οὐ τοῦ,2,2,ὕδατος,ὕδατος
tlg013,Mugler 1966,455,orthographic_or_diacritic,320,b,9,320,b,9,ἀγγείω,ἀγγείῳ,1,1,ἐν,τῶ
tlg013,Mugler 1966,456,orthographic_or_diacritic,320,b,9,320,b,9,τῶ,τῷ,1,1,ἀγγείω,ὕδατι
tlg013,Mugler 1966,457,replace,320,b,10,320,b,10,αὐτῶ ἀπείρως,αὐτοῦ Ἀπείρους,2,2,ὕλην,γὰρ
tlg013,Mugler 1966,458,replace,320,b,11,320,b,11,ὥσε,ὥστε,1,1,εἶναι,καὶ
tlg013,Mugler 1966,459,replace,320,b,11,320,b,11,γίγνεσθαι,γίνεσθαι,1,1,καὶ,ἐντελεχείᾳ
tlg013,Mugler 1966,460,orthographic_or_diacritic,320,b,11,320,b,11,ἔτι,Ἔτι,1,1,ἐντελεχείᾳ,δ
tlg013,Mugler 1966,461,replace,320,b,11,320,b,11,φαίνεταγιγνόμενος,φαίνεται γινόμενος,1,2,οὕτω,ἀὴρ
tlg013,Mugler 1966,462,replace,320,b,12,320,b,12,βέλτιτοίνυν,Βέλτιον τοίνυν,1,2,ὑπομένοντος,ποιεῖν
tlg013,Mugler 1966,463,replace,320,b,13,320,b,13,αὐτὴκαὶ,αὐτὴν καὶ,1,2,τὴν,μίαν
tlg013,Mugler 1966,464,orthographic_or_diacritic,320,b,14,320,b,14,τῶ,τῷ,1,1,μίαν,ἀριθμῶ
tlg013,Mugler 1966,465,orthographic_or_diacritic,320,b,14,320,b,14,ἀριθμῶ,ἀριθμῷ,1,1,τῶ,τῶ
tlg013,Mugler 1966,466,orthographic_or_diacritic,320,b,14,320,b,14,τῶ,τῷ,1,1,ἀριθμῶ,λόγω
tlg013,Mugler 1966,467,orthographic_or_diacritic,320,b,14,320,b,14,λόγω,λόγῳ,1,1,τῶ,δὲ
tlg013,Mugler 1966,468,orthographic_or_diacritic,320,b,14,320,b,14,ἀλλὰ,Ἀλλὰ,1,1,μίαν,μὴν
tlg013,Mugler 1966,469,replace,320,b,15,320,b,15,δὲ σιγμὰς,οὐδὲ στιγμὰς,2,2,μὴν,θετέον
tlg013,Mugler 1966,470,replace,320,b,15,320,b,15,τῶ,τοῦ,1,1,τὴν,σώματος
tlg013,Mugler 1966,471,replace,320,b,15,320,b,15,διτὰς,διὰ τὰς,1,2,ὕλην,αὐτὰς
tlg013,Mugler 1966,472,orthographic_or_diacritic,320,b,16,320,b,16,ἐκεῖνο,Ἐκεῖνο,1,1,αἰτίας,δὲ
tlg013,Mugler 1966,473,replace,320,b,16,320,b,16,ὃ,οὗ,1,1,δὲ,ταῦτα
tlg013,Mugler 1966,474,replace,320,b,16,320,b,17,ἡ ἀδύνατ,ἣν οὐδέποτ,2,2,ὕλη,ἄνευ
tlg013,Mugler 1966,475,replace,320,b,17,320,b,18,γίγνεταμὲν ἂν,Γίνεται μὲν οὖν,2,3,μορφῆς,ἁπλῶς
tlg013,Mugler 1966,476,replace,320,b,18,320,b,18,ἑτέρας,ἑτέρου,1,1,ἐξ,ὥσπερ
tlg013,Mugler 1966,477,replace,320,b,18,320,b,18,διώρισαι,διώρισται,1,1,ἄλλοις,καὶ
tlg013,Mugler 1966,478,insert,320,b,19,320,b,19,,ἢ,0,1,ὁμοιοειδοῦς,ὁμογενοῦς
tlg013,Mugler 1966,479,replace,320,b,21,320,b,21,γίνεταἐπεὶ,γίνεται Ἐπεὶ,1,2,σκληροῦ,δ
tlg013,Mugler 1966,480,replace,320,b,22,320,b,22,ὕλης,οὐσίας ὕλη,1,2,καὶ,σωματικῆς
tlg013,Mugler 1966,481,replace,320,b,22,320,b,22,ὁ,δ,1,1,σώματος,ἤδη
tlg013,Mugler 1966,482,replace,320,b,22,320,b,22,τοῥὶ,τοιουδί,1,1,ἤδη,σῶμα
tlg013,Mugler 1966,483,replace,320,b,23,320,b,23,μέγεθος,μεγέθους,1,1,καὶ,καὶ
tlg013,Mugler 1966,484,orthographic_or_diacritic,320,b,24,320,b,24,τῶ,τῷ,1,1,ἐστί,μὲν
tlg013,Mugler 1966,485,orthographic_or_diacritic,320,b,24,320,b,24,λόγω,λόγῳ,1,1,μὲν,χωριστή
tlg013,Mugler 1966,486,orthographic_or_diacritic,320,b,24,320,b,24,τόπω,τόπῳ,1,1,χωριστή,δ
tlg013,Mugler 1966,487,replace,320,b,24,320,b,24,μμόνον,μὴ,1,1,εἰ,καὶ
tlg013,Mugler 1966,488,orthographic_or_diacritic,320,b,25,320,b,25,φανερὸν,Φανερὸν,1,1,χωριστά,δὴ
tlg013,Mugler 1966,489,replace,320,b,25,320,b,25,ὅτοὐκ,ὅτι οὐκ,1,2,διηπορημένων,ἔστιν
tlg013,Mugler 1966,490,replace,320,b,28,320,b,28,ἔδ,Ἔτι δ,1,2,πρότερον,ἤ
tlg013,Mugler 1966,491,orthographic_or_diacritic,320,b,29,320,b,29,ἤ,ἥ,1,1,ἔδ,γε
tlg013,Mugler 1966,492,insert,320,b,29,320,b,29,,ὅλως,0,1,γενέσεως,ἡ
tlg013,Mugler 1966,493,orthographic_or_diacritic,320,b,30,320,b,30,ἡ,Ἡ,1,1,γενέσεως,γὰρ
tlg013,Mugler 1966,494,replace,320,b,30,320,b,30,τῶ,τοῦ,1,1,ἐστι,ἐνυπάρχοντος
tlg013,Mugler 1966,495,orthographic_or_diacritic,320,b,31,320,b,31,διὸ,Διὸ,1,1,μείωσις,δὴ
tlg013,Mugler 1966,496,replace,320,b,31,320,b,32,ταὐξανόμενον ὡς,τὸ αὐξανόμενον ὥστ οὐκ,2,4,μέγεθος,ἐξ
tlg013,Mugler 1966,497,replace,320,b,33,320,b,33,γενέσεις,γένεσις,1,1,μεγέθους,γὰρ
tlg013,Mugler 1966,498,replace,320,b,33,320,b,34,σώματομᾶλλον ἐξ αὐξήσεως,σώματος μᾶλλον οὐκ αὔξησις,3,4,εἴη,ληπτέον
tlg013,Mugler 1966,499,orthographic_or_diacritic,320,b,34,320,b,34,ληπτέον,Ληπτέον,1,1,αὐξήσεως,δὴ
tlg013,Mugler 1966,500,replace,320,b,34,320,b,34,ἁπτομένου,ἁπτομένους,1,1,οἷον,τῆς
tlg013,Mugler 1966,501,orthographic_or_diacritic,321,a,2,321,a,2,φαίνεται,Φαίνεται,1,1,ζητοῦμεν,δὴ
tlg013,Mugler 1966,502,delete,321,a,2,321,a,2,τὸ,,1,0,αὐξανομένου,ὁτιοῦν
tlg013,Mugler 1966,503,replace,321,a,4,321,a,4,προσόντος,προσιόντος,1,1,δὲ,τινὸς
tlg013,Mugler 1966,504,orthographic_or_diacritic,321,a,5,321,a,5,ἀναγκαῖον,Ἀναγκαῖον,1,1,φθίνειν,δὴ
tlg013,Mugler 1966,505,replace,321,a,5,321,a,5,ἀσώματον,ἀσωμάτῳ,1,1,ἢ,αὐξάνεσθαι
tlg013,Mugler 1966,506,replace,321,a,6,321,a,6,ἀσώματον,ἀσωμάτῳ,1,1,οὖν,ἔσται
tlg013,Mugler 1966,507,orthographic_or_diacritic,321,a,6,321,a,6,δέ,δὲ,1,1,ἀδύνατον,μέγεθος
tlg013,Mugler 1966,508,replace,321,a,7,321,a,7,μέγεθος,μεγέθους,1,1,δέ,ὕλην
tlg013,Mugler 1966,509,orthographic_or_diacritic,321,a,7,321,a,7,εἰ,Εἰ,1,1,πρότερον,δὲ
tlg013,Mugler 1966,510,orthographic_or_diacritic,321,a,9,321,a,9,ἀλλὰ,Ἀλλὰ,1,1,ἀδύνατον,μὴν
tlg013,Mugler 1966,511,replace,321,a,10,321,a,10,καὶ,ἢ,1,1,αὔξησιν,τὴν
tlg013,Mugler 1966,512,replace,321,a,13,321,a,13,μετέβαλεν,μεταβάλλει,1,1,ὃ,ἔσται
tlg013,Mugler 1966,513,replace,321,a,13,321,a,13,ἐναντίον αὐξήσεις,ἐναντίου αὔξησις,2,2,τοῦ,δὲ
tlg013,Mugler 1966,514,replace,321,a,13,321,a,13,οὐδέτεραι,οὐδετέρου,1,1,δὲ,ἀλλ
tlg013,Mugler 1966,515,orthographic_or_diacritic,321,a,15,321,a,15,τὸ,Τὸ,1,1,σῶμα,δ
tlg013,Mugler 1966,516,replace,321,a,15,321,a,15,ἐκ πυρὸς,οὐκ ηὔξηται,2,2,ὕδωρ,οὐδ
tlg013,Mugler 1966,517,orthographic_or_diacritic,321,a,17,321,a,17,ἀλλὰ,Ἀλλὰ,1,1,ηὔξηται,καὶ
tlg013,Mugler 1966,518,orthographic_or_diacritic,321,a,17,321,a,17,σῴζειν,σώζειν,1,1,γὰρ,τῷ
tlg013,Mugler 1966,519,orthographic_or_diacritic,321,a,18,321,a,18,ταῦτα,Ταῦτα,1,1,φθίνοντι,δὲ
tlg013,Mugler 1966,520,replace,321,a,19,321,a,19,γίγνεσθαι,γίνεσθαι,1,1,μεῖζον,τοῦ
tlg013,Mugler 1966,521,orthographic_or_diacritic,321,a,21,321,a,21,σῳζομένου,σωζομένου,1,1,τρίτον,τοῦ
tlg013,Mugler 1966,522,replace,321,a,22,321,a,22,γίγνεσθαί,γίνεσθαί,1,1,τῷ,τι
tlg013,Mugler 1966,523,replace,321,a,24,321,a,24,ἢ,καὶ,1,1,αὐξανόμενον,ἀλλοιούμενον
tlg013,Mugler 1966,524,orthographic_or_diacritic,321,a,25,321,a,25,ἀλλ,Ἀλλ,1,1,ἀλλοιούμενον,ἔνθα
tlg013,Mugler 1966,525,replace,321,a,25,321,a,25,ὑπομένει,οὐ μένει,1,2,αὐτὸ,εἰ
tlg013,Mugler 1966,526,orthographic_or_diacritic,321,a,26,321,a,26,εἰ,Εἰ,1,1,ὑπομένει,δὴ
tlg013,Mugler 1966,527,orthographic_or_diacritic,321,a,26,321,a,26,μηδενὸς,μηδενός,1,1,ἂν,γε
tlg013,Mugler 1966,528,replace,321,a,28,321,a,28,ὑπομένοντος,ὑπομένειν,1,1,μὴ,τὸ
tlg013,Mugler 1966,529,orthographic_or_diacritic,321,a,28,321,a,28,ἀλλὰ,Ἀλλὰ,1,1,αὐξανόμενον,δεῖ
tlg013,Mugler 1966,530,orthographic_or_diacritic,321,a,29,321,a,29,σῴζειν,σώζειν,1,1,τοῦτο,ὑπόκειται
tlg013,Mugler 1966,531,orthographic_or_diacritic,321,a,29,321,a,29,ἀπορήσειε,Ἀπορήσειε,1,1,τοιοῦτον,δ
tlg013,Mugler 1966,532,replace,321,a,30,321,a,30,προσθέτει,προστίθεταί,1,1,ᾧ,τι
tlg013,Mugler 1966,533,replace,321,a,31,321,a,31,αὔξει,αὐξάνει,1,1,κνήμην,αὕτη
tlg013,Mugler 1966,534,replace,321,a,31,321,a,31,αὔξεται,αὐξάνει,1,1,δὲ,ἡ
tlg013,Mugler 1966,535,orthographic_or_diacritic,321,a,32,321,a,32,διὰ,Διὰ,1,1,οὔ,τί
tlg013,Mugler 1966,536,insert,321,a,32,321,a,32,,οὐκ,0,1,οὖν,ἄμφω
tlg013,Mugler 1966,537,replace,321,a,32,321,a,32,μείζων,μεῖζον,1,1,ηὔξηται,γὰρ
tlg013,Mugler 1966,538,replace,321,a,33,321,a,33,μείξῃς,μίξῃς,1,1,ὅταν,οἶνον
tlg013,Mugler 1966,539,orthographic_or_diacritic,321,a,34,321,a,34,ἢ,Ἢ,1,1,ἑκάτερον,ὅτι
tlg013,Mugler 1966,540,replace,321,a,34,321,a,34,τὸ,τοῦ,1,1,ὅτι,μὲν
tlg013,Mugler 1966,541,replace,321,a,34,321,a,34,τὸ,τοῦ,1,1,οὐσία,δ
tlg013,Mugler 1966,542,replace,321,b,1,321,b,1,τῦ οἶν,τοῦ οἴνου,2,2,τὸ,ἔργον
tlg013,Mugler 1966,543,replace,321,b,1,321,b,1,ὁ,οὐ,1,1,ἀλλ,τὸ
tlg013,Mugler 1966,544,replace,321,b,2,321,b,2,τῦ,τοῦ,1,1,τὸ,ὕδατος
tlg013,Mugler 1966,545,orthographic_or_diacritic,321,b,2,321,b,2,σύνολον,συνόλον,1,1,τὸ,μίγμα
tlg013,Mugler 1966,546,orthographic_or_diacritic,321,b,2,321,b,2,ὁμοίως,Ὁμοίως,1,1,μίγμα,δὲ
tlg013,Mugler 1966,547,orthographic_or_diacritic,321,b,3,321,b,3,σαρξ,σὰρξ,1,1,μένει,ὅσα
tlg013,Mugler 1966,548,replace,321,b,3,321,b,3,ὅσα,οὖσα,1,1,σαρξ,καὶ
tlg013,Mugler 1966,549,orthographic_or_diacritic,321,b,5,321,b,5,ὅτε,ὁτὲ,1,1,ἠλλοίωται,μὲν
tlg013,Mugler 1966,550,orthographic_or_diacritic,321,b,5,321,b,5,ὅτε,ὁτὲ,1,1,πέπονθεν,δὲ
tlg013,Mugler 1966,551,orthographic_or_diacritic,321,b,6,321,b,6,ἀλλὰ,Ἀλλὰ,1,1,κἀκεῖνο,τὸ
tlg013,Mugler 1966,552,replace,321,b,9,321,b,9,αὐτὸ,αὐτοῦ,1,1,ἀπολαῦσαν,σῶμα
tlg013,Mugler 1966,553,orthographic_or_diacritic,321,b,9,321,b,9,ἀλλ,Ἀλλ,1,1,πνεῦμα,ἔφθαρταί
tlg013,Mugler 1966,554,replace,321,b,10,321,b,10,κινῆν,κινοῦν,1,1,τὸ,οὐκ
tlg013,Mugler 1966,555,orthographic_or_diacritic,321,b,10,321,b,10,ἐπεὶ,Ἐπεὶ,1,1,τούτῳ,δὲ
tlg013,Mugler 1966,556,orthographic_or_diacritic,321,b,12,321,b,12,σῴζοντας,σώζοντας,1,1,εὑρεῖν,τὸ
tlg013,Mugler 1966,557,replace,321,b,12,321,b,12,τὸ αὐξανομένῳ,τοῦ αὐξανομένου,2,2,τε,καὶ
tlg013,Mugler 1966,558,replace,321,b,13,321,b,13,προσόντος,προσιόντος,1,1,καὶ,τινὸς
tlg013,Mugler 1966,559,replace,321,b,16,321,b,16,ἀσώματον,ἀσωμάτῳ,1,1,μήτε,αὐξάνεσθαι
tlg013,Mugler 1966,560,orthographic_or_diacritic,321,b,16,321,b,16,ληπτέον,Ληπτέον,1,1,αὐξάνεσθαι,δὲ
tlg013,Mugler 1966,561,replace,321,b,17,321,b,17,διορισταμένοις,διορισαμένοις,1,1,αἴτιον,πρῶτον
tlg013,Mugler 1966,562,orthographic_or_diacritic,321,b,17,321,b,17,ἐν,ἓν,1,1,πρῶτον,μὲν
tlg013,Mugler 1966,563,replace,321,b,19,321,b,19,ἐπειδὴ,ἔπειθ,1,1,ἕκαστον,ὅτι
tlg013,Mugler 1966,564,orthographic_or_diacritic,321,b,19,321,b,19,σαρξ,σὰρξ,1,1,ὅτι,καὶ
tlg013,Mugler 1966,565,orthographic_or_diacritic,321,b,22,321,b,22,σαρξ,σὰρξ,1,1,εἶδος,ἢ
tlg013,Mugler 1966,566,orthographic_or_diacritic,321,b,22,321,b,22,τὸ,Τὸ,1,1,ὀστοῦν,δὴ
tlg013,Mugler 1966,567,replace,321,b,22,321,b,22,δὴ,οὖν,1,1,τὸ,ὁτιοῦν
tlg013,Mugler 1966,568,replace,321,b,22,321,b,22,προσόντος,προσιόντος,1,1,καὶ,τινὸς
tlg013,Mugler 1966,569,orthographic_or_diacritic,321,b,25,321,b,25,οὕτω,Οὕτω,1,1,γινόμενον,δ
tlg013,Mugler 1966,570,replace,321,b,26,321,b,26,ὁτιοῦν,ὁτῳοῦν,1,1,οὐχ,παντὶ
tlg013,Mugler 1966,571,replace,321,b,27,321,b,27,τῷ,τοῦ,1,1,προσέρχεται,δὲ
tlg013,Mugler 1966,572,replace,321,b,28,321,b,28,τὸ εἶδος ὁτιοῦν,τοῦ εἴδους ὁτῳοῦν,3,3,καὶ,μορίῳ
tlg013,Mugler 1966,573,orthographic_or_diacritic,321,b,28,321,b,28,ἐπὶ,Ἐπὶ,1,1,μορίῳ,δὲ
tlg013,Mugler 1966,574,replace,321,b,30,321,b,30,ὅσα,οὖσα,1,1,ἑτέρα,δήλη
tlg013,Mugler 1966,575,replace,321,b,30,321,b,30,τὸ,τοῦ,1,1,μᾶλλον,εἴδους
tlg013,Mugler 1966,576,orthographic_or_diacritic,321,b,32,321,b,32,σαρξ,σὰρξ,1,1,ἔτι,καὶ
tlg013,Mugler 1966,577,orthographic_or_diacritic,321,b,32,321,b,32,χεὶρ,χεῖρ,1,1,ἢ,καὶ
tlg013,Mugler 1966,578,orthographic_or_diacritic,321,b,32,321,b,32,ὥστε,Ὥστε,1,1,βραχίων,ἔστι
tlg013,Mugler 1966,579,orthographic_or_diacritic,321,b,33,321,b,33,κατὰ,Κατὰ,1,1,οὔ,μὲν
tlg013,Mugler 1966,580,replace,321,b,34,321,b,34,ὁτιοῦν,ὁτῳοῦν,1,1,εἶδος,προσελήλυθεν
tlg013,Mugler 1966,581,orthographic_or_diacritic,321,b,34,321,b,34,οὐ,οὔ,1,1,ὕλην,μείζον
tlg013,Mugler 1966,582,orthographic_or_diacritic,321,b,35,321,b,35,μείζον,Μεῖζον,1,1,οὐ,μέντοι
tlg013,Mugler 1966,583,orthographic_or_diacritic,321,b,35,321,b,35,ὁ,ὃ,1,1,τινος,κα
tlg013,Mugler 1966,584,replace,321,b,35,322,a,1,κα λεῖται,καλεῖται,2,1,ὁ,τροφὴ
tlg013,Mugler 1966,585,replace,322,a,2,322,a,2,προσίου,προσίοι,1,1,ξηρῷ,ὑγρόν
tlg013,Mugler 1966,586,orthographic_or_diacritic,322,a,3,322,a,3,αὔξανεται,αὐξάνεται,1,1,ὁμοίῳ,ἔστι
tlg013,Mugler 1966,587,orthographic_or_diacritic,322,a,4,322,a,4,ἀπορήσειε,Ἀπορήσειε,1,1,ἀνομοίῳ,δ
tlg013,Mugler 1966,588,replace,322,a,4,322,a,4,ποίᾳ,ποῖόν,1,1,τις,τι
tlg013,Mugler 1966,589,orthographic_or_diacritic,322,a,5,322,a,5,αὔξανεται,αὐξάνεται,1,1,ᾧ,φανερὸν
tlg013,Mugler 1966,590,orthographic_or_diacritic,322,a,5,322,a,5,φανερὸν,Φανερὸν,1,1,αὔξανεται,δὴ
tlg013,Mugler 1966,591,orthographic_or_diacritic,322,a,5,322,a,5,σὰρξ,σάρξ,1,1,εἰ,δυνάμει
tlg013,Mugler 1966,592,orthographic_or_diacritic,322,a,6,322,a,6,ἐντελεχείᾳ,Ἐντελεχείᾳ,1,1,σάρκα,ἄρα
tlg013,Mugler 1966,593,replace,322,a,7,322,a,7,οὐκ ἐν,Οὐκοῦν οὐ τοῦτο,2,3,γέγονεν,αὐτὸ
tlg013,Mugler 1966,594,orthographic_or_diacritic,322,a,8,322,a,8,τί,Τί,1,1,τούτῳ,ἐν
tlg013,Mugler 1966,595,replace,322,a,8,322,a,8,ἐν,οὖν,1,1,τί,παθὸν
tlg013,Mugler 1966,596,orthographic_or_diacritic,322,a,9,322,a,9,ὃ,ὁ,1,1,ὕδωρ,δὲ
tlg013,Mugler 1966,597,replace,322,a,10,322,a,11,ἀφάμενον τῷ καυσῷ,ἁψάμενον τοῦ καυστοῦ,3,3,πῦρ,οὕτως
tlg013,Mugler 1966,598,replace,322,a,12,322,a,12,ἐὸν,ἐνὸν,1,1,τὸ,αὐξητικὸν
tlg013,Mugler 1966,599,replace,322,a,13,322,a,13,οὐκ,Οὐκοῦν,1,1,σάρκα,ἅμα
tlg013,Mugler 1966,600,orthographic_or_diacritic,322,a,14,322,a,14,ἔστι,Ἔστι,1,1,γένεσις,μὲν
tlg013,Mugler 1966,601,replace,322,a,14,322,a,14,ὥτω,οὕτω,1,1,γὰρ,πῦρ
tlg013,Mugler 1966,602,orthographic_or_diacritic,322,a,15,322,a,15,ἀλλ,Ἀλλ,1,1,ξύλα,οὕτω
tlg013,Mugler 1966,603,orthographic_or_diacritic,322,a,16,322,a,16,ἀφθῇ,ἁφθῇ,1,1,ξύλα,γένεσις
tlg013,Mugler 1966,604,orthographic_or_diacritic,322,a,16,322,a,16,ποσὸν,Ποσὸν,1,1,γένεσις,δὲ
tlg013,Mugler 1966,605,orthographic_or_diacritic,322,a,19,322,a,19,σαρξ,Σὰρξ,1,1,ποσόν,δὲ
tlg013,Mugler 1966,606,replace,322,a,19,322,a,19,ὀσῶν,ὀστοῦν,1,1,ἢ,ἢ
tlg013,Mugler 1966,607,orthographic_or_diacritic,322,a,19,322,a,19,προσελθόντος,Προσελθόντος,1,1,ὁμοιομερῆ,μὲν
tlg013,Mugler 1966,608,replace,322,a,20,322,a,20,ποσῷ,ποσοῦ,1,1,τινος,ἀλλ
tlg013,Mugler 1966,609,replace,322,a,20,322,a,20,ᾗ,Ἧι,1,1,ποσῆς,μὲν
tlg013,Mugler 1966,610,replace,322,a,20,322,a,20,ἐν,οὖν,1,1,μὲν,δυνάμει
tlg013,Mugler 1966,611,orthographic_or_diacritic,322,a,24,322,a,24,διὸ,Διὸ,1,1,λόγῳ,τρέφεται
tlg013,Mugler 1966,612,orthographic_or_diacritic,322,a,24,322,a,24,σῴζηται,σώζηται,1,1,ἂν,καὶ
tlg013,Mugler 1966,613,replace,322,a,24,322,a,24,φθάνῃ,φθῖνον,1,1,καὶ,αὔξανεται
tlg013,Mugler 1966,614,orthographic_or_diacritic,322,a,24,322,a,24,αὔξανεται,αὐξάνεται,1,1,φθάνῃ,δὲ
tlg013,Mugler 1966,615,replace,322,a,25,322,a,25,ἐκ,οὐκ,1,1,δὲ,ἀεὶ
tlg013,Mugler 1966,616,orthographic_or_diacritic,322,a,25,322,a,25,ἀεὶ,ἀεί,1,1,ἐκ,καὶ
tlg013,Mugler 1966,617,orthographic_or_diacritic,322,a,28,322,a,28,τοῦτο,Τοῦτο,1,1,τροφή,δὲ
tlg013,Mugler 1966,618,orthographic_or_diacritic,322,a,28,322,a,28,ἄϋλος,αὐλός,1,1,οἷον,δύναμίς
tlg013,Mugler 1966,619,orthographic_or_diacritic,322,a,29,322,a,29,ἐὰν,Ἐὰν,1,1,ἐστίν,δέ
tlg013,Mugler 1966,620,replace,322,a,29,322,a,29,προστιθῇ ὕλην ὅσα,προσίῃ ὕλη οὖσα,3,3,τις,δυνάμει
tlg013,Mugler 1966,621,orthographic_or_diacritic,322,a,30,322,a,30,ἄϋλος,αὐλός,1,1,δυνάμει,ἔσχατα
tlg013,Mugler 1966,622,replace,322,a,30,322,a,30,ἔσχατα,ἔχουσα,1,1,ἄϋλος,καὶ
tlg013,Mugler 1966,623,replace,322,a,30,322,a,30,ἔσται,οὗτοι ἔσονται,1,2,δυνάμει,μείζους
tlg013,Mugler 1966,624,orthographic_or_diacritic,322,a,31,322,a,31,ἄϋλοι,αὐλοί,1,1,μείζους,ἐὰν
tlg013,Mugler 1966,625,orthographic_or_diacritic,322,a,31,322,a,31,ἐὰν,Ἐὰν,1,1,ἄϋλοι,δὲ
tlg013,Mugler 1966,626,replace,322,a,33,322,a,33,τῷ ποσῷ,τοῦ ποσοῦ,2,2,ποιεῖται,τὸ
tlg013,Mugler 1966,627,orthographic_or_diacritic,322,b,2,322,b,2,ἀΐδιον,ἀίδιον,1,1,πότερον,ἕκαστον
tlg013,Mugler 1966,628,replace,322,b,3,322,b,3,γίγνεταί,γίνεταί,1,1,ἢ,πως
tlg013,Mugler 1966,629,orthographic_or_diacritic,322,b,4,322,b,4,ἐν,ἓν,1,1,πρῶτον,αὐτοῖς
tlg013,Mugler 1966,630,replace,322,b,4,322,b,4,αὐτοῖς,αὐτῶν,1,1,ἐν,ἐστίν
tlg013,Mugler 1966,631,orthographic_or_diacritic,322,b,4,322,b,4,ἐστίν,ἐστιν,1,1,αὐτοῖς,ἀνάγκη
tlg013,Mugler 1966,632,orthographic_or_diacritic,322,b,6,322,b,6,πάντες,Πάντες,1,1,νῦν,γὰρ
tlg013,Mugler 1966,633,orthographic_or_diacritic,322,b,8,322,b,8,ἔστι,Ἔστι,1,1,πάσχειν,δ
tlg013,Mugler 1966,634,replace,322,b,9,322,b,9,διώρισαι,διώρισται,1,1,οὐ,σαφῶς
tlg013,Mugler 1966,635,orthographic_or_diacritic,322,b,9,322,b,9,ἀλλὰ,Ἀλλὰ,1,1,σαφῶς,μὴν
tlg013,Mugler 1966,636,replace,322,b,12,322,b,12,καίτοι,καὶ τοῖς,1,2,ἀλλήλων,ἐξ
tlg013,Mugler 1966,637,orthographic_or_diacritic,322,b,19,322,b,19,τὸ,Τὸ,1,1,φύσιν,μὲν
tlg013,Mugler 1966,638,replace,322,b,19,322,b,19,πάντ,πάντα,1,1,οὖν,εἶναι
tlg013,Mugler 1966,639,orthographic_or_diacritic,322,b,21,322,b,21,ἀλλὰ,Ἀλλὰ,1,1,ἐστίν,μὴν
tlg013,Mugler 1966,640,replace,322,b,21,322,b,21,τὸ,τοῦ,1,1,περὶ,ποιεῖν
tlg013,Mugler 1966,641,replace,322,b,24,322,b,24,ὅτε,οὔτε,1,1,ἀλλήλων,μὴ
tlg013,Mugler 1966,642,replace,322,b,24,322,b,24,ἁπτόμενά,ἁψάμενά,1,1,μὴ,πως
tlg013,Mugler 1966,643,orthographic_or_diacritic,322,b,25,322,b,25,ὥστε,Ὥστε,1,1,πρῶτον,περὶ
tlg013,Mugler 1966,644,orthographic_or_diacritic,322,b,26,322,b,26,ἀρχὴν,Ἀρχὴν,1,1,ποίησις,δὲ
tlg013,Mugler 1966,645,orthographic_or_diacritic,322,b,26,322,b,26,ἀνάγκη,Ἀνάγκη,1,1,τήνδε,γὰρ
tlg013,Mugler 1966,646,replace,322,b,28,322,b,28,κεχωρισμένον,κυρίως,1,1,πάσχει,καὶ
tlg013,Mugler 1966,647,orthographic_or_diacritic,322,b,29,322,b,29,διὸ,Διὸ,1,1,ὡσαύτως,πρῶτον
tlg013,Mugler 1966,648,orthographic_or_diacritic,322,b,29,322,b,29,σχεδὸν,Σχεδὸν,1,1,ἁφῆς,μὲν
tlg013,Mugler 1966,649,orthographic_or_diacritic,322,b,32,322,b,32,ὅμως,Ὅμως,1,1,ἁφῆς,δὲ
tlg013,Mugler 1966,650,orthographic_or_diacritic,323,a,2,323,a,2,ἀφὴν,ἁφὴν,1,1,ἀποδοτέον,καὶ
tlg013,Mugler 1966,651,orthographic_or_diacritic,323,a,3,323,a,3,εἰ,Εἰ,1,1,τρόπον,δ
tlg013,Mugler 1966,652,replace,323,a,3,323,a,3,δ ἐν,οὖν,2,1,εἰ,ἐστίν
tlg013,Mugler 1966,653,orthographic_or_diacritic,323,a,6,323,a,6,ἐπεὶ,Ἐπεὶ,1,1,ἔσχατα,δὲ
tlg013,Mugler 1966,654,orthographic_or_diacritic,323,a,6,323,a,6,μέν,μὲν,1,1,θέσις,ἐστιν
tlg013,Mugler 1966,655,replace,323,a,6,323,a,6,ἐστιν οἷς,ὅσοις,2,1,μέν,καὶ
tlg013,Mugler 1966,656,replace,323,a,6,323,a,6,τόπῳ,τόπου,1,1,ὑπάρχει,δὲ
tlg013,Mugler 1966,657,insert,323,a,7,323,a,7,,τὸ,0,1,καὶ,κάτω
tlg013,Mugler 1966,658,orthographic_or_diacritic,323,a,9,323,a,9,τὰ,Τὰ,1,1,θάτερον,δὲ
tlg013,Mugler 1966,659,orthographic_or_diacritic,323,a,12,323,a,12,ἐπεὶ,Ἐπεὶ,1,1,ἀλλήλων,δὲ
tlg013,Mugler 1966,660,replace,323,a,12,323,a,12,κινεῖν,κινοῦν,1,1,τὸ,οὐχ
tlg013,Mugler 1966,661,replace,323,a,13,323,a,13,κινεῖσθαι,κινούμενον,1,1,ἀνάγκη,καὶ
tlg013,Mugler 1966,662,replace,323,a,14,323,a,14,τῶν,τοῦ,1,1,ἐπὶ,ποιοῦντος
tlg013,Mugler 1966,663,replace,323,a,15,323,a,15,ἐρέμεν,ἐροῦμεν,1,1,ποιοῦντος,ὡσαύτως
tlg013,Mugler 1966,664,replace,323,a,15,323,a,15,κινεῖν,κινοῦν,1,1,τὸ,ποιεῖν
tlg013,Mugler 1966,665,replace,323,a,16,323,a,16,ποιεῖν,ποιοῦν,1,1,τὸ,κινεῖν
tlg013,Mugler 1966,666,replace,323,a,16,323,a,16,ὁ,Οὐ,1,1,κινεῖν,μὴν
tlg013,Mugler 1966,667,replace,323,a,17,323,a,17,ὁ,οὐ,1,1,διορίζειν,γὰρ
tlg013,Mugler 1966,668,replace,323,a,17,323,a,17,κινεῖν,κινοῦν,1,1,τὸ,ποιεῖν
tlg013,Mugler 1966,669,replace,323,a,17,323,a,17,ποιεῖν,ποιοῦν,1,1,τὸ,ἀντιθήσομεν
tlg013,Mugler 1966,670,orthographic_or_diacritic,323,a,19,323,a,19,πάθος,Πάθος,1,1,πάθος,δὲ
tlg013,Mugler 1966,671,orthographic_or_diacritic,323,a,20,323,a,20,ἐστίν,ἐστιν,1,1,ποιεῖν,ἐκεῖνο
tlg013,Mugler 1966,672,orthographic_or_diacritic,323,a,20,323,a,20,ἐκεῖνο,Ἐκεῖνο,1,1,ἐστίν,δ
tlg013,Mugler 1966,673,replace,323,a,20,323,a,20,ἐν,οὖν,1,1,δ,φανερόν
tlg013,Mugler 1966,674,orthographic_or_diacritic,323,a,21,323,a,21,ἐστὶ,ἔστι,1,1,ὅτι,μὲν
tlg013,Mugler 1966,675,orthographic_or_diacritic,323,a,22,323,a,22,ἀλλ,Ἀλλ,1,1,οὔ,ὁ
tlg013,Mugler 1966,676,replace,323,a,23,323,a,23,τὸ,τοῦ,1,1,καὶ,μὲν
tlg013,Mugler 1966,677,replace,323,a,23,323,a,23,κινητικὸν τὸ,κινητικοῦ τοῦ,2,2,μὲν,δὲ
tlg013,Mugler 1966,678,replace,323,a,23,323,a,23,κινητόν,κινητοῦ,1,1,δὲ,πρὸς
tlg013,Mugler 1966,679,replace,323,a,24,323,a,24,κινητικὸν,κινητικοῦ,1,1,δὲ,καὶ
tlg013,Mugler 1966,680,replace,323,a,24,323,a,24,κινητόν,κινητοῦ,1,1,καὶ,ἐν
tlg013,Mugler 1966,681,orthographic_or_diacritic,323,a,25,323,a,25,ἔστι,Ἔστι,1,1,πάσχειν,μὲν
tlg013,Mugler 1966,682,replace,323,a,26,323,a,26,ἅπτεσθαι,ἁπτόμενον,1,1,ἁπτομένου,καὶ
tlg013,Mugler 1966,683,replace,323,a,27,323,a,27,ἐμποδίων,ἐμποδών,1,1,τὰ,ὅσοις
tlg013,Mugler 1966,684,orthographic_or_diacritic,323,a,28,323,a,28,ἐνίοτε,ἐνίοτέ,1,1,ὡς,φαμὲν
tlg013,Mugler 1966,685,orthographic_or_diacritic,323,a,28,323,a,28,φαμὲν,φαμεν,1,1,ἐνίοτε,τὸ
tlg013,Mugler 1966,686,replace,323,a,29,323,a,29,μόνον,μόνου,1,1,ἅπτεσθαι,τοῦ
tlg013,Mugler 1966,687,replace,323,a,31,323,a,31,ἁπτόμενον,ἁπτομένου,1,1,εἶναι,ἅπτεσθαι
tlg013,Mugler 1966,688,orthographic_or_diacritic,323,a,31,323,a,31,ὥστε,Ὥστε,1,1,ἅπτεσθαι,εἴ
tlg013,Mugler 1966,689,replace,323,a,32,323,a,32,ἐκεῖνο,ἐκείνου,1,1,κινητοῦ,δὲ
tlg013,Mugler 1966,690,replace,323,a,33,323,a,33,αὐτὸς,αὐτοὶ,1,1,οὐκ,ἐκείνου
tlg013,Mugler 1966,691,orthographic_or_diacritic,323,a,33,323,a,33,περὶ,Περὶ,1,1,ἐκείνου,μὲν
tlg013,Mugler 1966,692,orthographic_or_diacritic,323,a,34,323,a,34,ἀφῆς,ἁφῆς,1,1,οὖν,τῆς
tlg013,Mugler 1966,693,insert,323,a,34,323,a,34,,τοῦτον,0,1,διωρίσθω,τὸν
tlg013,Mugler 1966,694,replace,323,b,1,323,b,1,τῶ,τοῦ,1,1,δὲ,ποιεῖν
tlg013,Mugler 1966,695,replace,323,b,2,323,b,2,ὑπεναντίως,ὑπεναντίους,1,1,πρότερον,ἀλλήλοις
tlg013,Mugler 1966,696,orthographic_or_diacritic,323,b,3,323,b,3,οἱ,Οἱ,1,1,λόγους,μὲν
tlg013,Mugler 1966,697,replace,323,b,3,323,b,3,τό,τοῦτό,1,1,πλεῖστοι,γε
tlg013,Mugler 1966,698,replace,323,b,4,323,b,4,τῶ ὁμοίω,τοῦ ὁμοίου,2,2,ὑπὸ,πᾶν
tlg013,Mugler 1966,699,orthographic_or_diacritic,323,b,4,323,b,4,ἀπαθὲς,ἀπαθές,1,1,πᾶν,ἐστι
tlg013,Mugler 1966,700,replace,323,b,5,323,b,5,θατέρω,θατέρου,1,1,θάτερον,πάντα
tlg013,Mugler 1966,701,orthographic_or_diacritic,323,b,6,323,b,6,ταῦτα,ταὐτὰ,1,1,ὑπάρχειν,τοῖς
tlg013,Mugler 1966,702,orthographic_or_diacritic,323,b,8,323,b,8,καὶ,Καὶ,1,1,πέφυκεν,γὰρ
tlg013,Mugler 1966,703,replace,323,b,8,323,b,8,τῶ,τοῦ,1,1,ὑπὸ,πλείονος
tlg013,Mugler 1966,704,replace,323,b,9,323,b,9,τότο,τοῦτό,1,1,ἐναντίωσιν,φασι
tlg013,Mugler 1966,705,orthographic_or_diacritic,323,b,10,323,b,10,τῶ,τῷ,1,1,πολὺ,ὀλίγω
tlg013,Mugler 1966,706,orthographic_or_diacritic,323,b,10,323,b,10,ὀλίγω,ὀλίγῳ,1,1,τῶ,Δημόκριτος
tlg013,Mugler 1966,707,replace,323,b,10,323,b,10,τὰς ἄλλας,τοὺς ἄλλους,2,2,παρὰ,ἰδίως
tlg013,Mugler 1966,708,replace,323,b,11,323,b,11,ποιεῖν,ποιοῦν,1,1,τε,καὶ
tlg013,Mugler 1966,709,replace,323,b,12,323,b,12,ὃ,οὐ,1,1,πάσχον,γὰρ
tlg013,Mugler 1966,710,replace,323,b,15,323,b,15,τότο,τοῦτο,1,1,ταύτῃ,συμβαίνειν
tlg013,Mugler 1966,711,orthographic_or_diacritic,323,b,15,323,b,15,τὰ,Τὰ,1,1,αὐτοῖς,μὲν
tlg013,Mugler 1966,712,replace,323,b,15,323,b,15,ἐν,οὖν,1,1,μὲν,λεγόμενα
tlg013,Mugler 1966,713,replace,323,b,16,323,b,16,ἐσίν,ἐστίν,1,1,ταῦτ,ἐοίκασι
tlg013,Mugler 1966,714,replace,323,b,16,323,b,16,τότον,τοῦτον,1,1,οἱ,τὸν
tlg013,Mugler 1966,715,orthographic_or_diacritic,323,b,17,323,b,17,αἴτιον,Αἴτιον,1,1,λέγειν,δὲ
tlg013,Mugler 1966,716,replace,323,b,17,323,b,17,δεῖ,δέον,1,1,ὅτι,ὅλον
tlg013,Mugler 1966,717,orthographic_or_diacritic,323,b,19,323,b,19,πάντη,πάντῃ,1,1,τὸ,πάντως
tlg013,Mugler 1966,718,replace,323,b,20,323,b,20,τῶ,τοῦ,1,1,ὑπὸ,ὁμοίου
tlg013,Mugler 1966,719,replace,323,b,20,323,b,20,μηδέν,μηθέν,1,1,ὁμοίου,τί
tlg013,Mugler 1966,720,replace,323,b,21,323,b,21,εἴτε,εἴ τε,1,2,θάτερον,ὑπὸ
tlg013,Mugler 1966,721,replace,323,b,21,323,b,21,τῶ ὁμοίω,τοῦ ὁμοίου,2,2,ὑπὸ,τι
tlg013,Mugler 1966,722,replace,323,b,22,323,b,22,αὑτῶ,αὑτοῦ,1,1,ὑφ,καίτοι
tlg013,Mugler 1966,723,replace,323,b,22,323,b,22,τότων,τούτων,1,1,καίτοι,οὕτως
tlg013,Mugler 1966,724,orthographic_or_diacritic,323,b,23,323,b,23,ἢ,ᾗ,1,1,ὅμοιον,ὅμοιον
tlg013,Mugler 1966,725,replace,323,b,25,323,b,25,μηδαμῇ,μηθαμῇ,1,1,τὸ,ταὐτὸν
tlg013,Mugler 1966,726,replace,323,b,27,323,b,27,τι,που,1,1,μή,κατὰ
tlg013,Mugler 1966,727,replace,323,b,28,323,b,28,ἐκ ἐξίσης,οὐκ ἐξίστησι,2,2,γραμμήν,γὰρ
tlg013,Mugler 1966,728,replace,323,b,29,323,b,29,ἐσίν,ἐστίν,1,1,ἐναντίων,ἀλλ
tlg013,Mugler 1966,729,orthographic_or_diacritic,323,b,29,323,b,29,ἀλλ,Ἀλλ,1,1,ἐσίν,ἐπεὶ
tlg013,Mugler 1966,730,replace,323,b,31,323,b,31,ἐσίν,ἐστὶν,1,1,ἐναντία,ἢ
tlg013,Mugler 1966,731,replace,323,b,31,323,b,31,ποιὸν,ποιοῦν,1,1,τὸ,καὶ
tlg013,Mugler 1966,732,orthographic_or_diacritic,323,b,32,323,b,32,τῶ,τῷ,1,1,πάσχον,γένει
tlg013,Mugler 1966,733,orthographic_or_diacritic,323,b,32,323,b,32,τῶ,τῷ,1,1,ταὐτό,δ
tlg013,Mugler 1966,734,replace,323,b,34,323,b,34,χυμῶ,χυμοῦ,1,1,ὑπὸ,χρῶμα
tlg013,Mugler 1966,735,replace,323,b,34,324,a,1,πά σχειν,πάσχειν,2,1,χρώματος,ὅλως
tlg013,Mugler 1966,736,orthographic_or_diacritic,324,a,1,324,a,1,τούτου,Τούτου,1,1,ὁμογενοῦς,δ
tlg013,Mugler 1966,737,replace,324,a,3,324,a,3,ὡς,Ὥστ,1,1,ἀλλήλων,ἀνάγκη
tlg013,Mugler 1966,738,orthographic_or_diacritic,324,a,5,324,a,5,ἐπεὶ,Ἐπεὶ,1,1,ἀλλήλοις,δὲ
tlg013,Mugler 1966,739,replace,324,a,9,324,a,9,τέτοις,τούτοις,1,1,ἐν,διὸ
tlg013,Mugler 1966,740,orthographic_or_diacritic,324,a,9,324,a,9,διὸ,Διὸ,1,1,τέτοις,καὶ
tlg013,Mugler 1966,741,replace,324,a,10,324,a,10,ὅμοιον,ὁμοιοῦν,1,1,ποιητικὸν,ἑαυτῷ
tlg013,Mugler 1966,742,replace,324,a,11,324,a,11,τότε,τό τε,1,2,πάσχον,γὰρ
tlg013,Mugler 1966,743,replace,324,a,12,324,a,12,ὡς,Ὥστ,1,1,τοὐναντίον,ἀνάγκη
tlg013,Mugler 1966,744,replace,324,a,13,324,a,13,ὅτω,οὕτω,1,1,μεταβάλλειν,γὰρ
tlg013,Mugler 1966,745,orthographic_or_diacritic,324,a,14,324,a,14,καὶ,Καὶ,1,1,γένεσις,κατὰ
tlg013,Mugler 1966,746,replace,324,a,14,324,a,14,ἀμφοτέρως,ἀμφοτέρους,1,1,λέγοντας,ὅμως
tlg013,Mugler 1966,747,orthographic_or_diacritic,324,a,15,324,a,15,λέγομεν,Λέγομεν,1,1,φύσεως,γὰρ
tlg013,Mugler 1966,748,orthographic_or_diacritic,324,a,19,324,a,19,τὸν,Τὸν,1,1,ἀληθῆ,αὐτὸν
tlg013,Mugler 1966,749,replace,324,a,20,324,a,20,τῷ,τοῦ,1,1,ἐπὶ,ποιοῦντος
tlg013,Mugler 1966,750,orthographic_or_diacritic,324,a,21,324,a,21,ἐστι,ἔστι,1,1,θερμόν,μὲν
tlg013,Mugler 1966,751,orthographic_or_diacritic,324,a,21,324,a,21,ἐστι,ἔστι,1,1,πάσχει,δ
tlg013,Mugler 1966,752,orthographic_or_diacritic,324,a,22,324,a,22,οἱ,Οἱ,1,1,τοὐναντίον,μὲν
tlg013,Mugler 1966,753,orthographic_or_diacritic,324,a,24,324,a,24,τὸν,Τὸν,1,1,τοὐναντίον,αὐτὸν
tlg013,Mugler 1966,754,replace,324,a,25,324,a,25,ὅπερ,ὅνπερ,1,1,πάσχειν,καὶ
tlg013,Mugler 1966,755,orthographic_or_diacritic,324,a,29,324,a,29,ὁμοίως,Ὁμοίως,1,1,γένεσιν,δὲ
tlg013,Mugler 1966,756,replace,324,a,29,324,a,29,τὸ,τοῦ,1,1,περὶ,ποιοῦντος
tlg013,Mugler 1966,757,orthographic_or_diacritic,324,a,30,324,a,30,ἰατρὸν,ἰατρόν,1,1,τὸν,φαμεν
tlg013,Mugler 1966,758,orthographic_or_diacritic,324,a,30,324,a,30,τὸ,Τὸ,1,1,οἶνον,μὲν
tlg013,Mugler 1966,759,replace,324,a,30,324,a,30,πρώτως κινεῖν,πρῶτον κινοῦν,2,2,οὖν,οὐδὲν
tlg013,Mugler 1966,760,orthographic_or_diacritic,324,a,32,324,a,32,ἐπὶ,Ἐπὶ,1,1,κινούμενον,δὲ
tlg013,Mugler 1966,761,orthographic_or_diacritic,324,a,35,324,a,35,αὕτη,αὐτὴ,1,1,ἰατρική,γὰρ
tlg013,Mugler 1966,762,replace,324,a,35,324,b,1,πά σχει,πάσχει,2,1,οὐδὲν,ὑπὸ
tlg013,Mugler 1966,763,replace,324,b,1,324,b,1,τὸ,τοῦ,1,1,ὑπὸ,ὑγιαζομένου
tlg013,Mugler 1966,764,orthographic_or_diacritic,324,b,1,324,b,1,τὸ,Τὸ,1,1,ὑγιαζομένου,δὲ
tlg013,Mugler 1966,765,replace,324,b,1,324,b,1,ποιεῖν,ποιοῦν,1,1,σιτίον,καὶ
tlg013,Mugler 1966,766,insert,324,b,1,324,b,1,,τι,0,1,πάσχει,ἢ
tlg013,Mugler 1966,767,orthographic_or_diacritic,324,b,3,324,b,3,ἔστι,Ἔστι,1,1,ποιοῦν,δὲ
tlg013,Mugler 1966,768,orthographic_or_diacritic,324,b,4,324,b,4,ὅσα,Ὅσα,1,1,ἁπτόμενον,μὲν
tlg013,Mugler 1966,769,orthographic_or_diacritic,324,b,6,324,b,6,τὴν,Τὴν,1,1,παθητικά,μὲν
tlg013,Mugler 1966,770,replace,324,b,7,324,b,7,ὑποκειμένων,ὁποτερουοῦν,1,1,ἀντικειμένων,ὥσπερ
tlg013,Mugler 1966,771,replace,324,b,8,324,b,8,τῶ θερμαντικῶ,τοῦ θερμαντικοῦ,2,2,παρόντος,καὶ
tlg013,Mugler 1966,772,orthographic_or_diacritic,324,b,9,324,b,9,διὸ,διό,1,1,θερμαίνεσθαι,καθάπερ
tlg013,Mugler 1966,773,orthographic_or_diacritic,324,b,10,324,b,10,καὶ,Καὶ,1,1,παθητικά,ὥσπερ
tlg013,Mugler 1966,774,replace,324,b,12,324,b,12,πρώτως κινῶν,πρῶτον κινοῦν,2,2,τὸ,ἀκίνητον
tlg013,Mugler 1966,775,orthographic_or_diacritic,324,b,13,324,b,13,ἔστι,Ἔστι,1,1,ἀπαθές,δὲ
tlg013,Mugler 1966,776,orthographic_or_diacritic,324,b,14,324,b,14,τὸ,Τὸ,1,1,κινήσεως,δ
tlg013,Mugler 1966,777,orthographic_or_diacritic,324,b,14,324,b,14,διὸ,Διὸ,1,1,ποιητικόν,ἡ
tlg013,Mugler 1966,778,replace,324,b,15,324,b,15,τῶ,τοῦ,1,1,γὰρ,μὲν
tlg013,Mugler 1966,779,orthographic_or_diacritic,324,b,18,324,b,18,ἡ,ᾗ,1,1,ὕλη,ὕλη
tlg013,Mugler 1966,780,orthographic_or_diacritic,324,b,18,324,b,18,τὸ,Τὸ,1,1,παθητικόν,μὲν
tlg013,Mugler 1966,781,replace,324,b,19,324,b,19,χωρίς,χωριστόν,1,1,θερμὸν,τοῦτο
tlg013,Mugler 1966,782,orthographic_or_diacritic,324,b,20,324,b,20,τοῦτο,Τοῦτο,1,1,πάσχοι,μὲν
tlg013,Mugler 1966,783,orthographic_or_diacritic,324,b,21,324,b,21,ἔστιν,ἐστὶν,1,1,δ,ἄττα
tlg013,Mugler 1966,784,replace,324,b,21,324,b,21,ἄττα,ἔνια,1,1,ἔστιν,τοιαῦτα
tlg013,Mugler 1966,785,orthographic_or_diacritic,324,b,22,324,b,22,τί,Τί,1,1,ἀληθές,μὲν
tlg013,Mugler 1966,786,orthographic_or_diacritic,324,b,26,324,b,26,τοῖς,Τοῖς,1,1,λέγωμεν,μὲν
tlg013,Mugler 1966,787,orthographic_or_diacritic,324,b,26,324,b,26,διὰ,διά,1,1,ἕκαστον,τινῶν
tlg013,Mugler 1966,788,orthographic_or_diacritic,324,b,26,324,b,26,τινῶν,τινων,1,1,διὰ,πόρων
tlg013,Mugler 1966,789,orthographic_or_diacritic,324,b,28,324,b,28,φασὶ,φασι,1,1,ἡμᾶς,καὶ
tlg013,Mugler 1966,790,orthographic_or_diacritic,324,b,29,324,b,29,διὰ,διά,1,1,ὁρᾶσθαι,τε
tlg013,Mugler 1966,791,orthographic_or_diacritic,324,b,32,324,b,32,οἱ,Οἱ,1,1,μᾶλλον,μὲν
tlg013,Mugler 1966,792,orthographic_or_diacritic,324,b,32,324,b,32,ἐπὶ,ἐπί,1,1,οὖν,τινων
tlg013,Mugler 1966,793,replace,324,b,34,324,b,34,φασιν,φησιν,1,1,μίγνυσθαί,ὅσων
tlg013,Mugler 1966,794,orthographic_or_diacritic,324,b,35,324,b,35,ὁδῷ,Ὁδῷ,1,1,εἰσίν,δὲ
tlg013,Mugler 1966,795,replace,325,a,1,325,a,1,ἐν,ἑνὶ,1,1,πάντων,λόγῳ
tlg013,Mugler 1966,796,replace,325,a,1,325,a,1,διώρισας,διωρίκασι,1,1,λόγῳ,Λεύκιππος
tlg013,Mugler 1966,797,replace,325,a,2,325,a,2,ἐκείνοις,Ἐνίοις,1,1,ἐστίν,γὰρ
tlg013,Mugler 1966,798,orthographic_or_diacritic,325,a,3,325,a,3,ἐν,ἓν,1,1,ἀνάγκης,εἶναι
tlg013,Mugler 1966,799,replace,325,a,5,325,a,5,κενῶς,κενοῦ,1,1,ὄντος,κεχωρισμένου
tlg013,Mugler 1966,800,orthographic_or_diacritic,325,a,5,325,a,5,οὐδ,Οὐδ,1,1,κεχωρισμένου,αὖ
tlg013,Mugler 1966,801,replace,325,a,6,325,a,6,δ οὐδὲν,δὲ μηδὲν,2,2,τοῦτο,διαφέρειν
tlg013,Mugler 1966,802,orthographic_or_diacritic,325,a,8,325,a,8,εἰ,Εἰ,1,1,κενόν,μὲν
tlg013,Mugler 1966,803,orthographic_or_diacritic,325,a,8,325,a,8,πάντη,πάντῃ,1,1,γὰρ,διαιρετόν
tlg013,Mugler 1966,804,replace,325,a,11,325,a,11,ἔχειν,ἔχει,1,1,οὕτως,τοῦ
tlg013,Mugler 1966,805,orthographic_or_diacritic,325,a,11,325,a,11,πλῆρες,πλῆρές,1,1,καὶ,ἔσται
tlg013,Mugler 1966,806,replace,325,a,11,325,a,12,ἔσται τὰ,ἐστι τὸ,2,2,πλῆρες,δὲ
tlg013,Mugler 1966,807,orthographic_or_diacritic,325,a,13,325,a,13,ἐκ,Ἐκ,1,1,κίνησιν,μὲν
tlg013,Mugler 1966,808,replace,325,a,14,325,a,14,δεῖν,δέον,1,1,λόγῳ,ἀκολουθεῖν
tlg013,Mugler 1966,809,orthographic_or_diacritic,325,a,16,325,a,16,οἱ,Οἱ,1,1,κενόν,μὲν
tlg013,Mugler 1966,810,replace,325,a,20,325,a,20,ἐξέστησαν,ἐξεστάναι,1,1,μαινομένων,τοσοῦτον
tlg013,Mugler 1966,811,replace,325,a,22,325,a,22,οὐδὲν,οὐθὲν,1,1,μανίαν,δοκεῖ
tlg013,Mugler 1966,812,orthographic_or_diacritic,325,a,25,325,a,25,ὁμολογήσας,Ὁμολογήσας,1,1,ὄντων,δὲ
tlg013,Mugler 1966,813,replace,325,a,27,325,a,27,οὔτ,οὐκ,1,1,ὡς,ἂν
tlg013,Mugler 1966,814,replace,325,a,28,325,a,28,τὸ,τοῦ,1,1,καὶ,ὄντος
tlg013,Mugler 1966,815,replace,325,a,28,325,a,28,οὐδὲν,οὐθὲν,1,1,ὄντος,μὴ
tlg013,Mugler 1966,816,orthographic_or_diacritic,325,a,28,325,a,28,ὂν,ὄν,1,1,μὴ,φησιν
tlg013,Mugler 1966,817,orthographic_or_diacritic,325,a,28,325,a,28,τὸ,Τὸ,1,1,εἶναι,γὰρ
tlg013,Mugler 1966,818,replace,325,a,29,325,a,29,παμπληθὲς,παμπλῆρες,1,1,ὂν,ὄν
tlg013,Mugler 1966,819,orthographic_or_diacritic,325,a,30,325,a,30,ταῦτα,Ταῦτα,1,1,ὄγκων,δ
tlg013,Mugler 1966,820,orthographic_or_diacritic,325,a,31,325,a,31,εἶναι,εἶναἰ,1,1,γὰρ,καὶ
tlg013,Mugler 1966,821,orthographic_or_diacritic,325,a,32,325,a,32,φθορὰν,φθοράν,1,1,δὲ,ποιεῖν
tlg013,Mugler 1966,822,orthographic_or_diacritic,325,a,32,325,a,32,ποιεῖν,Ποιεῖν,1,1,φθορὰν,δὲ
tlg013,Mugler 1966,823,orthographic_or_diacritic,325,a,34,325,a,34,καὶ,Καὶ,1,1,εἶναι,συντιθέμενα
tlg013,Mugler 1966,824,orthographic_or_diacritic,325,b,1,325,b,1,τινὲς,τινές,1,1,ἄλλων,φασι
tlg013,Mugler 1966,825,replace,325,b,2,325,b,2,ὕτω,οὕτω,1,1,πόρων,πᾶσαν
tlg013,Mugler 1966,826,replace,325,b,3,325,b,3,τὸ κενὰ,τοῦ κενοῦ,2,2,διὰ,γινομένης
tlg013,Mugler 1966,827,replace,325,b,4,325,b,5,ὑπεισιόντων σωμάτων,ὑπειςδυομένων στερεῶν,2,2,αὐξήσεως,σχεδὸν
tlg013,Mugler 1966,828,orthographic_or_diacritic,325,b,5,325,b,5,σχεδὸν,Σχεδὸν,1,1,σωμάτων,δὲ
tlg013,Mugler 1966,829,orthographic_or_diacritic,325,b,6,325,b,6,γάρ,γὰρ,1,1,εἶναι,ἄττα
tlg013,Mugler 1966,830,replace,325,b,6,325,b,6,σώματα,στερεά,1,1,ἄττα,ἀδιαίρετα
tlg013,Mugler 1966,831,orthographic_or_diacritic,325,b,7,325,b,7,πάντη,πάντῃ,1,1,μὴ,πόροι
tlg013,Mugler 1966,832,orthographic_or_diacritic,325,b,7,325,b,7,εἰσίν,εἰσιν,1,1,συνεχεῖς,τοῦτο
tlg013,Mugler 1966,833,orthographic_or_diacritic,325,b,7,325,b,7,τοῦτο,Τοῦτο,1,1,εἰσίν,δ
tlg013,Mugler 1966,834,replace,325,b,8,325,b,8,οὐδὲν,οὐθὲν,1,1,ἀδύνατον,γὰρ
tlg013,Mugler 1966,835,insert,325,b,8,325,b,8,,ἕτερον,0,1,ἔσται,στερεὸν
tlg013,Mugler 1966,836,orthographic_or_diacritic,325,b,9,325,b,9,ἀνάγκη,Ἀνάγκη,1,1,κενόν,ἄρα
tlg013,Mugler 1966,837,orthographic_or_diacritic,325,b,9,325,b,9,ἀπτόμενα,ἁπτόμενα,1,1,μὲν,εἶναι
tlg013,Mugler 1966,838,orthographic_or_diacritic,325,b,9,325,b,9,ἀδίαίρετα,ἀδιαίρετα,1,1,εἶναι,τὰ
tlg013,Mugler 1966,839,replace,325,b,10,325,b,10,ὡς,οὓς,1,1,κενά,ἐκεῖνος
tlg013,Mugler 1966,840,orthographic_or_diacritic,325,b,11,325,b,11,οὕτως,Οὕτως,1,1,πόρους,δὲ
tlg013,Mugler 1966,841,orthographic_or_diacritic,325,b,12,325,b,12,οἱ,Οἱ,1,1,πάσχειν,μὲν
tlg013,Mugler 1966,842,replace,325,b,13,325,b,13,λέγουσιν,λέγουσι,1,1,πῶς,δῆλον
tlg013,Mugler 1966,843,orthographic_or_diacritic,325,b,15,325,b,15,τοῖς,Τοῖς,1,1,συμβαῖνον,δ
tlg013,Mugler 1966,844,replace,325,b,17,325,b,17,ἢ,οὐ,1,1,ἀλλοίωσις,δῆλον
tlg013,Mugler 1966,845,orthographic_or_diacritic,325,b,17,325,b,17,τοῖς,Τοῖς,1,1,δῆλον,μὲν
tlg013,Mugler 1966,846,orthographic_or_diacritic,325,b,21,325,b,21,φθορὰν,φθοράν,1,1,τὴν,αὐτῶν
tlg013,Mugler 1966,847,replace,325,b,22,325,b,22,ὥτε,οὔτε,1,1,μέγεθος,δῆλον
tlg013,Mugler 1966,848,replace,325,b,22,325,b,22,ὥτε,οὔτε,1,1,δῆλον,ἐνδέχεται
tlg013,Mugler 1966,849,orthographic_or_diacritic,325,b,25,325,b,25,τοσοῦτον,Τοσοῦτον,1,1,Πλάτων,γὰρ
tlg013,Mugler 1966,850,replace,325,b,25,325,b,25,τῷ,τοῦ,1,1,διαφέρει,μὴ
tlg013,Mugler 1966,851,replace,325,b,28,325,b,28,σωμάτων,στερεῶν,1,1,ἀδιαιρέτων,ἕκαστον
tlg013,Mugler 1966,852,orthographic_or_diacritic,325,b,29,325,b,29,ἐκ,Ἐκ,1,1,σχήμασιν,δὴ
tlg013,Mugler 1966,853,replace,325,b,31,325,b,31,τὸ κενὸν,τοῦ κενοῦ,2,2,τε,καὶ
tlg013,Mugler 1966,854,orthographic_or_diacritic,325,b,31,325,b,31,ἀφῆς,ἁφῆς,1,1,τῆς,ταύτῃ
tlg013,Mugler 1966,855,orthographic_or_diacritic,325,b,32,325,b,32,ἀφὴν,ἁφὴν,1,1,τὴν,μόνον
tlg013,Mugler 1966,856,replace,325,b,34,325,b,34,δὲ,δὴ,1,1,περὶ,τῶν
tlg013,Mugler 1966,857,replace,325,b,35,325,b,35,σωμάτων,στερεῶν,1,1,ἀδιαιρέτων,τὸ
tlg013,Mugler 1966,858,replace,325,b,36,326,a,1,ἀναγ καῖον,ἀναγκαῖον,2,1,εἰπεῖν,ἀπαθές
tlg013,Mugler 1966,859,replace,326,a,1,326,a,1,ὃ,οὐ,1,1,ἀδιαιρέτων,γὰρ
tlg013,Mugler 1966,860,replace,326,a,2,326,a,2,τὸ κενὸν,τοῦ κενοὖ,2,2,διὰ,καὶ
tlg013,Mugler 1966,861,replace,326,a,2,326,a,2,μηδενὸς,μηθενὸς,1,1,καὶ,ποιητικὸν
tlg013,Mugler 1966,862,replace,326,a,2,326,a,3,πάθος ὅτε,πάθους οὔτε,2,2,ποιητικὸν,γὰρ
tlg013,Mugler 1966,863,replace,326,a,3,326,a,3,ὅτε,οὔτε,1,1,ψυχρὸν,σκληρὸν
tlg013,Mugler 1966,864,orthographic_or_diacritic,326,a,3,326,a,3,καίτοι,Καίτοι,1,1,εἶναι,τοῦτό
tlg013,Mugler 1966,865,replace,326,a,4,326,a,4,ἀποδῦναι,ἀποδοῦναι,1,1,μόνον,τῷ
tlg013,Mugler 1966,866,replace,326,a,5,326,a,5,τἀναντίον,τοὐναντίον,1,1,καὶ,τὸ
tlg013,Mugler 1966,867,orthographic_or_diacritic,326,a,6,326,a,6,ἄτοπον,Ἄτοπον,1,1,σχημάτων,δὲ
tlg013,Mugler 1966,868,orthographic_or_diacritic,326,a,9,326,a,9,ὑπεροχὴν,ὑπεροχήν,1,1,τὴν,φησιν
tlg013,Mugler 1966,869,orthographic_or_diacritic,326,a,11,326,a,11,τοιαῦτα,Τοιαῦτα,1,1,θερμότερον,δ
tlg013,Mugler 1966,870,replace,326,a,12,326,a,12,τῦ,τοῦ,1,1,ὑπὸ,πολὺ
tlg013,Mugler 1966,871,orthographic_or_diacritic,326,a,13,326,a,13,ἀλλὰ,Ἀλλὰ,1,1,θερμόν,μὴν
tlg013,Mugler 1966,872,orthographic_or_diacritic,326,a,13,326,a,13,τὸ,Τὸ,1,1,μαλακόν,δὲ
tlg013,Mugler 1966,873,orthographic_or_diacritic,326,a,14,326,a,14,ἀλλὰ,Ἀλλὰ,1,1,μαλακόν,μὴν
tlg013,Mugler 1966,874,orthographic_or_diacritic,326,a,17,326,a,17,ὁμοίως,Ὁμοίως,1,1,αὐτῶν,δὲ
tlg013,Mugler 1966,875,replace,326,a,19,326,a,19,εἴπερ,ᾗπερ,1,1,πάσχῃ,ψύχεται
tlg013,Mugler 1966,876,replace,326,a,20,326,a,20,ταὐτῷ τοι,ταύτῃ τι,2,2,ψύχεται,καὶ
tlg013,Mugler 1966,877,delete,326,a,20,326,a,20,τι,,1,0,ἄλλο,ποιήσει
tlg013,Mugler 1966,878,orthographic_or_diacritic,326,a,20,326,a,20,τὸν,Τὸν,1,1,πείσεται,αὐτὸν
tlg013,Mugler 1966,879,replace,326,a,22,326,a,22,ῥερεὰ,στερεὰ,1,1,τοῖς,καὶ
tlg013,Mugler 1966,880,replace,326,a,23,326,a,23,ὅτε,οὔτε,1,1,τρόπον,γὰρ
tlg013,Mugler 1966,881,replace,326,a,23,326,a,23,ὅτε,οὔτε,1,1,μανότερα,πυκνότερα
tlg013,Mugler 1966,882,replace,326,a,24,326,a,24,κενὸ,κενοῦ,1,1,γίνεσθαι,μὴ
tlg013,Mugler 1966,883,orthographic_or_diacritic,326,a,24,326,a,24,ἔτι,Ἔτι,1,1,ἀδιαιρέτοις,δ
tlg013,Mugler 1966,884,replace,326,a,30,326,a,30,ῥερεῶν,στερεῶν,1,1,τῶν,ἢ
tlg013,Mugler 1966,885,replace,326,a,33,326,a,33,ἃ γίγνεται,οὐ γίνεται,2,2,τί,ἁψάμενα
tlg013,Mugler 1966,886,replace,326,a,34,326,a,34,τῷ προτέρῳ,τοῦ προτέρου,2,2,ὕστερον,εἰ
tlg013,Mugler 1966,887,orthographic_or_diacritic,326,a,34,326,a,34,εἰ,Εἰ,1,1,προτέρῳ,δ
tlg013,Mugler 1966,888,delete,326,b,1,326,b,1,οἷον,,1,0,τῶν,συμβαινόντων
tlg013,Mugler 1966,889,orthographic_or_diacritic,326,b,1,326,b,1,ἔτι,Ἔτι,1,1,σχήματα,δὲ
tlg013,Mugler 1966,890,replace,326,b,2,326,b,2,ποιῇ,ποιοῖ,1,1,κἂν,κἂν
tlg013,Mugler 1966,891,replace,326,b,2,326,b,2,πάσχῃ,πάσχοι,1,1,κἂν,θιγγάνοντα
tlg013,Mugler 1966,892,orthographic_or_diacritic,326,b,2,326,b,2,ἔτι,Ἔτι,1,1,ἀλλήλων,δὲ
tlg013,Mugler 1966,893,delete,326,b,4,326,b,4,τὸ,,1,0,αὐτὸ,αὐτὸ
tlg013,Mugler 1966,894,orthographic_or_diacritic,326,b,4,326,b,4,αὐτὸ,αὑτὸ,1,1,τὸ,ἕκαστον
tlg013,Mugler 1966,895,replace,326,b,4,326,b,4,κινῆσαν,κινοῦν,1,1,μὲν,κατ
tlg013,Mugler 1966,896,replace,326,b,6,326,b,6,ὁ,οὐ,1,1,ὕλη,μόνον
tlg013,Mugler 1966,897,orthographic_or_diacritic,326,b,6,326,b,6,ὅσοι,Ὅσοι,1,1,δυνάμει,μὲν
tlg013,Mugler 1966,898,insert,326,b,7,326,b,7,,διὰ,0,1,τῆς,τῶν
tlg013,Mugler 1966,899,orthographic_or_diacritic,326,b,10,326,b,10,ἔτι,Ἔτι,1,1,τρόπον,δὲ
tlg013,Mugler 1966,900,replace,326,b,13,326,b,13,ὅτε,οὔτε,1,1,διαφανῶν,διὰ
tlg013,Mugler 1966,901,replace,326,b,14,326,b,14,τῷ,τοῦ,1,1,διοίσει,μὴ
tlg013,Mugler 1966,902,orthographic_or_diacritic,326,b,15,326,b,15,ἀλλὰ,Ἀλλὰ,1,1,πλῆρες,μὴν
tlg013,Mugler 1966,903,orthographic_or_diacritic,326,b,16,326,b,16,αὐτοῖς,αὑτοῖς,1,1,ἐν,ἔχειν
tlg013,Mugler 1966,904,orthographic_or_diacritic,326,b,16,326,b,16,εἰ,Εἰ,1,1,πάλιν,δὲ
tlg013,Mugler 1966,905,orthographic_or_diacritic,326,b,21,326,b,21,ὅλως,Ὅλως,1,1,κενόν,δὲ
tlg013,Mugler 1966,906,delete,326,b,22,326,b,22,τὸν,,1,0,ποιεῖ,κατὰ
tlg013,Mugler 1966,907,orthographic_or_diacritic,326,b,24,326,b,24,ὅτι,Ὅτι,1,1,πεφυκότων,μὲν
tlg013,Mugler 1966,908,orthographic_or_diacritic,326,b,27,326,b,27,ἢ,ᾗ,1,1,γελοῖον,γὰρ
tlg013,Mugler 1966,909,orthographic_or_diacritic,326,b,31,326,b,31,εἰ,Εἰ,1,1,εἰρημένην,γάρ
tlg013,Mugler 1966,910,replace,326,b,32,326,b,32,ἡ μὲν,οὐ,2,1,πέφυκεν,τῇ
tlg013,Mugler 1966,911,replace,326,b,32,326,b,32,ὃ,οὐ,1,1,δ,πάσχειν
tlg013,Mugler 1966,912,orthographic_or_diacritic,326,b,33,326,b,33,μᾶλλον,μᾶλλόν,1,1,τοιοῦτον,ἔσται
tlg013,Mugler 1966,913,replace,326,b,33,326,b,33,ἔσται,ἐστι,1,1,μᾶλλον,καὶ
tlg013,Mugler 1966,914,orthographic_or_diacritic,327,a,1,327,a,1,συμφυὲς,Συμφυὲς,1,1,συνεχεῖς,μὲν
tlg013,Mugler 1966,915,replace,327,a,1,327,a,1,ἐν,οὖν,1,1,μὲν,ἕκαστον
tlg013,Mugler 1966,916,orthographic_or_diacritic,327,a,1,327,a,1,ἐν,ἓν,1,1,καὶ,ὃ
tlg013,Mugler 1966,917,replace,327,a,1,327,a,1,ὃ,ὂν,1,1,ἐν,ἀπαθές
tlg013,Mugler 1966,918,orthographic_or_diacritic,327,a,1,327,a,1,ὁμοίως,Ὁμοίως,1,1,ἀπαθές,δὲ
tlg013,Mugler 1966,919,orthographic_or_diacritic,327,a,2,327,a,2,αὐτῶν,αὑτῶν,1,1,μήτε,μήτ
tlg013,Mugler 1966,920,orthographic_or_diacritic,327,a,3,327,a,3,λέγω,Λέγω,1,1,πάσχειν,δ
tlg013,Mugler 1966,921,replace,327,a,4,327,a,4,καὶ,κἂν,1,1,ἀλλὰ,ἄποθεν
tlg013,Mugler 1966,922,insert,327,a,4,327,a,4,,ᾖ,0,1,ἄποθεν,τὸν
tlg013,Mugler 1966,923,orthographic_or_diacritic,327,a,6,327,a,6,τὸ,Τὸ,1,1,πάσχειν,δὲ
tlg013,Mugler 1966,924,orthographic_or_diacritic,327,a,7,327,a,7,εἰ,Εἰ,1,1,λεκτέον,μὲν
tlg013,Mugler 1966,925,replace,327,a,12,327,a,12,καὶ,κἂν,1,1,τινες,μήπω
tlg013,Mugler 1966,926,replace,327,a,14,327,a,14,οὐδὲν,οὐθὲν,1,1,γὰρ,ἀδύνατον
tlg013,Mugler 1966,927,orthographic_or_diacritic,327,a,14,327,a,14,ὅλως,Ὅλως,1,1,ἀδύνατον,δὲ
tlg013,Mugler 1966,928,replace,327,a,14,327,a,14,τοῦτο,τοῦτον,1,1,τὸ,γίνεσθαι
tlg013,Mugler 1966,929,insert,327,a,15,327,a,15,,μόνον,0,1,τρόπον,σχιζομένων
tlg013,Mugler 1966,930,orthographic_or_diacritic,327,a,18,327,a,18,διαθίγῇ,διαθιγῇ,1,1,καὶ,καθάπερ
tlg013,Mugler 1966,931,insert,327,a,19,327,a,19,,μεταταχθὲν οὔτε,0,2,γὰρ,μετατεθὲν
tlg013,Mugler 1966,932,delete,327,a,19,327,a,19,οὔτε μεταβαλὸν,,2,0,μετατεθὲν,τὴν
tlg013,Mugler 1966,933,replace,327,a,20,327,a,20,οὐδὲ νῦν ὑπάρχει,οὐδ ἐνυπάρχει,3,2,γέγονεν,τὰ
tlg013,Mugler 1966,934,replace,327,a,21,327,a,21,τοῖς ὄγκοις,τοὺς ὄγκους,2,2,ἀδιαίρετα,ἀλλ
tlg013,Mugler 1966,935,orthographic_or_diacritic,327,a,22,327,a,22,ἔτι,Ἔτι,1,1,ἐστιν,δ
tlg013,Mugler 1966,936,replace,327,a,23,327,a,23,ἢ,οὐ,1,1,φθίσιν,γὰρ
tlg013,Mugler 1966,937,replace,327,a,23,327,a,23,οἷόν τ,ὁτιοῦν,2,1,γὰρ,ἔσται
tlg013,Mugler 1966,938,orthographic_or_diacritic,327,a,25,327,a,25,ὅτι,Ὅτι,1,1,μεταβαλόντος,μὲν
tlg013,Mugler 1966,939,orthographic_or_diacritic,327,a,26,327,a,26,ἔστι,ἐστὶ,1,1,οὖν,τὸ
tlg013,Mugler 1966,940,replace,327,a,26,327,a,26,γίγνεσθαί,γίνεσθαί,1,1,τὸ,τε
tlg013,Mugler 1966,941,replace,327,a,28,327,a,28,ὡς,οὐκ,1,1,τινες,ἐνδέχεται
tlg013,Mugler 1966,942,insert,327,a,28,327,a,28,,τοῦτον,0,1,διωρίσθω,τὸν
tlg013,Mugler 1966,943,orthographic_or_diacritic,327,a,32,327,a,32,σκεπτέον,Σκεπτέον,1,1,ἀρχῆς,δὲ
tlg013,Mugler 1966,944,orthographic_or_diacritic,327,b,1,327,b,1,μεμῖχθαί,μεμίχθαι,1,1,νῦν,φασιν
tlg013,Mugler 1966,945,orthographic_or_diacritic,327,b,2,327,b,2,φασιν,φασὶν,1,1,μεμῖχθαί,ἢ
tlg013,Mugler 1966,946,replace,327,b,3,327,b,3,ὃ,οὐ,1,1,φθαρέντος,μεμῖχθαι
tlg013,Mugler 1966,947,orthographic_or_diacritic,327,b,3,327,b,3,μεμῖχθαι,μεμίχθαι,1,1,ὃ,ἀλλὰ
tlg013,Mugler 1966,948,delete,327,b,5,327,b,5,ἐξ,,1,0,εἰ,ἀμφοτέρων
tlg013,Mugler 1966,949,replace,327,b,6,327,b,6,ἢ,οὐ,1,1,ἑκάτερον,γὰρ
tlg013,Mugler 1966,950,orthographic_or_diacritic,327,b,6,327,b,6,τὰ,τά,1,1,μεμιγμένα,γε
tlg013,Mugler 1966,951,replace,327,b,6,327,b,6,ὡς,οὐκ,1,1,ὅλως,ὄντα
tlg013,Mugler 1966,952,replace,327,b,6,327,b,6,ἔσται,Οὗτος,1,1,ὄντα,μὲν
tlg013,Mugler 1966,953,replace,327,b,8,327,b,8,τῷ γενητῷ,τοῦ γεννητοῦ,2,2,μικτὸν,καὶ
tlg013,Mugler 1966,954,replace,327,b,8,327,b,8,φθαρτῷ,φθαρτοῦ,1,1,καὶ,δῆλον
tlg013,Mugler 1966,955,orthographic_or_diacritic,327,b,9,327,b,9,ἐστίν,ἔστιν,1,1,εἴπερ,ὥστε
tlg013,Mugler 1966,956,orthographic_or_diacritic,327,b,9,327,b,9,ὥστε,Ὥστε,1,1,ἐστίν,τούτων
tlg013,Mugler 1966,957,replace,327,b,10,327,b,10,λύοιτ,λύοιντ,1,1,διαπορηθέντα,ἄν
tlg013,Mugler 1966,958,orthographic_or_diacritic,327,b,10,327,b,10,ἀλλὰ,Ἀλλὰ,1,1,ἄν,μὴν
tlg013,Mugler 1966,959,orthographic_or_diacritic,327,b,11,327,b,11,μεμῖχθαί,μεμίχθαι,1,1,πυρὶ,φαμεν
tlg013,Mugler 1966,960,orthographic_or_diacritic,327,b,11,327,b,11,φαμεν,φαμὲν,1,1,μεμῖχθαί,οὐδὲ
tlg013,Mugler 1966,961,replace,327,b,12,327,b,12,ὅτ,οὔτ,1,1,καιομένην,αὐτὴν
tlg013,Mugler 1966,962,orthographic_or_diacritic,327,b,13,327,b,13,τὸν,Τὸν,1,1,φθείρεσθαι,αὐτὸν
tlg013,Mugler 1966,963,replace,327,b,14,327,b,14,ὅτε,οὔτε,1,1,τρόπον,τῷ
tlg013,Mugler 1966,964,replace,327,b,14,327,b,14,ὅτε,οὔτε,1,1,τροφὴν,τὸ
tlg013,Mugler 1966,965,orthographic_or_diacritic,327,b,17,327,b,17,σῳζόμενα,σωζόμενα,1,1,πράγμασιν,γὰρ
tlg013,Mugler 1966,966,orthographic_or_diacritic,327,b,17,327,b,17,ἀλλὰ,Ἀλλὰ,1,1,ὁρᾶται,μὴν
tlg013,Mugler 1966,967,orthographic_or_diacritic,327,b,19,327,b,19,ἀλλὰ,Ἀλλὰ,1,1,οὐδέν,τοῦτο
tlg013,Mugler 1966,968,delete,327,b,20,327,b,20,καὶ,,1,0,ὁμοῦ,φάσκοντες
tlg013,Mugler 1966,969,orthographic_or_diacritic,327,b,20,327,b,20,μεμῖχθαι,μεμίχθαι,1,1,καὶ,οὐ
tlg013,Mugler 1966,970,orthographic_or_diacritic,327,b,22,327,b,22,ἐπεὶ,Ἐπεὶ,1,1,χωριστόν,δ
tlg013,Mugler 1966,971,replace,327,b,25,327,b,25,ἕτερον,ἑτέρου,1,1,μὲν,ὄντος
tlg013,Mugler 1966,972,replace,327,b,29,327,b,29,ὅτε,οὔτε,1,1,πάλιν,διαμένουσιν
tlg013,Mugler 1966,973,replace,327,b,29,327,b,29,ἐν,οὖν,1,1,διαμένουσιν,ἐνεργείᾳ
tlg013,Mugler 1966,974,replace,327,b,30,327,b,30,ὅτε,οὔτε,1,1,λευκόν,φθείρονται
tlg013,Mugler 1966,975,replace,327,b,30,327,b,30,ὅτε,οὔτε,1,1,φθείρονται,θάτερον
tlg013,Mugler 1966,976,replace,327,b,30,327,b,30,ὅτ,οὔτ,1,1,θάτερον,ἄμφω
tlg013,Mugler 1966,977,orthographic_or_diacritic,327,b,30,327,b,30,σῴζεται,σώζεται,1,1,ἄμφω,γὰρ
tlg013,Mugler 1966,978,orthographic_or_diacritic,327,b,31,327,b,31,διὸ,Διὸ,1,1,αὐτῶν,ταῦτα
tlg013,Mugler 1966,979,orthographic_or_diacritic,327,b,33,327,b,33,αἴσθησίν,αἴσθησιν,1,1,τὴν,τί
tlg013,Mugler 1966,980,orthographic_or_diacritic,327,b,33,327,b,33,ὅταν,Ὅταν,1,1,ἐστιν,γὰρ
tlg013,Mugler 1966,981,replace,327,b,35,328,a,1,μέμι κται,μέμικται,2,1,τότε,ἡ
tlg013,Mugler 1966,982,orthographic_or_diacritic,328,a,1,328,a,1,ἡ,ἢ,1,1,κται,ὕ
tlg013,Mugler 1966,983,replace,328,a,1,328,a,1,ὕ,οὔ,1,1,ἡ,ἀλλ
tlg013,Mugler 1966,984,orthographic_or_diacritic,328,a,1,328,a,1,ἐστὶν,ἔστιν,1,1,ἀλλ,ὥστε
tlg013,Mugler 1966,985,replace,328,a,1,328,a,1,τιτὲν παρ ὅτινοῦν,ὁτιοῦν,3,1,ὥστε,εἶναι
tlg013,Mugler 1966,986,replace,328,a,2,328,a,2,ἐν ἐκείνοις,οὖν ἐκείνως,2,2,μὲν,οἷον
tlg013,Mugler 1966,987,orthographic_or_diacritic,328,a,3,328,a,3,εἰ,Εἰ,1,1,τεθῇ,δ
tlg013,Mugler 1966,988,delete,328,a,4,328,a,4,καὶ,,1,0,εἴπερ,ἐστὶ
tlg013,Mugler 1966,989,replace,328,a,5,328,a,5,ἐστὶν,ὁτιοῦν,1,1,ὁμοιομερές,ἂν
tlg013,Mugler 1966,990,orthographic_or_diacritic,328,a,5,328,a,5,ἐπεὶ,Ἐπεὶ,1,1,ὁτιοῦν,δ
tlg013,Mugler 1966,991,orthographic_or_diacritic,328,a,6,328,a,6,τὰλάχιστα,τἀλάχιστα,1,1,εἰς,διαιρεθῆναι
tlg013,Mugler 1966,992,replace,328,a,6,328,a,6,οὔτε,οὐδὲ,1,1,διαιρεθῆναι,σύνθεσις
tlg013,Mugler 1966,993,replace,328,a,7,328,a,7,ὥστε,οὔτε,1,1,ὡς,κατὰ
tlg013,Mugler 1966,994,orthographic_or_diacritic,328,a,8,328,a,8,σύνθεσις,Σύνθεσις,1,1,μεμίχθαι,γὰρ
tlg013,Mugler 1966,995,replace,328,a,8,328,a,8,ἡ,οὐ,1,1,καὶ,κρᾶσις
tlg013,Mugler 1966,996,orthographic_or_diacritic,328,a,10,328,a,10,φαμὲν,Φαμὲν,1,1,μόριον,δ
tlg013,Mugler 1966,997,replace,328,a,12,328,a,12,τὸ,τοῦ,1,1,καὶ,κραθέντος
tlg013,Mugler 1966,998,orthographic_or_diacritic,328,a,12,328,a,12,ἂν,Ἂν,1,1,κραθέντος,δ
tlg013,Mugler 1966,999,replace,328,a,13,328,a,13,οὐδὲν,οὐθὲν,1,1,μίξις,συμβήσεται
tlg013,Mugler 1966,1000,replace,328,a,15,328,a,15,οὐδὲν,οὐθὲν,1,1,δ,μεμιγμένον
tlg013,Mugler 1966,1001,replace,328,a,15,328,a,15,οὔτε,οὐδὲ,1,1,μεμιγμένον,τῇ
tlg013,Mugler 1966,1002,replace,328,a,16,328,a,16,οὐδὲν,ὁτιοῦν,1,1,ὥστε,παρ
tlg013,Mugler 1966,1003,orthographic_or_diacritic,328,a,17,328,a,17,ἢ,Ἢ,1,1,διαιρεθῆναι,εἰ
tlg013,Mugler 1966,1004,replace,328,a,17,328,a,17,εἰ μὴ,οὖν οὐκ,2,2,ἢ,ἔστι
tlg013,Mugler 1966,1005,replace,328,a,18,328,a,18,γίγνεσθαι,γίνεσθαι,1,1,ἐνδέχεται,πάλιν
tlg013,Mugler 1966,1006,orthographic_or_diacritic,328,a,18,328,a,18,ἐστὶ,Ἔστι,1,1,πάλιν,δή
tlg013,Mugler 1966,1007,orthographic_or_diacritic,328,a,19,328,a,19,ποιητικά,ποιητικὰ,1,1,μὲν,τὰ
tlg013,Mugler 1966,1008,orthographic_or_diacritic,328,a,19,328,a,19,τὰ,Τὰ,1,1,παθητικά,μὲν
tlg013,Mugler 1966,1009,orthographic_or_diacritic,328,a,20,328,a,20,παθητικά,παθητικὰ,1,1,καὶ,ὑπ
tlg013,Mugler 1966,1010,orthographic_or_diacritic,328,a,22,328,a,22,τούτων,Τούτων,1,1,ὕλη,μὲν
tlg013,Mugler 1966,1011,orthographic_or_diacritic,328,a,23,328,a,23,τῶν,Τῶν,1,1,σώμασιν,δὲ
tlg013,Mugler 1966,1012,replace,328,a,27,328,a,27,φαλαγμὸς,σταλαγμὸς,1,1,οἷον,οἴνου
tlg013,Mugler 1966,1013,replace,328,a,27,328,a,27,ὁ μιγνύμενος,οὐ μίγνυται,2,2,ὕδατος,λύεται
tlg013,Mugler 1966,1014,orthographic_or_diacritic,328,a,28,328,a,28,ὅταν,Ὅταν,1,1,ὕδωρ,δὲ
tlg013,Mugler 1966,1015,replace,328,a,30,328,a,30,ὁ,οὐ,1,1,φύσεως,γίνεται
tlg013,Mugler 1966,1016,orthographic_or_diacritic,328,a,31,328,a,31,φανερὸν,Φανερὸν,1,1,κοινόν,ὅτι
tlg013,Mugler 1966,1017,insert,328,a,31,328,a,31,,οὖν,0,1,φανερὸν,ὅτι
tlg013,Mugler 1966,1018,orthographic_or_diacritic,328,a,33,328,a,33,καὶ,Καὶ,1,1,παθητικά,μικρὰ
tlg013,Mugler 1966,1019,orthographic_or_diacritic,328,a,35,328,a,35,τὸ,Τὸ,1,1,μεθίστησιν,δὲ
tlg013,Mugler 1966,1020,orthographic_or_diacritic,328,a,35,328,a,35,διὸ,Διὸ,1,1,δρᾷ,τὰ
tlg013,Mugler 1966,1021,replace,328,a,35,328,b,1,εὐδιά τῶν ῥιζα,εὐόριστα,3,1,τὰ,τῶν
tlg013,Mugler 1966,1022,replace,328,b,2,328,b,2,εὐρίσκειν,εὐορίστῳ,1,1,τὸ,εἶναι
tlg013,Mugler 1966,1023,orthographic_or_diacritic,328,b,2,328,b,2,εἶναι,εἶναἰ,1,1,εὐρίσκειν,οἷον
tlg013,Mugler 1966,1024,replace,328,b,3,328,b,3,εὔρισκον,εὐόριστον,1,1,σωμάτων,γὰρ
tlg013,Mugler 1966,1025,delete,328,b,5,328,b,5,εἰς,,1,0,ᾖ,ταῦτα
tlg013,Mugler 1966,1026,orthographic_or_diacritic,328,b,6,328,b,6,ὅταν,Ὅταν,1,1,ὄγκον,δ
tlg013,Mugler 1966,1027,orthographic_or_diacritic,328,b,6,328,b,6,παθητικόν,παθητικὸν,1,1,μόνον,ἢ
tlg013,Mugler 1966,1028,replace,328,b,7,328,b,7,οὐδὲν,οὐθὲν,1,1,ἢ,πλείον
tlg013,Mugler 1966,1029,orthographic_or_diacritic,328,b,7,328,b,7,πλείον,πλεῖον,1,1,οὐδὲν,τὸ
tlg013,Mugler 1966,1030,orthographic_or_diacritic,328,b,8,328,b,8,ἔνια,Ἔνια,1,1,χαλκόν,γὰρ
tlg013,Mugler 1966,1031,replace,328,b,9,328,b,10,ἐπαμφότερα ζει,ἐπαμφοτερίζει,2,1,καὶ,φαίνεται
tlg013,Mugler 1966,1032,orthographic_or_diacritic,328,b,11,328,b,11,ὅπερ,Ὅπερ,1,1,εἶδος,ἐπὶ
tlg013,Mugler 1966,1033,replace,328,b,12,328,b,12,τῷ χαλκῷ,τοῦ χαλκοῦ,2,2,ὕλης,σχεδὸν
tlg013,Mugler 1966,1034,orthographic_or_diacritic,328,b,14,328,b,14,ταὐτὸ,Ταὐτὸ,1,1,μόνον,δὲ
tlg013,Mugler 1966,1035,orthographic_or_diacritic,328,b,14,328,b,14,φανερὸν,Φανερὸν,1,1,ἑτέρων,τοίνυν
tlg013,Mugler 1966,1036,orthographic_or_diacritic,328,b,15,328,b,15,ἐστὶ,ἔστι,1,1,ὅτι,μίξις
tlg013,Mugler 1966,1037,orthographic_or_diacritic,328,b,16,328,b,16,ἐστίν,ἐστὶν,1,1,ἐπείπερ,ἔνια
tlg013,Mugler 1966,1038,replace,328,b,17,328,b,17,εὔριστα,εὐόριστα,1,1,καὶ,καὶ
tlg013,Mugler 1966,1039,replace,328,b,17,328,b,17,εὐδιάκριτα,εὐδιαίρετα,1,1,καὶ,ταῦτα
tlg013,Mugler 1966,1040,replace,328,b,18,328,b,18,ταῦτ ἁπλᾶ,ταὐτὰ ἁπλῶς,2,2,ἔτι,εἶναι
tlg013,Mugler 1966,1041,replace,328,b,19,328,b,19,ὥστε,οὔτε,1,1,εἶναι,σύνθεσιν
tlg013,Mugler 1966,1042,replace,328,b,19,328,b,19,ὥτε,οὔτε,1,1,αὐτῶν,πρὸς
tlg013,Mugler 1966,1043,replace,328,b,20,328,b,20,εὔριστον,εὐόριστον,1,1,ἂν,ὂν
tlg013,Mugler 1966,1044,insert,328,b,20,328,b,20,,ᾖ,0,1,παθητικὸν,καὶ
tlg013,Mugler 1966,1045,replace,328,b,21,328,b,21,τοιοῦτο,τοιούτῳ,1,1,καὶ,μικτόν
tlg013,Mugler 1966,1046,orthographic_or_diacritic,328,b,21,328,b,21,γάρ,γὰρ,1,1,ὁμώνυμον,τι
tlg013,Mugler 1966,1047,replace,328,b,21,328,b,21,τι,τὸ,1,1,γάρ,μικτόν
tlg013,Mugler 1966,1048,delete,328,b,23,328,b,23,Β,,1,0,ἕνωσις,Περὶ
tlg013,Mugler 1966,1049,orthographic_or_diacritic,328,b,27,328,b,27,ὁμοίως,Ὁμοίως,1,1,αἰτίαν,δὲ
tlg013,Mugler 1966,1050,replace,328,b,28,328,b,29,αἱ τῶν,αὐτῶν,2,1,διαφορὰν,λοιπὸν
tlg013,Mugler 1966,1051,orthographic_or_diacritic,328,b,29,328,b,29,λοιπὸν,Λοιπὸν,1,1,τῶν,δὲ
tlg013,Mugler 1966,1052,orthographic_or_diacritic,328,b,30,328,b,30,γένεσις,Γένεσις,1,1,σωμάτων,μὲν
tlg013,Mugler 1966,1053,replace,328,b,30,328,b,31,φύσεσιν συνεχῶς ἑστῶσιν ἐκ,φύσει συνεστώσαις οὐσίαις οὐκ ἄνευ,4,5,ταῖς,τῶν
tlg013,Mugler 1966,1054,orthographic_or_diacritic,328,b,31,328,b,31,τούτων,Τούτων,1,1,σωμάτων,δὲ
tlg013,Mugler 1966,1055,orthographic_or_diacritic,328,b,32,328,b,32,μὲν,μέν,1,1,οἱ,φασιν
tlg013,Mugler 1966,1056,orthographic_or_diacritic,328,b,33,328,b,33,χωριστὸν,χωριστόν,1,1,καὶ,εὐδ
tlg013,Mugler 1966,1057,delete,328,b,35,329,a,1,εὐδ σόν,,2,0,χωριστὸν,οἱ
tlg013,Mugler 1966,1058,orthographic_or_diacritic,329,a,5,329,a,5,ὅτι,Ὅτι,1,1,πράγμασιν,μὲν
tlg013,Mugler 1966,1059,replace,329,a,6,329,a,6,ἔσω,ἔστω,1,1,λέγειν,συνομολογούμενον
tlg013,Mugler 1966,1060,orthographic_or_diacritic,329,a,8,329,a,8,ἀλλ,Ἀλλ,1,1,φθοράν,οἱ
tlg013,Mugler 1966,1061,replace,329,a,11,329,a,11,αἰσθητὸν ὄν,αἰσθητῆς,2,1,τοῦτο,ἢ
tlg013,Mugler 1966,1062,orthographic_or_diacritic,329,a,11,329,a,11,κούφον,κοῦφον,1,1,γὰρ,ἢ
tlg013,Mugler 1966,1063,orthographic_or_diacritic,329,a,13,329,a,13,ὡς,Ὡς,1,1,ἀρχήν,δ
tlg013,Mugler 1966,1064,replace,329,a,14,329,a,14,ὁ,οὐ,1,1,διορισμόν,γὰρ
tlg013,Mugler 1966,1065,replace,329,a,14,329,a,14,εἰρηκὼς,εἴρηκε,1,1,γὰρ,σαφῶς
tlg013,Mugler 1966,1066,orthographic_or_diacritic,329,a,15,329,a,15,οὐδὲ,Οὐδὲ,1,1,στοιχείων,χρῆται
tlg013,Mugler 1966,1067,orthographic_or_diacritic,329,a,17,329,a,17,καίτοι,Καίτοι,1,1,χρυσοῖς,καὶ
tlg013,Mugler 1966,1068,replace,329,a,17,329,a,17,ὁ,οὐ,1,1,τοῦτο,καλῶς
tlg013,Mugler 1966,1069,orthographic_or_diacritic,329,a,19,329,a,19,ἔστιν,ἐστὶν,1,1,ἀλλοίωσις,οὕτως
tlg013,Mugler 1966,1070,orthographic_or_diacritic,329,a,20,329,a,20,καίτοι,Καίτοι,1,1,γέγονεν,γέ
tlg013,Mugler 1966,1071,replace,329,a,21,329,a,21,ἀληθεύσαντα,ἀληθέστατον,1,1,μακρῷ,εἶναι
tlg013,Mugler 1966,1072,orthographic_or_diacritic,329,a,21,329,a,21,ἀλλὰ,Ἀλλὰ,1,1,εἶναι,τῶν
tlg013,Mugler 1966,1073,replace,329,a,23,329,a,23,πυθμένην,τιθήνην,1,1,τὴν,καὶ
tlg013,Mugler 1966,1074,orthographic_or_diacritic,329,a,24,329,a,24,ἡμεῖς,Ἡμεῖς,1,1,εἶναι,δὲ
tlg013,Mugler 1966,1075,orthographic_or_diacritic,329,a,27,329,a,27,διώρισται,Διώρισται,1,1,στοιχεῖα,δὲ
tlg013,Mugler 1966,1076,replace,329,a,27,329,a,27,ὁ,Οὐ,1,1,ἀκριβέστερον,μὴν
tlg013,Mugler 1966,1077,orthographic_or_diacritic,329,a,32,329,a,32,ὥστε,Ὥστε,1,1,ἀμφοῖν,πρῶτον
tlg013,Mugler 1966,1078,delete,329,a,35,329,a,35,διὰ,,1,0,γὰρ,μεταβάλλει
tlg013,Mugler 1966,1079,replace,329,b,3,329,b,3,ἡ,οὐ,1,1,ἐναντιώσεις,μεταβάλλουσιν
tlg013,Mugler 1966,1080,orthographic_or_diacritic,329,b,3,329,b,3,ἀλλ,Ἀλλ,1,1,μεταβάλλουσιν,οὐδὲν
tlg013,Mugler 1966,1081,orthographic_or_diacritic,329,b,3,329,b,3,ὡς,ὣς,1,1,καὶ,σώματος
tlg013,Mugler 1966,1082,replace,329,b,7,329,b,7,ἂν ζητῶμεν αἰσθητῶ,οὖν ζητοῦμεν αἰσθητοῦ,3,3,Ἐπεὶ,σώματος
tlg013,Mugler 1966,1083,replace,329,b,8,329,b,8,ἁπτῶ,ἁπτοῦ,1,1,ἐστὶν,ἁπτὸν
tlg013,Mugler 1966,1084,orthographic_or_diacritic,329,b,11,329,b,11,διὸ,Διὸ,1,1,ἐναντίωσιν,ὥστε
tlg013,Mugler 1966,1085,replace,329,b,11,329,b,11,ὥστε,οὔτε,1,1,διὸ,λευκότης
tlg013,Mugler 1966,1086,orthographic_or_diacritic,329,b,14,329,b,14,καίτοι,Καίτοι,1,1,στοιχεῖον,πρότερον
tlg013,Mugler 1966,1087,orthographic_or_diacritic,329,b,15,329,b,15,ἀλλ,Ἀλλ,1,1,πρότερον,ἐκ
tlg013,Mugler 1966,1088,replace,329,b,15,329,b,15,ἐκ ἕξι,οὐκ ἔστι,2,2,ἀλλ,σώματος
tlg013,Mugler 1966,1089,replace,329,b,15,329,b,15,ἁπτῶ,ἁπτοῦ,1,1,σώματος,πάθος
tlg013,Mugler 1966,1090,orthographic_or_diacritic,329,b,15,329,b,15,ἢ,ᾗ,1,1,πάθος,ἁπτόν
tlg013,Mugler 1966,1091,orthographic_or_diacritic,329,b,16,329,b,16,αὐτῶν,Αὐτῶν,1,1,πρότερον,δὲ
tlg013,Mugler 1966,1092,replace,329,b,16,329,b,17,δὲ πρώτων,δὴ πρῶτον,2,2,αὐτῶν,τῶν
tlg013,Mugler 1966,1093,orthographic_or_diacritic,329,b,18,329,b,18,εἰσὶ,Εἰσὶ,1,1,ἐναντιώσεις,δ
tlg013,Mugler 1966,1094,replace,329,b,19,329,b,19,κῦφον,κοῦφον,1,1,βαρὺ,σκληρὸν
tlg013,Mugler 1966,1095,orthographic_or_diacritic,329,b,20,329,b,20,τούτων,Τούτων,1,1,λεπτόν,δὲ
tlg013,Mugler 1966,1096,replace,329,b,21,329,b,21,κῦφον ὁ,κοῦφον οὐ,2,2,καὶ,ποιητικὰ
tlg013,Mugler 1966,1097,replace,329,b,21,329,b,21,δὲ,οὐδὲ,1,1,ποιητικὰ,παθητικά
tlg013,Mugler 1966,1098,replace,329,b,21,329,b,21,ἃ,οὐ,1,1,παθητικά,γὰρ
tlg013,Mugler 1966,1099,replace,329,b,22,329,b,22,τι,τε,1,1,ποιεῖν,ἕτερον
tlg013,Mugler 1966,1100,orthographic_or_diacritic,329,b,22,329,b,22,δεῖ,Δεῖ,1,1,λέγονται,δὲ
tlg013,Mugler 1966,1101,insert,329,b,22,329,b,22,,καὶ παθητικὰ,0,2,ποιητικὰ,εἶναι
tlg013,Mugler 1966,1102,delete,329,b,23,329,b,23,καὶ παθητικὰ,,2,0,ἀλλήλων,τὰ
tlg013,Mugler 1966,1103,orthographic_or_diacritic,329,b,24,329,b,24,θερμὸν,Θερμὸν,1,1,ἄλληλα,δὲ
tlg013,Mugler 1966,1104,orthographic_or_diacritic,329,b,28,329,b,28,ἀλλότρια,ἀλλότριἀ,1,1,τὰ,ψυχρὸν
tlg013,Mugler 1966,1105,orthographic_or_diacritic,329,b,32,329,b,32,τὸ,Τὸ,1,1,δέ,δὲ
tlg013,Mugler 1966,1106,replace,329,b,34,329,b,34,ἀναπλησικὸν,ἀναπληστικόν,1,1,τὸ,ἐστι
tlg013,Mugler 1966,1107,orthographic_or_diacritic,329,b,35,329,b,35,εὔοριστον,εὐόριστον,1,1,μὲν,δ
tlg013,Mugler 1966,1108,replace,330,a,1,330,a,1,ἀναπλησικόν,ἀναπληστικόν,1,1,λεπτὸν,λεπτομερὲς
tlg013,Mugler 1966,1109,replace,330,a,2,330,a,2,ἀναπλησικόν,ἀναπληστικόν,1,1,μικρομερὲς,ὅλον
tlg013,Mugler 1966,1110,orthographic_or_diacritic,330,a,3,330,a,3,λεπτόν,λεπτὸν,1,1,μὲν,ἐστι
tlg013,Mugler 1966,1111,replace,330,a,4,330,a,4,ἐστι τῷ ὑγρῷ,ἔσται τοῦ ὑγροῦ,3,3,λεπτόν,τὸ
tlg013,Mugler 1966,1112,replace,330,a,4,330,a,4,τῷ ξηρῷ,τοῦ ξηροῦ,2,2,παχὺ,πάλιν
tlg013,Mugler 1966,1113,orthographic_or_diacritic,330,a,4,330,a,4,πάλιν,Πάλιν,1,1,ξηρῷ,δὲ
tlg013,Mugler 1966,1114,replace,330,a,5,330,a,5,τῷ ὑγρῷ,τοῦ ὑγροῦ,2,2,γλίσχρον,τὸ
tlg013,Mugler 1966,1115,replace,330,a,6,330,a,6,τῷ ξηρῷ,τοῦ ξηροῦ,2,2,κραῦρον,κραῦρον
tlg013,Mugler 1966,1116,orthographic_or_diacritic,330,a,6,330,a,6,γάρ,γὰρ,1,1,κραῦρον,τι
tlg013,Mugler 1966,1117,replace,330,a,6,330,a,6,τι,τὸ,1,1,γάρ,τελέως
tlg013,Mugler 1966,1118,replace,330,a,7,330,a,7,πηγῆναι,πεπηγέναι,1,1,καὶ,δι
tlg013,Mugler 1966,1119,orthographic_or_diacritic,330,a,7,330,a,7,δι,δῑ,1,1,πηγῆναι,ἔλλειψιν
tlg013,Mugler 1966,1120,orthographic_or_diacritic,330,a,8,330,a,8,ἔτι,Ἔτι,1,1,ὑγρότητος,τὸ
tlg013,Mugler 1966,1121,replace,330,a,10,330,a,10,τὸ ὑγρόν,τοῦ ὑγροὖ,2,2,μαλακὸν,τὸ
tlg013,Mugler 1966,1122,replace,330,a,11,330,a,11,τῷ ξηρῷ,τοῦ ξηροῦ,2,2,σκληρὸν,σκληρὸν
tlg013,Mugler 1966,1123,orthographic_or_diacritic,330,a,12,330,a,12,λέγεται,Λέγεται,1,1,ξηρόν,δὲ
tlg013,Mugler 1966,1124,replace,330,a,15,330,a,15,τῷ,τοῦ,1,1,ἐστὶ,ξηροῦ
tlg013,Mugler 1966,1125,replace,330,a,15,330,a,15,πρώτων,πρώτως,1,1,τῶν,λεχθέντων
tlg013,Mugler 1966,1126,orthographic_or_diacritic,330,a,16,330,a,16,ἐπεὶ,Ἐπεὶ,1,1,λεχθέντων,γὰρ
tlg013,Mugler 1966,1127,replace,330,a,18,330,a,18,ἐξηρημένον,ἐστερημένον,1,1,τὸ,ταύτης
tlg013,Mugler 1966,1128,replace,330,a,19,330,a,19,τῷ ὑγρῷ,τοῦ ὑγροῦ,2,2,ἔσται,τὸ
tlg013,Mugler 1966,1129,replace,330,a,19,330,a,19,ξηρῷ τῷ πρώτου,ξηρὸν τοῦ πρώτως,3,3,ἀντικείμενον,ξηροῦ
tlg013,Mugler 1966,1130,orthographic_or_diacritic,330,a,20,330,a,20,πάλιν,Πάλιν,1,1,ξηροῦ,δὲ
tlg013,Mugler 1966,1131,orthographic_or_diacritic,330,a,21,330,a,21,μέν,μὲν,1,1,ὑγρὸν,γάρ
tlg013,Mugler 1966,1132,replace,330,a,23,330,a,23,ἐξηρημένον,ἐστερημένον,1,1,τὸ,ταύτης
tlg013,Mugler 1966,1133,orthographic_or_diacritic,330,a,23,330,a,23,ὥστε,Ὥστε,1,1,ταύτης,καὶ
tlg013,Mugler 1966,1134,orthographic_or_diacritic,330,a,24,330,a,24,δῆλον,Δῆλον,1,1,ὑγροῦ,τοίνυν
tlg013,Mugler 1966,1135,orthographic_or_diacritic,330,a,25,330,a,25,αὗται,Αὗται,1,1,τέτταρας,δὲ
tlg013,Mugler 1966,1136,replace,330,a,25,330,a,25,εἰσὶν,εἰς,1,1,οὐκέτι,ἐλάττους
tlg013,Mugler 1966,1137,replace,330,a,26,330,a,26,ὅτε,οὔτε,1,1,ἐλάττους,γὰρ
tlg013,Mugler 1966,1138,replace,330,a,26,330,a,26,ὑπὲρ,ὅπερ,1,1,θερμὸν,ὑγρὸν
tlg013,Mugler 1966,1139,replace,330,a,26,330,a,26,ὑπὲρ,ὅπερ,1,1,ἢ,ξηρόν
tlg013,Mugler 1966,1140,replace,330,a,26,330,a,26,ὅτε,οὔτε,1,1,ξηρόν,τὸ
tlg013,Mugler 1966,1141,replace,330,a,27,330,a,27,ὑπὲρ,ὅπερ,1,1,ὑγρὸν,θερμὸν
tlg013,Mugler 1966,1142,replace,330,a,27,330,a,27,ὑπὲρ,ὅπερ,1,1,ἢ,ψυχρόν
tlg013,Mugler 1966,1143,replace,330,a,27,330,a,27,ὅτε,οὔτε,1,1,ψυχρόν,τὸ
tlg013,Mugler 1966,1144,replace,330,a,28,330,a,28,θ,οὔθ,1,1,ξηρὸν,ὑπ
tlg013,Mugler 1966,1145,replace,330,a,28,330,a,28,θ,οὔθ,1,1,ἄλληλ,ὑπὸ
tlg013,Mugler 1966,1146,replace,330,a,29,330,a,29,ὥς,ὥστ,1,1,εἰσιν,ἀνάγκη
tlg013,Mugler 1966,1147,orthographic_or_diacritic,330,a,30,330,a,30,ἐξ,ἓξ,1,1,τεττάρων,αἱ
tlg013,Mugler 1966,1148,replace,330,a,31,330,a,31,ὡς,οὐ,1,1,ἐναντία,πέφυκε
tlg013,Mugler 1966,1149,replace,330,a,33,330,a,33,σωχείων,στοιχείων,1,1,τῶν,συζεύξεις
tlg013,Mugler 1966,1150,replace,330,a,34,330,a,34,θερμῷ,θερμοῦ,1,1,συζεύξεις,καὶ
tlg013,Mugler 1966,1151,replace,330,a,34,330,a,34,ξηρῷ,ξηροῦ,1,1,καὶ,καὶ
tlg013,Mugler 1966,1152,replace,330,a,34,330,a,34,θερμῷ,θερμοῦ,1,1,καὶ,καὶ
tlg013,Mugler 1966,1153,replace,330,a,34,330,a,34,ὑγρῷ καὶ,ὑγροῦ,2,1,καὶ,καὶ
tlg013,Mugler 1966,1154,replace,330,b,1,330,b,1,ψυχρῷ,ψυχροῦ,1,1,πάλιν,καὶ
tlg013,Mugler 1966,1155,replace,330,b,1,330,b,1,ὑγρῷ,ὑγροῦ,1,1,καὶ,καὶ
tlg013,Mugler 1966,1156,replace,330,b,1,330,b,1,ψυχρῷ,ψυχροῦ,1,1,καὶ,καὶ
tlg013,Mugler 1966,1157,replace,330,b,1,330,b,1,ξηρῷ,ξηροῦ,1,1,καὶ,καὶ
tlg013,Mugler 1966,1158,orthographic_or_diacritic,330,b,1,330,b,1,καὶ,Καὶ,1,1,ξηρῷ,ἴσα
tlg013,Mugler 1966,1159,replace,330,b,1,330,b,2,ἴσα τὸ λάβηκε,ἠκολούθηκε,3,1,καὶ,κατὰ
tlg013,Mugler 1966,1160,orthographic_or_diacritic,330,b,4,330,b,4,γάρ,γὰρ,1,1,ἀτμὶς,ὁ
tlg013,Mugler 1966,1161,orthographic_or_diacritic,330,b,4,330,b,4,ἀήρ,ἀήῤ,1,1,ὁ,τὸ
tlg013,Mugler 1966,1162,replace,330,b,6,330,b,6,ὡς,ὥστ,1,1,ξηρόν,εὐλόγως
tlg013,Mugler 1966,1163,orthographic_or_diacritic,330,b,7,330,b,7,ἅπαντες,Ἅπαντες,1,1,λόγον,γὰρ
tlg013,Mugler 1966,1164,orthographic_or_diacritic,330,b,8,330,b,8,ἓν,ἕν,1,1,μὲν,οἱ
tlg013,Mugler 1966,1165,orthographic_or_diacritic,330,b,9,330,b,9,ὅσοι,Ὅσοι,1,1,ποιοῦσιν,μὲν
tlg013,Mugler 1966,1166,orthographic_or_diacritic,330,b,13,330,b,13,ἐν,ἓν,1,1,δ,ὑπόκειται
tlg013,Mugler 1966,1167,orthographic_or_diacritic,330,b,13,330,b,13,οἱ,Οἱ,1,1,ὕλη,δ
tlg013,Mugler 1966,1168,replace,330,b,13,330,b,13,εὐθὺ,εὐθὺς,1,1,δ,δύο
tlg013,Mugler 1966,1169,orthographic_or_diacritic,330,b,15,330,b,15,ὡσαύτως,Ὡσαύτως,1,1,ὕδωρ,δ
tlg013,Mugler 1966,1170,replace,330,b,15,330,b,15,δ,δὲ,1,1,ὡσαύτως,καὶ
tlg013,Mugler 1966,1171,orthographic_or_diacritic,330,b,17,330,b,17,καὶ,Καὶ,1,1,ποιεῖ,σχεδὸν
tlg013,Mugler 1966,1172,orthographic_or_diacritic,330,b,17,330,b,17,οἱ,οἵ,1,1,λέγουσιν,τε
tlg013,Mugler 1966,1173,orthographic_or_diacritic,330,b,19,330,b,19,ἐν,ἓν,1,1,δ,μόνον
tlg013,Mugler 1966,1174,orthographic_or_diacritic,330,b,19,330,b,19,ἔνιοι,Ἔνιοι,1,1,ποιοῦσιν,δ
tlg013,Mugler 1966,1175,orthographic_or_diacritic,330,b,20,330,b,20,συνάγει,Συνάγει,1,1,Ἐμπεδοκλῆς,δὲ
tlg013,Mugler 1966,1176,orthographic_or_diacritic,330,b,21,330,b,21,οὐκ,Οὐκ,1,1,ἀντιτίθησιν,ἔστι
tlg013,Mugler 1966,1177,replace,330,b,22,330,b,22,ἁπλᾶ,ἁπλοῦν,1,1,εἰρημένων,ἀλλὰ
tlg013,Mugler 1966,1178,replace,330,b,22,330,b,22,μικτά,μικτόν,1,1,ἀλλὰ,τὰ
tlg013,Mugler 1966,1179,orthographic_or_diacritic,330,b,23,330,b,23,τὰ,Τὰ,1,1,μικτά,δ
tlg013,Mugler 1966,1180,replace,330,b,23,330,b,23,ἡ,οὐ,1,1,ἐστιν,μέντοι
tlg013,Mugler 1966,1181,replace,330,b,24,330,b,24,ἢ,οὐ,1,1,πυροειδές,πῦρ
tlg013,Mugler 1966,1182,orthographic_or_diacritic,330,b,25,330,b,25,τὸ,Τὸ,1,1,ἄλλων,δὲ
tlg013,Mugler 1966,1183,orthographic_or_diacritic,330,b,25,330,b,25,ἐστὶν,ἐστιν,1,1,πῦρ,ὑπερβολὴ
tlg013,Mugler 1966,1184,orthographic_or_diacritic,330,b,28,330,b,28,εἰ,Εἰ,1,1,θερμότητος,δὴ
tlg013,Mugler 1966,1185,replace,330,b,28,330,b,28,δὴ,οὖν,1,1,εἰ,ὁ
tlg013,Mugler 1966,1186,orthographic_or_diacritic,330,b,28,330,b,28,κρύσταλλος,κρύσταλλός,1,1,ὁ,ἔστι
tlg013,Mugler 1966,1187,orthographic_or_diacritic,330,b,28,330,b,28,ἔστι,ἐστι,1,1,κρύσταλλος,πῆξις
tlg013,Mugler 1966,1188,orthographic_or_diacritic,330,b,29,330,b,29,διὸ,Διὸ,1,1,θερμοῦ,καὶ
tlg013,Mugler 1966,1189,replace,330,b,29,330,b,30,οὐδὲ ἐξ ὕδατος,οὐδὲν οὔτ,3,2,καὶ,ἐκ
tlg013,Mugler 1966,1190,replace,330,b,30,330,b,30,οὐδ,οὔτ,1,1,γίνεται,ἐκ
tlg013,Mugler 1966,1191,orthographic_or_diacritic,330,b,30,330,b,30,ὄντων,Ὄντων,1,1,πυρός,δὲ
tlg013,Mugler 1966,1192,replace,330,b,31,330,b,31,ἑκάτερον,ἑκάτερα,1,1,σωμάτων,τοῖν
tlg013,Mugler 1966,1193,replace,330,b,32,330,b,32,τῷ,τοῦ,1,1,ἀὴρ,πρὸς
tlg013,Mugler 1966,1194,replace,330,b,32,330,b,32,φερομένῳ,φερομένου,1,1,ὅρον,γῇ
tlg013,Mugler 1966,1195,orthographic_or_diacritic,330,b,33,330,b,33,γῇ,γῆ,1,1,φερομένῳ,δὲ
tlg013,Mugler 1966,1196,replace,330,b,33,330,b,33,τῷ,τοῦ,1,1,ὕδωρ,πρὸς
tlg013,Mugler 1966,1197,orthographic_or_diacritic,330,b,33,330,b,33,καὶ,Καὶ,1,1,μέσον,ἄκρα
tlg013,Mugler 1966,1198,orthographic_or_diacritic,330,b,33,330,b,33,εἴλικρινέστατα,εἰλικρινέστατα,1,1,καὶ,πῦρ
tlg013,Mugler 1966,1199,orthographic_or_diacritic,331,a,1,331,a,1,καὶ,Καὶ,1,1,ἀήρ,ἑκάτερα
tlg013,Mugler 1966,1200,delete,331,a,1,331,a,1,γῆ,,1,0,μὲν,γὰρ
tlg013,Mugler 1966,1201,replace,331,a,3,331,a,3,ὃ,Οὐ,1,1,συνέστηκεν,μὴν
tlg013,Mugler 1966,1202,replace,331,a,4,331,a,4,ξηρὸ,ξηροῦ,1,1,μὲν,μᾶλλον
tlg013,Mugler 1966,1203,replace,331,a,4,331,a,4,ψυχρό,ψυχροῦ,1,1,ἢ,ὕδωρ
tlg013,Mugler 1966,1204,replace,331,a,5,331,a,5,ψυχρὸ,ψυχροῦ,1,1,δὲ,μᾶλλον
tlg013,Mugler 1966,1205,replace,331,a,5,331,a,5,ὑγρό,ὑγροῦ,1,1,ἢ,ἀὴρ
tlg013,Mugler 1966,1206,replace,331,a,5,331,a,5,ὑγρὸ,ὑγροῦ,1,1,δ,μᾶλλον
tlg013,Mugler 1966,1207,replace,331,a,5,331,a,5,θερμό,θερμοῦ,1,1,ἢ,πῦρ
tlg013,Mugler 1966,1208,replace,331,a,6,331,a,6,θερμὸ,θερμοῦ,1,1,δὲ,μᾶλλον
tlg013,Mugler 1966,1209,replace,331,a,6,331,a,6,ξηρό,ξηροῦ,1,1,ἢ,Ἐπεὶ
tlg013,Mugler 1966,1210,replace,331,a,9,331,a,9,ὃ,οὐ,1,1,γινόμενα,γὰρ
tlg013,Mugler 1966,1211,replace,331,a,9,331,a,9,ᾖ,ἦν,1,1,ἂν,ἀλλοίωσις
tlg013,Mugler 1966,1212,delete,331,a,10,331,a,10,ἡ,,1,0,πάθη,ἀλλοίωσίς
tlg013,Mugler 1966,1213,replace,331,a,12,331,a,12,γίγνεσθαι,γίνεσθαι,1,1,ἅπαντος,δυνατὸν
tlg013,Mugler 1966,1214,orthographic_or_diacritic,331,a,12,331,a,12,ὅτι,Ὅτι,1,1,ἀδύνατον,μὲν
tlg013,Mugler 1966,1215,replace,331,a,14,331,a,14,σοιχεῖα,στοιχεῖα,1,1,δὲ,πάντα
tlg013,Mugler 1966,1216,orthographic_or_diacritic,331,a,20,331,a,20,ὥστε,Ὥστε,1,1,ψυχρόν,καθόλου
tlg013,Mugler 1966,1217,replace,331,a,21,331,a,21,ὃ,οὐ,1,1,ἕκαστον,χαλεπὸν
tlg013,Mugler 1966,1218,orthographic_or_diacritic,331,a,23,331,a,23,ὅσα,Ὅσα,1,1,χαλεπώτερον,μὲν
tlg013,Mugler 1966,1219,orthographic_or_diacritic,331,a,25,331,a,25,ἐν,ἓν,1,1,τὸ,τὰ
tlg013,Mugler 1966,1220,insert,331,a,25,331,a,25,,ἢ,0,1,ἐν,τὰ
tlg013,Mugler 1966,1221,orthographic_or_diacritic,331,a,29,331,a,29,ἔσται,ἔσταἰ,1,1,ἀὴρ,πάλιν
tlg013,Mugler 1966,1222,orthographic_or_diacritic,331,a,32,331,a,32,ἔσται,ἔσταἰ,1,1,ὕδωρ,τὸν
tlg013,Mugler 1966,1223,orthographic_or_diacritic,331,a,32,331,a,32,τὸν,Τὸν,1,1,ἔσται,αὐτὸν
tlg013,Mugler 1966,1224,orthographic_or_diacritic,331,a,36,331,a,36,καὶ,Καὶ,1,1,ἔσται,πάλιν
tlg013,Mugler 1966,1225,orthographic_or_diacritic,331,b,1,331,b,1,γῇ,γῆ,1,1,δὲ,ψυχρὸν
tlg013,Mugler 1966,1226,orthographic_or_diacritic,331,b,2,331,b,2,ὥστε,Ὥστε,1,1,γῆς,φανερὸν
tlg013,Mugler 1966,1227,orthographic_or_diacritic,331,b,3,331,b,3,ῥᾴστος,ῥᾷστος,1,1,καὶ,οὗτος
tlg013,Mugler 1966,1228,orthographic_or_diacritic,331,b,4,331,b,4,ἐκ,Ἐκ,1,1,ἐφεξῆς,πυρὸς
tlg013,Mugler 1966,1229,orthographic_or_diacritic,331,b,9,331,b,9,ὡσαύτως,Ὡσαύτως,1,1,ξηρόν,δὲ
tlg013,Mugler 1966,1230,orthographic_or_diacritic,331,b,11,331,b,11,αὕτη,Αὕτη,1,1,μεταβάλλειν,μὲν
tlg013,Mugler 1966,1231,replace,331,b,12,331,b,12,ῥᾷον,ῥᾴων,1,1,θάτερον,μέν
tlg013,Mugler 1966,1232,orthographic_or_diacritic,331,b,14,331,b,14,ὅταν,Ὅταν,1,1,ὕδωρ,μὲν
tlg013,Mugler 1966,1233,replace,331,b,16,331,b,16,τῷ,τοῦ,1,1,γὰρ,μὲν
tlg013,Mugler 1966,1234,replace,331,b,17,331,b,17,τῷ,τοῦ,1,1,δὲ,μὲν
tlg013,Mugler 1966,1235,replace,331,b,17,331,b,17,τῷ,τοῦ,1,1,θερμὸν,δ
tlg013,Mugler 1966,1236,replace,331,b,18,331,b,18,τῷ,τοῦ,1,1,λείπεσθαι,μὲν
tlg013,Mugler 1966,1237,replace,331,b,18,331,b,18,τῷ,τοῦ,1,1,ξηρὸν,δὲ
tlg013,Mugler 1966,1238,orthographic_or_diacritic,331,b,18,331,b,18,ὡσαύτως,Ὡσαύτως,1,1,ψυχρόν,δὲ
tlg013,Mugler 1966,1239,replace,331,b,20,331,b,20,τῷ,τοῦ,1,1,γὰρ,ἀέρος
tlg013,Mugler 1966,1240,replace,331,b,21,331,b,21,τῷ,τοῦ,1,1,γὰρ,μὲν
tlg013,Mugler 1966,1241,replace,331,b,22,331,b,22,τῷ,τοῦ,1,1,δὲ,μὲν
tlg013,Mugler 1966,1242,replace,331,b,23,331,b,23,τῷ,τοῦ,1,1,λείπεσθαι,μὲν
tlg013,Mugler 1966,1243,orthographic_or_diacritic,331,b,24,331,b,24,ὁμολογουμένη,Ὁμολογουμένη,1,1,πυρός,δὲ
tlg013,Mugler 1966,1244,orthographic_or_diacritic,331,b,25,331,b,25,μάλιστα,Μάλιστα,1,1,γένεσις,μὲν
tlg013,Mugler 1966,1245,orthographic_or_diacritic,331,b,26,331,b,26,ἐν,Ἐν,1,1,γῆς,δὲ
tlg013,Mugler 1966,1246,orthographic_or_diacritic,331,b,28,331,b,28,μεταβασιν,μετάβασιν,1,1,γενέσθαι,εἰς
tlg013,Mugler 1966,1247,orthographic_or_diacritic,331,b,29,331,b,29,ἐξ,Ἐξ,1,1,τἀναντία,ὁποτέρων
tlg013,Mugler 1966,1248,replace,331,b,29,331,b,29,ὁποτέρων,οὐδετέρων,1,1,ἐξ,δὲ
tlg013,Mugler 1966,1249,replace,331,b,30,331,b,30,γίγνεσθαι,γίνεσθαι,1,1,ἐγχωρεῖ,σῶμα
tlg013,Mugler 1966,1250,delete,331,b,30,331,b,30,τῷ,,1,0,εἰ,μὲν
tlg013,Mugler 1966,1251,insert,331,b,30,331,b,30,,τοῦ,0,1,μὲν,πυρὸς
tlg013,Mugler 1966,1252,replace,331,b,31,331,b,31,τῷ,τοῦ,1,1,ξηρόν,δ
tlg013,Mugler 1966,1253,orthographic_or_diacritic,331,b,33,331,b,33,ὁμοίως,Ὁμοίως,1,1,ὑγρόν,δὲ
tlg013,Mugler 1966,1254,orthographic_or_diacritic,331,b,35,331,b,35,ὥσθ,Ὥσθ,1,1,ἐναντίον,ἅμα
tlg013,Mugler 1966,1255,orthographic_or_diacritic,331,b,36,331,b,36,ὅτι,Ὅτι,1,1,πλειόνων,μὲν
tlg013,Mugler 1966,1256,replace,332,a,2,332,a,2,μεταβάσεις,μετάβασις,1,1,ἄλληλα,γίνεται
tlg013,Mugler 1966,1257,orthographic_or_diacritic,332,a,4,332,a,4,εἰ,Εἰ,1,1,αὐτῶν,γάρ
tlg013,Mugler 1966,1258,orthographic_or_diacritic,332,a,6,332,a,6,ἓν,Ἓν,1,1,πλείω,μὲν
tlg013,Mugler 1966,1259,replace,332,a,6,332,a,6,ἐχ,οὐχ,1,1,πάντα,οἷόν
tlg013,Mugler 1966,1260,orthographic_or_diacritic,332,a,8,332,a,8,εἰ,Εἰ,1,1,τἀναντία,γὰρ
tlg013,Mugler 1966,1261,orthographic_or_diacritic,332,a,9,332,a,9,ἅμα,Ἅμα,1,1,γένεσις,δ
tlg013,Mugler 1966,1262,replace,332,a,9,332,a,9,ὥσὕδωρ,ὥστε ὕδωρ,1,2,δοκεῖ,εἶναι
tlg013,Mugler 1966,1263,orthographic_or_diacritic,332,a,10,332,a,10,ἔσται,Ἔσται,1,1,ὁτιοῦν,δή
tlg013,Mugler 1966,1264,orthographic_or_diacritic,332,a,12,332,a,12,ἀλλὰ,Ἀλλὰ,1,1,θερμότητα,μὴν
tlg013,Mugler 1966,1265,orthographic_or_diacritic,332,a,13,332,a,13,ἅμα,Ἅμα,1,1,φαίνεται,δὲ
tlg013,Mugler 1966,1266,replace,332,a,14,332,a,14,τῷ θερμῷ,τοῦ θερμοῦ,2,2,ἀήρ,εἰς
tlg013,Mugler 1966,1267,orthographic_or_diacritic,332,a,15,332,a,15,ὑπάρξει,Ὑπάρξει,1,1,ἔσται,ἄρα
tlg013,Mugler 1966,1268,orthographic_or_diacritic,332,a,16,332,a,16,ὥστε,Ὥστε,1,1,τι,ἀδύνατον
tlg013,Mugler 1966,1269,orthographic_or_diacritic,332,a,17,332,a,17,ἄλλο,Ἄλλο,1,1,ἔσται,τι
tlg013,Mugler 1966,1270,orthographic_or_diacritic,332,a,18,332,a,18,ὁ,Ὁ,1,1,κοινή,δ
tlg013,Mugler 1966,1271,replace,332,a,19,332,a,19,ἔσται ἐκ,ἔστιν ἓν,2,2,οὐκ,τούτων
tlg013,Mugler 1966,1272,replace,332,a,19,332,a,19,ὧν,οὗ,1,1,ἐξ,τὰ
tlg013,Mugler 1966,1273,replace,332,a,20,332,a,20,ὁ,Οὐ,1,1,πάντα,μὴν
tlg013,Mugler 1966,1274,replace,332,a,23,332,a,23,σχέσις,στέρησις,1,1,ἀλλὰ,τὸ
tlg013,Mugler 1966,1275,replace,332,a,24,332,a,24,ὥς,ὥστ,1,1,ἐναντίων,οὐκ
tlg013,Mugler 1966,1276,orthographic_or_diacritic,332,a,25,332,a,25,ὁμοίως,Ὁμοίως,1,1,περιέχον,ἄρα
tlg013,Mugler 1966,1277,replace,332,a,26,332,a,26,οὐδέν ἐστιν,ὁτιοῦν,2,1,ἄρα,τούτων
tlg013,Mugler 1966,1278,orthographic_or_diacritic,332,a,26,332,a,26,εἰ,Εἰ,1,1,οὐδέν,ἓν
tlg013,Mugler 1966,1279,replace,332,a,26,332,a,26,ἓν,οὖν,1,1,εἰ,μηδὲν
tlg013,Mugler 1966,1280,orthographic_or_diacritic,332,a,27,332,a,27,ἀνάγκη,Ἀνάγκη,1,1,πάντα,τοίνυν
tlg013,Mugler 1966,1281,orthographic_or_diacritic,332,a,30,332,a,30,ὅτι,Ὅτι,1,1,ἔγραψεν,μὲν
tlg013,Mugler 1966,1282,replace,332,a,31,332,a,31,ἄλλα,ἄλλο,1,1,ταχέως,ἐξ
tlg013,Mugler 1966,1283,orthographic_or_diacritic,332,a,34,332,a,34,εἰ,Εἰ,1,1,βραδύτερον,μὲν
tlg013,Mugler 1966,1284,orthographic_or_diacritic,332,b,1,332,b,1,ἐπεὶ,Ἐπεὶ,1,1,ἀχώριστος,δὲ
tlg013,Mugler 1966,1285,orthographic_or_diacritic,332,b,2,332,b,2,δύο,Δύο,1,1,ἐλάχισται,δ
tlg013,Mugler 1966,1286,replace,332,b,2,332,b,2,ὄντων ἐχ,οὐσῶν οὐχ,2,2,δ,οἷόν
tlg013,Mugler 1966,1287,orthographic_or_diacritic,332,b,2,332,b,2,τέσσαρα,τέςσαρα,1,1,ἀλλὰ,ὥσπερ
tlg013,Mugler 1966,1288,replace,332,b,3,332,b,4,ἐπεὶ δοκεῖ,ἓξ,2,1,συζυγίαι,γὰρ
tlg013,Mugler 1966,1289,replace,332,b,4,332,b,4,ἑσῶν,οὐσῶν,1,1,γὰρ,τὰς
tlg013,Mugler 1966,1290,orthographic_or_diacritic,332,b,5,332,b,5,περὶ,Περὶ,1,1,ἀλλήλαις,μὲν
tlg013,Mugler 1966,1291,replace,332,b,5,332,b,5,ὧν τέκνων,οὖν τούτων,2,2,μὲν,εἴρηται
tlg013,Mugler 1966,1292,orthographic_or_diacritic,332,b,5,332,b,5,ὅτι,Ὅτι,1,1,πρότερον,δ
tlg013,Mugler 1966,1293,orthographic_or_diacritic,332,b,7,332,b,7,ἐπὶ,Ἐπὶ,1,1,δῆλον,μὲν
tlg013,Mugler 1966,1294,replace,332,b,8,332,b,8,ὧν,οὖν,1,1,μὲν,τοῖς
tlg013,Mugler 1966,1295,delete,332,b,9,332,b,9,ὥστε,,1,0,πάντα,καὶ
tlg013,Mugler 1966,1296,orthographic_or_diacritic,332,b,10,332,b,10,ὅτι,Ὅτι,1,1,πάντα,δ
tlg013,Mugler 1966,1297,orthographic_or_diacritic,332,b,10,332,b,10,τισὶν,τισιν,1,1,δοκεῖ,ἀὴρ
tlg013,Mugler 1966,1298,replace,332,b,12,332,b,13,εἶναί τι,στῆναι,2,1,γὰρ,καὶ
tlg013,Mugler 1966,1299,orthographic_or_diacritic,332,b,14,332,b,14,ἄπειροι,Ἄπειροι,1,1,ἑκάτερα,γὰρ
tlg013,Mugler 1966,1300,delete,332,b,14,332,b,14,αἱ,,1,0,γὰρ,ἐναντιότητες
tlg013,Mugler 1966,1301,replace,332,b,14,332,b,14,τὸ ἓν,τοῦ ἑνὸς,2,2,ἐπὶ,ἔσονται
tlg013,Mugler 1966,1302,orthographic_or_diacritic,332,b,14,332,b,14,γῆ,Γῆ,1,1,ἔσονται,ἐφ
tlg013,Mugler 1966,1303,replace,332,b,15,332,b,15,Τ,Υ,1,1,ᾧ,ἀὴρ
tlg013,Mugler 1966,1304,orthographic_or_diacritic,332,b,15,332,b,15,εἰ,Εἰ,1,1,Π,δὴ
tlg013,Mugler 1966,1305,replace,332,b,16,332,b,16,Τ ἐναντίον,Υ ἐναντιότης,2,2,καὶ,ἔσται
tlg013,Mugler 1966,1306,replace,332,b,16,332,b,17,ΑΠ ἔσω,Α Π Ἔστω,2,3,τῶν,ταῦτα
tlg013,Mugler 1966,1307,orthographic_or_diacritic,332,b,17,332,b,17,πάλιν,Πάλιν,1,1,μελανία,εἰ
tlg013,Mugler 1966,1308,replace,332,b,17,332,b,17,Τ,Υ,1,1,τὸ,τὸ
tlg013,Mugler 1966,1309,replace,332,b,18,332,b,18,ὁ,οὐ,1,1,ἄλλη,γὰρ
tlg013,Mugler 1966,1310,orthographic_or_diacritic,332,b,18,332,b,18,ταὐτό,ταὐτὸ,1,1,γὰρ,τὸ
tlg013,Mugler 1966,1311,replace,332,b,18,332,b,18,Τ,Υ,1,1,τὸ,καὶ
tlg013,Mugler 1966,1312,replace,332,b,18,332,b,18,ἔσω,Ἔστω,1,1,Π,δὲ
tlg013,Mugler 1966,1313,replace,332,b,19,332,b,19,Τ,Υ,1,1,δὲ,ὑγρότης
tlg013,Mugler 1966,1314,orthographic_or_diacritic,332,b,20,332,b,20,οὐκοῦν,Οὐκοῦν,1,1,ὑγρότης,εἰ
tlg013,Mugler 1966,1315,orthographic_or_diacritic,332,b,22,332,b,22,ἀνάγκη,Ἀνάγκη,1,1,μεταβολή,ἄρα
tlg013,Mugler 1966,1316,replace,332,b,23,332,b,23,ἔσω δὲ,Ἔστω δὴ,2,2,ὕδωρ,τὸ
tlg013,Mugler 1966,1317,orthographic_or_diacritic,332,b,23,332,b,23,ὁμοίως,Ὁμοίως,1,1,πρῶτον,τοίνυν
tlg013,Mugler 1966,1318,orthographic_or_diacritic,332,b,24,332,b,24,ἔσται,Ἔσται,1,1,ξηρότης,ἄρα
tlg013,Mugler 1966,1319,orthographic_or_diacritic,332,b,26,332,b,26,ὑγρὸν,ὑγρόν,1,1,ὕδωρ,ἔπειτα
tlg013,Mugler 1966,1320,orthographic_or_diacritic,332,b,27,332,b,27,φανερὸν,Φανερὸν,1,1,λευκόν,δὴ
tlg013,Mugler 1966,1321,replace,332,b,28,332,b,28,τέκνων,τούτων,1,1,γε,ὅτι
tlg013,Mugler 1966,1322,replace,332,b,30,332,b,30,ἅ,οὐ,1,1,γὰρ,συνδεδύασται
tlg013,Mugler 1966,1323,orthographic_or_diacritic,332,b,30,332,b,30,συνδεδύασται,συνδεδύασταί,1,1,ἅ,πως
tlg013,Mugler 1966,1324,orthographic_or_diacritic,332,b,30,332,b,30,ὅτι,Ὅτι,1,1,πως,δ
tlg013,Mugler 1966,1325,replace,332,b,31,332,b,31,δεῖξαι,δείξειν,1,1,μελλήσαντες,ἐπὶ
tlg013,Mugler 1966,1326,orthographic_or_diacritic,332,b,31,332,b,31,ἐμπροσθεν,ἔμπροσθεν,1,1,τοῦτο,ἤλθομεν
tlg013,Mugler 1966,1327,orthographic_or_diacritic,332,b,32,332,b,32,εἰ,Εἰ,1,1,τῶνδε,γὰρ
tlg013,Mugler 1966,1328,replace,332,b,34,332,b,34,ἐναντίον τι,ἐναντιότης τις,2,2,Ψ,τῷ
tlg013,Mugler 1966,1329,replace,332,b,34,332,b,34,ἄλλην,ἄλλη,1,1,Ψ,ὑπάρξει
tlg013,Mugler 1966,1330,delete,332,b,35,332,b,35,οὖσα,,1,0,ὑπάρξει,τῶν
tlg013,Mugler 1966,1331,replace,332,b,35,332,b,35,ΓΤΑΠ,Γ Υ Α Π,1,4,τῶν,το
tlg013,Mugler 1966,1332,orthographic_or_diacritic,333,a,1,333,a,1,το,τὸ,1,1,ΓΤΑΠ,Φ
tlg013,Mugler 1966,1333,replace,333,a,1,333,a,1,Φ ἔσω,Ψ Ἔστω,2,2,το,δὴ
tlg013,Mugler 1966,1334,orthographic_or_diacritic,333,a,1,333,a,1,τὸ,Τὸ,1,1,Φ,δὴ
tlg013,Mugler 1966,1335,replace,333,a,2,333,a,2,ΓΤΑΠ,Γ Υ Α Π,1,4,τοῖς,μεταβάλλουσι
tlg013,Mugler 1966,1336,orthographic_or_diacritic,333,a,3,333,a,3,ἀλλὰ,Ἀλλὰ,1,1,ἄλληλα,γὰρ
tlg013,Mugler 1966,1337,replace,333,a,3,333,a,3,ἔσω,ἔστω,1,1,μὲν,μήπω
tlg013,Mugler 1966,1338,orthographic_or_diacritic,333,a,5,333,a,5,ὁμοίως,Ὁμοίως,1,1,Π,δ
tlg013,Mugler 1966,1339,replace,333,a,6,333,a,6,προσιθεμένου,προστιθεμένου,1,1,τοῦ,ἐναντιότης
tlg013,Mugler 1966,1340,replace,333,a,6,333,a,6,ὥς,ὥστ,1,1,ἔμπροσθεν,εἰ
tlg013,Mugler 1966,1341,orthographic_or_diacritic,333,a,7,333,a,7,εἰ,Εἰ,1,1,ὑπάρξουσιν,δὲ
tlg013,Mugler 1966,1342,replace,333,a,8,333,a,8,ὅτε,οὔτε,1,1,ἔσται,ὁρίσασθαι
tlg013,Mugler 1966,1343,replace,333,a,8,333,a,8,ὅτε,οὔτε,1,1,οὐδὲν,γενέσθαι
tlg013,Mugler 1966,1344,replace,333,a,10,333,a,10,ὥς εἶναι,ὥστ εἰς ἔνια,2,3,πλείους,μὲν
tlg013,Mugler 1966,1345,replace,333,a,10,333,a,10,ὁδέποτ ἔσεσθαι μεταβολήν,οὐδέποτ ἔσται μεταβολή,3,3,μὲν,οἷον
tlg013,Mugler 1966,1346,orthographic_or_diacritic,333,a,13,333,a,13,γίνεται,Γίνεται,1,1,ἐναντιότητες,δὲ
tlg013,Mugler 1966,1347,replace,333,a,14,333,a,14,τὸ,τοῦ,1,1,κάτω,Π
tlg013,Mugler 1966,1348,replace,333,a,14,333,a,14,ταῖς,τὰς,1,1,Π,τῶν
tlg013,Mugler 1966,1349,orthographic_or_diacritic,333,a,18,333,a,18,φησί,φησι,1,1,Ἐμπεδοκλῆς,πῶς
tlg013,Mugler 1966,1350,orthographic_or_diacritic,333,a,19,333,a,19,καίτοι,Καίτοι,1,1,στοιχεῖα,λέγει
tlg013,Mugler 1966,1351,replace,333,a,19,333,a,19,ὥτω,οὕτω,1,1,λέγει,ταῦτα
tlg013,Mugler 1966,1352,orthographic_or_diacritic,333,a,20,333,a,20,ἴσά,ἶσά,1,1,γὰρ,τε
tlg013,Mugler 1966,1353,orthographic_or_diacritic,333,a,20,333,a,20,εἰ,Εἰ,1,1,πάντα,μὲν
tlg013,Mugler 1966,1354,replace,333,a,21,333,a,21,μετρῶνται,μετροῦνται,1,1,ᾧ,οἷον
tlg013,Mugler 1966,1355,orthographic_or_diacritic,333,a,22,333,a,22,αὐτὸ,αὐτό,1,1,τὸ,τί
tlg013,Mugler 1966,1356,orthographic_or_diacritic,333,a,22,333,a,22,τί,τι,1,1,αὐτὸ,ἦν
tlg013,Mugler 1966,1357,orthographic_or_diacritic,333,a,23,333,a,23,εἰ,Εἰ,1,1,αὐτῷ,δὲ
tlg013,Mugler 1966,1358,replace,333,a,23,333,a,23,ὥτω,οὕτω,1,1,μὴ,κατὰ
tlg013,Mugler 1966,1359,replace,333,a,26,333,a,26,ἔχῃ,οὐχ ᾗ,1,2,ποσὸν,ποσὸν
tlg013,Mugler 1966,1360,orthographic_or_diacritic,333,a,27,333,a,27,εἴη,Εἴη,1,1,τι,δ
tlg013,Mugler 1966,1361,orthographic_or_diacritic,333,a,29,333,a,29,τὸ,Τὸ,1,1,θερμόν,δ
tlg013,Mugler 1966,1362,insert,333,a,30,333,a,30,,τῷ,0,1,δὲ,ποσῷ
tlg013,Mugler 1966,1363,orthographic_or_diacritic,333,a,30,333,a,30,ἄτοπον,Ἄτοπον,1,1,ἴσον,δὴ
tlg013,Mugler 1966,1364,orthographic_or_diacritic,333,a,31,333,a,31,συμβλητὰ,συμβλητά,1,1,ἀναλογίᾳ,ἐστιν
tlg013,Mugler 1966,1365,replace,333,a,34,333,a,34,φααλλὰ,Ἀλλὰ,1,1,λόγον,μὴν
tlg013,Mugler 1966,1366,delete,333,a,35,333,a,35,σί,,1,0,ἢ,κατὰ
tlg013,Mugler 1966,1367,replace,333,b,2,333,b,2,γένος,δέμας,1,1,σφέτερον,αἰθέρα
tlg013,Mugler 1966,1368,orthographic_or_diacritic,333,b,2,333,b,2,ταῦτα,Ταῦτα,1,1,αἰθήρ,δὲ
tlg013,Mugler 1966,1369,orthographic_or_diacritic,333,b,3,333,b,3,πολὺ,Πολὺ,1,1,αὐξανόμενα,δὲ
tlg013,Mugler 1966,1370,orthographic_or_diacritic,333,b,4,333,b,4,τὰ,Τὰ,1,1,φύσιν,γὰρ
tlg013,Mugler 1966,1371,delete,333,b,5,333,b,5,ὡδὶ,,1,0,ἀεὶ,ἢ
tlg013,Mugler 1966,1372,orthographic_or_diacritic,333,b,7,333,b,7,τί,Τί,1,1,τύχης,δὴ
tlg013,Mugler 1966,1373,replace,333,b,7,333,b,7,δὴ,οὖν,1,1,τί,τὸ
tlg013,Mugler 1966,1374,replace,333,b,8,333,b,8,πυρὸς,πυροῦ,1,1,τοῦ,πυρόν
tlg013,Mugler 1966,1375,orthographic_or_diacritic,333,b,8,333,b,8,πυρόν,πυρὸν,1,1,πυρὸς,ἀλλὰ
tlg013,Mugler 1966,1376,replace,333,b,9,333,b,9,ἔλαιον,ἐλαίαν,1,1,μὴ,ἢ
tlg013,Mugler 1966,1377,replace,333,b,9,333,b,9,ὁσονοῦν,ὀστοῦν,1,1,συντεθῇ,οὐ
tlg013,Mugler 1966,1378,replace,333,b,10,333,b,10,καθάπερ,καθ ἃ,1,2,γίνεται,ἐκεῖνος
tlg013,Mugler 1966,1379,orthographic_or_diacritic,333,b,10,333,b,10,ἐκεῖνος,ἐκεῖνός,1,1,καθάπερ,φησιν
tlg013,Mugler 1966,1380,orthographic_or_diacritic,333,b,11,333,b,11,τί,Τί,1,1,τινί,δὴ
tlg013,Mugler 1966,1381,replace,333,b,11,333,b,11,δὴ,οὖν,1,1,τί,τούτων
tlg013,Mugler 1966,1382,replace,333,b,11,333,b,11,ἢ,οὐ,1,1,αἴτιον,γὰρ
tlg013,Mugler 1966,1383,orthographic_or_diacritic,333,b,12,333,b,12,ἀλλὰ,Ἀλλὰ,1,1,γῆ,μὴν
tlg013,Mugler 1966,1384,replace,333,b,13,333,b,13,μόνον,τὸ μέν,1,2,γὰρ,τὸ
tlg013,Mugler 1966,1385,orthographic_or_diacritic,333,b,13,333,b,13,τοῦτο,Τοῦτο,1,1,αἴτιον,δ
tlg013,Mugler 1966,1386,orthographic_or_diacritic,333,b,15,333,b,15,τύχη,Τύχη,1,1,φησιν,δ
tlg013,Mugler 1966,1387,replace,333,b,15,333,b,15,τούτων,τούτοις,1,1,ἐπὶ,ὀνομάζεται
tlg013,Mugler 1966,1388,replace,333,b,16,333,b,16,ὁ,οὐ,1,1,ἀλλ,λόγος
tlg013,Mugler 1966,1389,orthographic_or_diacritic,333,b,16,333,b,16,τῶν,Τῶν,1,1,ἔτυχεν,δὴ
tlg013,Mugler 1966,1390,orthographic_or_diacritic,333,b,18,333,b,18,οὐδὲν,Οὐδὲν,1,1,λέγει,ἄρα
tlg013,Mugler 1966,1391,orthographic_or_diacritic,333,b,19,333,b,19,ἀλλὰ,Ἀλλὰ,1,1,λέγει,μὴν
tlg013,Mugler 1966,1392,orthographic_or_diacritic,333,b,20,333,b,20,καίτοι,Καίτοι,1,1,ἐπαινεῖ,τά
tlg013,Mugler 1966,1393,orthographic_or_diacritic,333,b,22,333,b,22,ἔτι,Ἔτι,1,1,ταῦτα,δὲ
tlg013,Mugler 1966,1394,orthographic_or_diacritic,333,b,23,333,b,23,φιλία,φιλίᾳ,1,1,ἦν,εἶναι
tlg013,Mugler 1966,1395,replace,333,b,24,333,b,24,τοιονδί,τοιᾳδί,1,1,κινήσει,νείκει
tlg013,Mugler 1966,1396,replace,333,b,24,333,b,24,τοιονδί,τοιᾳδί,1,1,τὸ,ἔδει
tlg013,Mugler 1966,1397,orthographic_or_diacritic,333,b,24,333,b,24,ἔδει,Ἔδει,1,1,τοιονδί,δὴ
tlg013,Mugler 1966,1398,replace,333,b,24,333,b,24,δὴ,οὖν,1,1,ἔδει,ἢ
tlg013,Mugler 1966,1399,replace,333,b,26,333,b,26,ἁμῶς,ἄλλως,1,1,ἢ,γέ
tlg013,Mugler 1966,1400,orthographic_or_diacritic,333,b,26,333,b,26,ἔτι,Ἔτι,1,1,πως,δ
tlg013,Mugler 1966,1401,orthographic_or_diacritic,333,b,30,333,b,30,ταύτην,Ταύτην,1,1,κινεῖσθαι,δὴ
tlg013,Mugler 1966,1402,replace,333,b,30,333,b,30,δὴ,οὖν,1,1,ταύτην,ἡ
tlg013,Mugler 1966,1403,orthographic_or_diacritic,333,b,30,333,b,30,οὐ,οὔ,1,1,ἢ,τἀναντία
tlg013,Mugler 1966,1404,replace,333,b,30,333,b,30,τἀναντία,τοὐναντίον,1,1,οὐ,γὰρ
tlg013,Mugler 1966,1405,orthographic_or_diacritic,333,b,32,333,b,32,ὥστε,Ὥστε,1,1,φιλία,καὶ
tlg013,Mugler 1966,1406,orthographic_or_diacritic,333,b,33,333,b,33,ἁπλῶς,Ἁπλῶς,1,1,μᾶλλον,δὲ
tlg013,Mugler 1966,1407,orthographic_or_diacritic,333,b,35,333,b,35,ἔτι,Ἔτι,1,1,ἄτοπον,δὲ
tlg013,Mugler 1966,1408,replace,333,b,35,334,a,1,κινού μενα,κινούμενα,2,1,φαίνεται,διέκρινε
tlg013,Mugler 1966,1409,replace,334,a,2,334,a,2,ἐκ,οὐχ,1,1,αἰθὴρ,ὑπὸ
tlg013,Mugler 1966,1410,replace,334,a,2,334,a,2,τὸν εἶκος,τοῦ νείκους,2,2,ὑπὸ,ἀλλ
tlg013,Mugler 1966,1411,orthographic_or_diacritic,334,a,2,334,a,2,ὅτε,ὁτὲ,1,1,ἀλλ,μὲν
tlg013,Mugler 1966,1412,orthographic_or_diacritic,334,a,2,334,a,2,μὲν,μέν,1,1,ὅτε,φησιν
tlg013,Mugler 1966,1413,replace,334,a,3,334,a,3,ὥτω,οὕτω,1,1,τύχης,γὰρ
tlg013,Mugler 1966,1414,orthographic_or_diacritic,334,a,3,334,a,3,θεῶν,θέων,1,1,συνέκυρσε,τότε
tlg013,Mugler 1966,1415,orthographic_or_diacritic,334,a,3,334,a,3,τότε,τοτέ,1,1,θεῶν,πολλάκι
tlg013,Mugler 1966,1416,orthographic_or_diacritic,334,a,3,334,a,3,ὅτε,ὁτὲ,1,1,ἄλλως,δέ
tlg013,Mugler 1966,1417,orthographic_or_diacritic,334,a,4,334,a,4,αἰθὴρ,αἰθήρ,1,1,δ,φησί
tlg013,Mugler 1966,1418,insert,334,a,5,334,a,5,,δ αὖ,0,2,φησί,μακρῆσι
tlg013,Mugler 1966,1419,orthographic_or_diacritic,334,a,5,334,a,5,μακρῆσι,μακρῇσι,1,1,φησί,κατὰ
tlg013,Mugler 1966,1420,orthographic_or_diacritic,334,a,5,334,a,5,ἅμα,Ἅμα,1,1,ῥίζαις,δὲ
tlg013,Mugler 1966,1421,orthographic_or_diacritic,334,a,7,334,a,7,τί,Τί,1,1,φιλίας,ἐν
tlg013,Mugler 1966,1422,replace,334,a,7,334,a,7,ἐν,οὖν,1,1,τί,ἐστι
tlg013,Mugler 1966,1423,orthographic_or_diacritic,334,a,7,334,a,7,ἐστι,ἐστὶ,1,1,ἐν,τὸ
tlg013,Mugler 1966,1424,replace,334,a,7,334,a,7,κινῶν,κινοῦν,1,1,τὸ,πρῶτον
tlg013,Mugler 1966,1425,replace,334,a,8,334,a,8,ὁ,οὐ,1,1,κινήσεως,γὰρ
tlg013,Mugler 1966,1426,orthographic_or_diacritic,334,a,8,334,a,8,ἀλλὰ,ἀλλά,1,1,νεῖκος,τινος
tlg013,Mugler 1966,1427,orthographic_or_diacritic,334,a,10,334,a,10,ἤ,ἢ,1,1,στοιχείων,ἔν
tlg013,Mugler 1966,1428,orthographic_or_diacritic,334,a,10,334,a,10,ἔν,ἕν,1,1,ἤ,τι
tlg013,Mugler 1966,1429,orthographic_or_diacritic,334,a,13,334,a,13,πυρί,πυρὶ,1,1,ὅσα,ἢ
tlg013,Mugler 1966,1430,orthographic_or_diacritic,334,a,14,334,a,14,ἢ,ᾗ,1,1,πυρί,πῦρ
tlg013,Mugler 1966,1431,orthographic_or_diacritic,334,a,15,334,a,15,ἀλλὰ,Ἀλλὰ,1,1,σωματικόν,περὶ
tlg013,Mugler 1966,1432,orthographic_or_diacritic,334,a,15,334,a,15,περὶ,Περὶ,1,1,θεωρίας,δὲ
tlg013,Mugler 1966,1433,orthographic_or_diacritic,334,a,19,334,a,19,ἐκάστου,ἑκάστου,1,1,ἐξ,πλὴν
tlg013,Mugler 1966,1434,replace,334,a,20,334,a,20,τοίχω πλίνθος,τοίχου πλίνθους,2,2,ἐκ,ἄτοπον
tlg013,Mugler 1966,1435,orthographic_or_diacritic,334,a,21,334,a,21,ἔχει,Ἔχει,1,1,ὁτιοῦν,δὲ
tlg013,Mugler 1966,1436,replace,334,a,22,334,a,22,γινομένοις,γεννῶσιν,1,1,ἀλλήλων,τίνα
tlg013,Mugler 1966,1437,orthographic_or_diacritic,334,a,23,334,a,23,λέγω,Λέγω,1,1,αὐτά,δ
tlg013,Mugler 1966,1438,delete,334,a,24,334,a,24,τὸ,,1,0,κοινὸν,ὑποκείμενον
tlg013,Mugler 1966,1439,orthographic_or_diacritic,334,a,25,334,a,25,ἀλλὰ,Ἀλλὰ,1,1,ὑποκείμενον,δὴ
tlg013,Mugler 1966,1440,replace,334,a,28,334,a,28,ἐκ,ἐξ,1,1,καθάπερ,πλίνθων
tlg013,Mugler 1966,1441,replace,334,a,30,334,a,30,ὥτω,Οὕτω,1,1,συγκειμένων,δὴ
tlg013,Mugler 1966,1442,orthographic_or_diacritic,334,a,31,334,a,31,συμβαίνει,Συμβαίνει,1,1,ἕκαστον,δὴ
tlg013,Mugler 1966,1443,replace,334,a,31,334,a,31,ὁτιοῦν μέρος,ὁτουοῦν μέρους,2,2,ἐξ,σαρκὸς
tlg013,Mugler 1966,1444,replace,334,a,32,334,a,32,τυδὶ,τουδὶ,1,1,μὲν,τοῦ
tlg013,Mugler 1966,1445,replace,334,a,33,334,a,33,ἐνδέχεταί,ἐνεδέχετό,1,1,ἀλλ,γε
tlg013,Mugler 1966,1446,orthographic_or_diacritic,334,a,34,334,a,34,τοῦτο,Τοῦτο,1,1,γενέσθαι,μὲν
tlg013,Mugler 1966,1447,replace,334,a,35,334,a,35,ὁτιοῦν,ὁτουοῦν,1,1,ἐξ,ἀμφω
tlg013,Mugler 1966,1448,orthographic_or_diacritic,334,a,35,334,a,35,ἀμφω,ἄμφω,1,1,ὁτιοῦν,τοῖς
tlg013,Mugler 1966,1449,replace,334,b,1,334,b,1,λέγεται,λέγουσιν,1,1,ἐκείνως,οὐκ
tlg013,Mugler 1966,1450,orthographic_or_diacritic,334,b,2,334,b,2,ὁμοίως,Ὁμοίως,1,1,μέρους,δὲ
tlg013,Mugler 1966,1451,orthographic_or_diacritic,334,b,2,334,b,2,ποιοῦσί,ποιοῦσι,1,1,τοῖς,μίαν
tlg013,Mugler 1966,1452,replace,334,b,4,334,b,4,ψυχρῷ,ψυχροῦ,1,1,οἷον,καὶ
tlg013,Mugler 1966,1453,orthographic_or_diacritic,334,b,4,334,b,4,εἰ,Εἰ,1,1,γῆς,γὰρ
tlg013,Mugler 1966,1454,orthographic_or_diacritic,334,b,5,334,b,5,γὰρ,γάρ,1,1,εἰ,ἔσται
tlg013,Mugler 1966,1455,replace,334,b,5,334,b,5,ἔσται,ἐστιν,1,1,γὰρ,ἡ
tlg013,Mugler 1966,1456,insert,334,b,6,334,b,6,,τὴν,0,1,πλὴν,ὕλην
tlg013,Mugler 1966,1457,replace,334,b,7,334,b,7,ἀμφοῖν,ἐκείνων,1,1,ἐξ,ἡ
tlg013,Mugler 1966,1458,replace,334,b,7,334,b,7,θάτερον,θατέρου,1,1,γὰρ,φθορὰ
tlg013,Mugler 1966,1459,replace,334,b,7,334,b,7,ποιεῖ,ποεῖ,1,1,θάτερον,ἢ
tlg013,Mugler 1966,1460,replace,334,b,8,334,b,8,ἀλλ ἂν,Ἆρ οὖν,2,2,ὕλην,ἐπειδή
tlg013,Mugler 1966,1461,orthographic_or_diacritic,334,b,11,334,b,11,θερμόν,θερμὸν,1,1,ψυχρὸν,διὰ
tlg013,Mugler 1966,1462,replace,334,b,12,334,b,12,δ,οὔθ,1,1,τότε,ἡ
tlg013,Mugler 1966,1463,replace,334,b,12,334,b,12,ὥστε,οὔτε,1,1,ἔσται,ἐκείνων
tlg013,Mugler 1966,1464,orthographic_or_diacritic,334,b,13,334,b,13,μεταξὺ,μεταξύ,1,1,ἀλλὰ,κατὰ
tlg013,Mugler 1966,1465,replace,334,b,14,334,b,15,τὸ ἐναντίον,τοὐναντίον,2,1,ἢ,κατὰ
tlg013,Mugler 1966,1466,orthographic_or_diacritic,334,b,16,334,b,16,ἔσται,Ἔσται,1,1,τοιοῦτον,δὴ
tlg013,Mugler 1966,1467,delete,334,b,18,334,b,18,ὥσπερ εἴρηται,,2,0,ὄντων,οὐχ
tlg013,Mugler 1966,1468,insert,334,b,18,334,b,18,,οὕτω δὲ,0,2,οὐχ,ὡς
tlg013,Mugler 1966,1469,insert,334,b,19,334,b,19,,ἡ,0,1,ὡς,ὕλη
tlg013,Mugler 1966,1470,replace,334,b,19,334,b,19,ὧδε,οὕτω,1,1,ἔστιν,μὲν
tlg013,Mugler 1966,1471,replace,334,b,19,334,b,20,ὕλη καὶ ἕξις,μίξις,3,1,μὲν,ἐκείνως
tlg013,Mugler 1966,1472,orthographic_or_diacritic,334,b,20,334,b,20,ἐπεὶ,Ἐπεὶ,1,1,γινόμενον,δὲ
tlg013,Mugler 1966,1473,orthographic_or_diacritic,334,b,24,334,b,24,καὶ,Καὶ,1,1,ἐναντίων,πρῶτον
tlg013,Mugler 1966,1474,replace,334,b,26,334,b,26,τῷ,τοῦ,1,1,τοιαῦτα,μὲν
tlg013,Mugler 1966,1475,replace,334,b,26,334,b,26,θερμῷ γινόμενα ψυχρά τῷ,θερμοῦ γινομένου ψυχροῦ τοῦ,4,4,μὲν,δὲ
tlg013,Mugler 1966,1476,replace,334,b,27,334,b,27,ψυχρῷ θερμά,ψυχροῦ θερμοῦ,2,2,δὲ,ὅταν
tlg013,Mugler 1966,1477,replace,334,b,28,334,b,28,ἐν,οὐκ,1,1,καὶ,ἀδιαίρετον
tlg013,Mugler 1966,1478,orthographic_or_diacritic,334,b,28,334,b,28,ὁμοίως,Ὁμοίως,1,1,ἀδιαίρετον,δὲ
tlg013,Mugler 1966,1479,replace,334,b,30,334,b,30,ὀστᾶ,ὀστοῦν,1,1,καὶ,καὶ
tlg013,Mugler 1966,1480,insert,334,b,31,334,b,31,,τοῦ μέσου,0,2,τὸν,τόπον
tlg013,Mugler 1966,1481,delete,334,b,32,334,b,32,τοῦτον,,1,0,τόπον,ἐστίν
tlg013,Mugler 1966,1482,orthographic_or_diacritic,334,b,32,334,b,32,γῆ,Γῆ,1,1,ἁπλῶν,μὲν
tlg013,Mugler 1966,1483,replace,334,b,35,334,b,35,εὑρίσκεσθαι,εὐόριστον τὸ,1,2,ἁπλῶν,ὕδωρ
tlg013,Mugler 1966,1484,replace,335,a,2,335,a,2,τότ,τοῦτ,1,1,ἀλλὰ,εἶναι
tlg013,Mugler 1966,1485,orthographic_or_diacritic,335,a,3,335,a,3,γῆ,Γῆ,1,1,ἄν,μὲν
tlg013,Mugler 1966,1486,replace,335,a,3,335,a,3,ἐν,οὖν,1,1,μὲν,καὶ
tlg013,Mugler 1966,1487,orthographic_or_diacritic,335,a,5,335,a,5,γῇ,γῆ,1,1,ὕδατι,μὲν
tlg013,Mugler 1966,1488,orthographic_or_diacritic,335,a,6,335,a,6,ἐπεὶ,Ἐπεὶ,1,1,εἶναι,δ
tlg013,Mugler 1966,1489,replace,335,a,7,335,a,7,δ,οὖν,1,1,ἐπεὶ,αἱ
tlg013,Mugler 1966,1490,replace,335,a,8,335,a,8,ὥς,ὥστ,1,1,ἐνυπάρχειν,ἐν
tlg013,Mugler 1966,1491,replace,335,a,9,335,a,9,μαρτυρεῖ,Μαρτυρεῖν,1,1,ἐνέσται,δ
tlg013,Mugler 1966,1492,replace,335,a,10,335,a,10,ἑκάστῳ,ἑκάστων,1,1,τροφὴ,ἅπαντα
tlg013,Mugler 1966,1493,orthographic_or_diacritic,335,a,11,335,a,11,ὧνπερ,ὧνπέρ,1,1,ἐξ,ἐσίν
tlg013,Mugler 1966,1494,replace,335,a,11,335,a,11,ἐσίν,ἐστιν,1,1,ὧνπερ,ἅπαντα
tlg013,Mugler 1966,1495,orthographic_or_diacritic,335,a,11,335,a,11,καὶ,Καὶ,1,1,τρέφεται,γὰρ
tlg013,Mugler 1966,1496,orthographic_or_diacritic,335,a,12,335,a,12,ἐνὶ,ἑνὶ,1,1,δόξειεν,μόνῳ
tlg013,Mugler 1966,1497,replace,335,a,14,335,a,14,ἀρδεύειν,ἄρδειν,1,1,μίξαντες,ἐπεὶ
tlg013,Mugler 1966,1498,orthographic_or_diacritic,335,a,14,335,a,14,ἐπεὶ,Ἐπεὶ,1,1,ἀρδεύειν,δ
tlg013,Mugler 1966,1499,replace,335,a,14,335,a,14,ἐσὶν,ἐστὶν,1,1,δ,ἡ
tlg013,Mugler 1966,1500,replace,335,a,19,335,a,19,τῷ,τοῦ,1,1,μάλιστα,εἴδους
tlg013,Mugler 1966,1501,orthographic_or_diacritic,335,a,20,335,a,20,ἕκαστον,Ἕκαστον,1,1,ὅρον,δὲ
tlg013,Mugler 1966,1502,replace,335,a,20,335,a,20,αὑτῷ,ἑαυτοῦ,1,1,τὴν,χώραν
tlg013,Mugler 1966,1503,orthographic_or_diacritic,335,a,22,335,a,22,ὅτι,Ὅτι,1,1,ὅροις,μὲν
tlg013,Mugler 1966,1504,replace,335,a,22,335,a,22,ἂν,οὖν,1,1,μὲν,ἅπαντα
tlg013,Mugler 1966,1505,replace,335,a,24,335,a,24,ἐσίν τινα,ἐστὶν ἔνια,2,2,δ,γενητὰ
tlg013,Mugler 1966,1506,replace,335,a,25,335,a,25,ὅσα,οὖσα,1,1,τυγχάνει,ἐν
tlg013,Mugler 1966,1507,delete,335,a,26,335,a,26,αἱ,,1,0,αὐτῆς,ἀρχαί
tlg013,Mugler 1966,1508,delete,335,a,26,335,a,26,τὸ,,1,0,ἀρχαί,ῥᾷον
tlg013,Mugler 1966,1509,replace,335,a,28,335,a,28,ἐσὶν ἐν,Εἰσὶν οὖν,2,2,πρῶτον,καὶ
tlg013,Mugler 1966,1510,orthographic_or_diacritic,335,a,29,335,a,29,ἀϊδίοις,ἀιδίοις,1,1,τοῖς,τε
tlg013,Mugler 1966,1511,replace,335,a,30,335,a,30,ἐσιν,ἐστιν,1,1,γάρ,ὡς
tlg013,Mugler 1966,1512,orthographic_or_diacritic,335,a,30,335,a,30,δεῖ,Δεῖ,1,1,μορφή,δὲ
tlg013,Mugler 1966,1513,replace,335,a,31,335,a,31,ὁ,οὐ,1,1,προσυπάρχειν,γὰρ
tlg013,Mugler 1966,1514,replace,335,a,31,335,a,31,γενῆσαι,γεννῆσαι,1,1,τὸ,αἱ
tlg013,Mugler 1966,1515,replace,335,a,32,335,a,32,ἐδ,οὐδ,1,1,καθάπερ,ἐν
tlg013,Mugler 1966,1516,orthographic_or_diacritic,335,a,32,335,a,32,ὡς,Ὡς,1,1,πρώτοις,μὲν
tlg013,Mugler 1966,1517,replace,335,a,32,335,a,32,ἐν,οὖν,1,1,μὲν,ὕλῃ
tlg013,Mugler 1966,1518,orthographic_or_diacritic,335,a,32,335,a,32,ὕλῃ,ὕλη,1,1,ἐν,τοῖς
tlg013,Mugler 1966,1519,replace,335,a,33,335,a,33,ἐσὶν,ἐστιν,1,1,γενητοῖς,αἴτιον
tlg013,Mugler 1966,1520,orthographic_or_diacritic,335,a,33,335,a,33,τὰ,Τὰ,1,1,εἶναι,μὲν
tlg013,Mugler 1966,1521,insert,335,a,33,335,a,33,,γὰρ,0,1,μὲν,ἐξ
tlg013,Mugler 1966,1522,replace,335,a,34,335,a,34,ἐσίν,ἐστίν,1,1,ἀνάγκης,οἷον
tlg013,Mugler 1966,1523,orthographic_or_diacritic,335,a,34,335,a,34,ἀΐδια,ἀίδια,1,1,τὰ,τὰ
tlg013,Mugler 1966,1524,replace,335,a,35,335,a,35,ἐσίν τέτων,ἔστιν Τούτων,2,2,οὐκ,δὲ
tlg013,Mugler 1966,1525,orthographic_or_diacritic,335,b,2,335,b,2,ἔνια,Ἔνια,1,1,ἔχειν,δὲ
tlg013,Mugler 1966,1526,orthographic_or_diacritic,335,b,3,335,b,3,γάρ,γὰρ,1,1,μὲν,ἐστι
tlg013,Mugler 1966,1527,orthographic_or_diacritic,335,b,3,335,b,3,ἐστι,ἔστι,1,1,γάρ,τοῦτο
tlg013,Mugler 1966,1528,replace,335,b,4,335,b,4,ὡς,Ὥστ,1,1,ἔστιν,ἀνάγκη
tlg013,Mugler 1966,1529,orthographic_or_diacritic,335,b,5,335,b,5,διὸ,Διὸ,1,1,εἶναι,καὶ
tlg013,Mugler 1966,1530,orthographic_or_diacritic,335,b,7,335,b,7,δεῖ,Δεῖ,1,1,οὐσίας,δὲ
tlg013,Mugler 1966,1531,replace,335,b,15,335,b,15,ὥς,ὥστ,1,1,ἀποβολήν,εἰ
tlg013,Mugler 1966,1532,orthographic_or_diacritic,335,b,16,335,b,16,οἱ,Οἱ,1,1,φθορᾶς,δ
tlg013,Mugler 1966,1533,replace,335,b,17,335,b,17,ὑδότεροι,Οὐδέτεροι,1,1,κίνησιν,δὲ
tlg013,Mugler 1966,1534,orthographic_or_diacritic,335,b,18,335,b,18,εἰ,Εἰ,1,1,καλῶς,μὲν
tlg013,Mugler 1966,1535,replace,335,b,22,335,b,22,ὅσης,οὔσης,1,1,ἐπιστήμων,καὶ
tlg013,Mugler 1966,1536,orthographic_or_diacritic,335,b,24,335,b,24,εἰ,Εἰ,1,1,πραττομένων,δὲ
tlg013,Mugler 1966,1537,replace,335,b,29,335,b,29,ὅμως δὲ,Οὐ μὴν ἀλλὰ,2,3,κινητικόν,καὶ
tlg013,Mugler 1966,1538,orthographic_or_diacritic,335,b,31,335,b,31,δῆλον,Δῆλον,1,1,δυνάμεως,δὲ
tlg013,Mugler 1966,1539,replace,335,b,32,335,b,32,ὃ,οὐ,1,1,γινομένων,γὰρ
tlg013,Mugler 1966,1540,orthographic_or_diacritic,335,b,33,335,b,33,ὥστε,Ὥστε,1,1,τέχνη,καὶ
tlg013,Mugler 1966,1541,orthographic_or_diacritic,336,a,1,336,a,1,ἔτι,Ἔτι,1,1,μορφήν,δὲ
tlg013,Mugler 1966,1542,orthographic_or_diacritic,336,a,1,336,a,1,δι,δῑ,1,1,σώμασι,ἃς
tlg013,Mugler 1966,1543,orthographic_or_diacritic,336,a,3,336,a,3,ἐπειδὴ,Ἐπειδὴ,1,1,αἰτίαν,γὰρ
tlg013,Mugler 1966,1544,replace,336,a,6,336,a,6,γίγνεσθαι,γίνεσθαι,1,1,τἆλλα,καὶ
tlg013,Mugler 1966,1545,orthographic_or_diacritic,336,a,7,336,a,7,ἔτι,Ἔτι,1,1,πάσχον,δὲ
tlg013,Mugler 1966,1546,replace,336,a,10,336,a,10,πρίοντος,πρίονος ὄντος,1,2,γὰρ,διαιρεῖσθαι
tlg013,Mugler 1966,1547,replace,336,a,11,336,a,11,ὥς,Ὥστ,1,1,ὁμοίως,εἴ
tlg013,Mugler 1966,1548,orthographic_or_diacritic,336,a,11,336,a,11,εἴ,εἰ,1,1,ὥς,ὅτι
tlg013,Mugler 1966,1549,orthographic_or_diacritic,336,a,13,336,a,13,ἡμῖν,Ἡμῖν,1,1,ὄργανα,δὲ
tlg013,Mugler 1966,1550,orthographic_or_diacritic,336,a,16,336,a,16,ἀΐδιος,ἀίδιος,1,1,ὅτι,ἀνάγκη
tlg013,Mugler 1966,1551,orthographic_or_diacritic,336,a,18,336,a,18,ἅμα,Ἅμα,1,1,γεννητικόν,δὲ
tlg013,Mugler 1966,1552,replace,336,a,18,336,a,18,τὰ,τὸ,1,1,καὶ,πρότερον
tlg013,Mugler 1966,1553,orthographic_or_diacritic,336,a,22,336,a,22,τὸ,Τὸ,1,1,εἶναι,μὲν
tlg013,Mugler 1966,1554,replace,336,a,22,336,a,22,γὰρ,οὖν,1,1,μὲν,φερόμενον
tlg013,Mugler 1966,1555,orthographic_or_diacritic,336,a,23,336,a,23,ἐπεὶ,Ἐπεὶ,1,1,γενέσεως,δ
tlg013,Mugler 1966,1556,orthographic_or_diacritic,336,a,28,336,a,28,ὥστε,Ὥστε,1,1,ποιεῖν,ἤτοι
tlg013,Mugler 1966,1557,orthographic_or_diacritic,336,a,29,336,a,29,δεῖ,Δεῖ,1,1,φθορά,δὲ
tlg013,Mugler 1966,1558,replace,336,a,29,336,a,29,δὲ,δὴ,1,1,δεῖ,πλείους
tlg013,Mugler 1966,1559,orthographic_or_diacritic,336,b,1,336,b,1,φθορὰ,φθορά,1,1,καὶ,ἀεὶ
tlg013,Mugler 1966,1560,delete,336,b,2,336,b,2,εἴδος,,1,0,αἱ,μεταβολαί
tlg013,Mugler 1966,1561,orthographic_or_diacritic,336,b,2,336,b,2,τῆς,Τῆς,1,1,μόνον,μὲν
tlg013,Mugler 1966,1562,replace,336,b,3,336,b,3,ἐν,οὖν,1,1,μὲν,συνεχείας
tlg013,Mugler 1966,1563,replace,336,b,3,336,b,3,προσμέναι,προσιέναι,1,1,δὲ,καὶ
tlg013,Mugler 1966,1564,orthographic_or_diacritic,336,b,5,336,b,5,ἀνίσου,Ἀνίσου,1,1,ἐγγύς,δὲ
tlg013,Mugler 1966,1565,replace,336,b,6,336,b,6,προσμέναι,προσιέναι,1,1,τῷ,καὶ
tlg013,Mugler 1966,1566,replace,336,b,8,336,b,8,προσμέναι,προσελθεῖν,1,1,πολλάκις,γεννᾷ
tlg013,Mugler 1966,1567,orthographic_or_diacritic,336,b,9,336,b,9,καὶ,Καὶ,1,1,αἴτια,ἐν
tlg013,Mugler 1966,1568,orthographic_or_diacritic,336,b,10,336,b,10,διὸ,Διὸ,1,1,φύσιν,καὶ
tlg013,Mugler 1966,1569,replace,336,b,11,336,b,11,ἑκάσων,ἑκάστων,1,1,βίοι,ἀριθμὸν
tlg013,Mugler 1966,1570,replace,336,b,11,336,b,12,τάξει διωρίζονται,τούτῳ διορίζονται,2,2,καὶ,πάντων
tlg013,Mugler 1966,1571,replace,336,b,14,336,b,14,δ,δὲ,1,1,τοῖς,μείζων
tlg013,Mugler 1966,1572,orthographic_or_diacritic,336,b,15,336,b,15,φαίνεται,Φαίνεται,1,1,μέτρον,δὲ
tlg013,Mugler 1966,1573,replace,336,b,17,336,b,17,προσκόντος,προσιόντος,1,1,ὅτι,μὲν
tlg013,Mugler 1966,1574,replace,336,b,17,336,b,17,τῷ ἡλίῳ,τοῦ ἡλίου,2,2,μὲν,γένεσίς
tlg013,Mugler 1966,1575,replace,336,b,17,336,b,17,ἐστι,ἐστιν,1,1,γένεσίς,ἀπιόντος
tlg013,Mugler 1966,1576,orthographic_or_diacritic,336,b,20,336,b,20,ἀλλὰ,Ἀλλὰ,1,1,φύσιν,συμβαίνει
tlg013,Mugler 1966,1577,replace,336,b,22,336,b,22,πανταχῇ,πανταχοῦ,1,1,οὐ,τῆς
tlg013,Mugler 1966,1578,replace,336,b,23,336,b,23,ὡς,ὥστε,1,1,βραδυτέρας,συμβαίνει
tlg013,Mugler 1966,1579,orthographic_or_diacritic,336,b,25,336,b,25,ἀεὶ,Ἀεὶ,1,1,φθοράν,δ
tlg013,Mugler 1966,1580,orthographic_or_diacritic,336,b,26,336,b,26,δι,δῑ,1,1,ὑπολείψει,ἣν
tlg013,Mugler 1966,1581,orthographic_or_diacritic,336,b,26,336,b,26,τοῦτο,Τοῦτο,1,1,αἰτίαν,δ
tlg013,Mugler 1966,1582,replace,336,b,27,336,b,27,τὸ βέλτιον,τοῦ βελτίονος,2,2,ἀεὶ,ὀρέγεσθαί
tlg013,Mugler 1966,1583,orthographic_or_diacritic,336,b,29,336,b,29,εἴρηται,εἴρηταἰ,1,1,ἄλλοις,τοῦτο
tlg013,Mugler 1966,1584,replace,336,b,32,336,b,32,ἐντελεχῆ,ἐνδελεχῆ,1,1,θεός,ποιήσας
tlg013,Mugler 1966,1585,replace,336,b,34,336,b,34,τοῦτο,Τούτου,1,1,γένεσιν,δ
tlg013,Mugler 1966,1586,orthographic_or_diacritic,337,a,1,337,a,1,διὸ,Διὸ,1,1,συνεχής,καὶ
tlg013,Mugler 1966,1587,orthographic_or_diacritic,337,a,6,337,a,6,ὥστε,Ὥστε,1,1,ἀνακάμπτειν,καὶ
tlg013,Mugler 1966,1588,orthographic_or_diacritic,337,a,7,337,a,7,ἅμα,Ἅμα,1,1,ἐστιν,δὲ
tlg013,Mugler 1966,1589,replace,337,a,8,337,a,8,ἕκαστον,ἑκάστου,1,1,τί,τῶν
tlg013,Mugler 1966,1590,replace,337,a,9,337,a,9,φερόμενον,φερομένου,1,1,οἰκείαν,χώραν
tlg013,Mugler 1966,1591,replace,337,a,10,337,a,10,διεσπάσθη,διεστᾶσι,1,1,οὐ,τὰ
tlg013,Mugler 1966,1592,orthographic_or_diacritic,337,a,10,337,a,10,αἴτιον,Αἴτιον,1,1,σώματα,γὰρ
tlg013,Mugler 1966,1593,replace,337,a,12,337,a,12,διέστηκεν,διεστήκεσαν,1,1,ἂν,μεταβάλλει
tlg013,Mugler 1966,1594,orthographic_or_diacritic,337,a,12,337,a,12,μεταβάλλει,Μεταβάλλει,1,1,διέστηκεν,μὲν
tlg013,Mugler 1966,1595,orthographic_or_diacritic,337,a,15,337,a,15,διότι,Διότι,1,1,τεταγμένῃ,μὲν
tlg013,Mugler 1966,1596,orthographic_or_diacritic,337,a,17,337,a,17,ἐπεὶ,Ἐπεὶ,1,1,εἰρημένων,δ
tlg013,Mugler 1966,1597,replace,337,a,22,337,a,22,συνεχῶς,συνεχοῦς,1,1,ἀρχήν,δ
tlg013,Mugler 1966,1598,replace,337,a,24,337,a,24,συνεχὴς,συνεχοῦς,1,1,εἶναι,ἄρα
tlg013,Mugler 1966,1599,orthographic_or_diacritic,337,a,24,337,a,24,τινός,τινὸς,1,1,ἄρα,ἀριθμὸς
tlg013,Mugler 1966,1600,orthographic_or_diacritic,337,a,25,337,a,25,συνεχὴς,Συνεχὴς,1,1,διωρίσθη,δ
tlg013,Mugler 1966,1601,orthographic_or_diacritic,337,a,32,337,a,32,τοῦτο,Τοῦτο,1,1,συνεχές,ἄρα
tlg013,Mugler 1966,1602,replace,337,a,35,337,b,1,γι νόμενον,γινόμενον,2,1,καὶ,τόδε
tlg013,Mugler 1966,1603,orthographic_or_diacritic,337,b,3,337,b,3,ὅτι,Ὅτι,1,1,γενέσθαι,μὲν
tlg013,Mugler 1966,1604,replace,337,b,4,337,b,4,τότο,τοῦτο,1,1,διὰ,ὁ
tlg013,Mugler 1966,1605,orthographic_or_diacritic,337,b,4,337,b,4,ὁ,ὃ,1,1,τότο,μὲν
tlg013,Mugler 1966,1606,replace,337,b,5,337,b,5,τότο,τοῦτο,1,1,δεῖ,εἶναί
tlg013,Mugler 1966,1607,orthographic_or_diacritic,337,b,5,337,b,5,ὁ,ὃ,1,1,ἐστίν,δὲ
tlg013,Mugler 1966,1608,orthographic_or_diacritic,337,b,7,337,b,7,ὅλως,Ὅλως,1,1,βαδίσειεν,δ
tlg013,Mugler 1966,1609,replace,337,b,9,337,b,9,τότ,τοῦτ,1,1,ἀνάγκης,ἔσται
tlg013,Mugler 1966,1610,orthographic_or_diacritic,337,b,9,337,b,9,πότερον,Πότερον,1,1,ἔσται,οὖν
tlg013,Mugler 1966,1611,replace,337,b,11,337,b,11,τῷ,τοῦ,1,1,ἐπὶ,εἶναι
tlg013,Mugler 1966,1612,orthographic_or_diacritic,337,b,13,337,b,13,ἄρα,ἆρα,1,1,τροπὰς,ἀνάγκη
tlg013,Mugler 1966,1613,orthographic_or_diacritic,337,b,14,337,b,14,εἰ,Εἰ,1,1,ἐνδέχεσθαι,δὴ
tlg013,Mugler 1966,1614,replace,337,b,15,337,b,15,τότο,τοῦτο,1,1,δὲ,πηλόν
tlg013,Mugler 1966,1615,replace,337,b,16,337,b,17,καὶ κεῖνο,κἀκεῖνο,2,1,μὴ,ἀνάγκη
tlg013,Mugler 1966,1616,replace,337,b,17,337,b,17,τότο,τοῦτο,1,1,δὲ,ἀνάγκη
tlg013,Mugler 1966,1617,orthographic_or_diacritic,337,b,20,337,b,20,εἰ,Εἰ,1,1,πρότερον,τοίνυν
tlg013,Mugler 1966,1618,orthographic_or_diacritic,337,b,22,337,b,22,δι,δῑ,1,1,οὐ,ἐκεῖνο
tlg013,Mugler 1966,1619,orthographic_or_diacritic,337,b,23,337,b,23,ἐν,Ἐν,1,1,ἐσόμενον,οἷς
tlg013,Mugler 1966,1620,replace,337,b,23,337,b,23,τέτοις,τούτοις,1,1,ἐν,ἀντιστρέφει
tlg013,Mugler 1966,1621,replace,337,b,24,337,b,24,τῷ προτέρῳ γενομένῳ,τοῦ προτέρου γενομένου,3,3,ἀεὶ,ἀνάγκη
tlg013,Mugler 1966,1622,orthographic_or_diacritic,337,b,25,337,b,25,εἰ,Εἰ,1,1,ὕστερον,μὲν
tlg013,Mugler 1966,1623,orthographic_or_diacritic,337,b,25,337,b,25,εἰσιν,εἶσιν,1,1,ἄπειρον,ἐπὶ
tlg013,Mugler 1966,1624,orthographic_or_diacritic,337,b,26,337,b,26,ἀλλ,Ἀλλ,1,1,ἁπλῶς,οὐδ
tlg013,Mugler 1966,1625,delete,337,b,26,337,b,26,οὐδ,,1,0,ἀλλ,ἐξ
tlg013,Mugler 1966,1626,orthographic_or_diacritic,337,b,27,337,b,27,δι,δῑ,1,1,ἔσται,ὃ
tlg013,Mugler 1966,1627,replace,337,b,28,337,b,28,ὡς,Ὥστ,1,1,γενέσθαι,εἴ
tlg013,Mugler 1966,1628,orthographic_or_diacritic,337,b,28,337,b,28,εἴ,εἰ,1,1,ὡς,μὴ
tlg013,Mugler 1966,1629,orthographic_or_diacritic,337,b,28,337,b,28,μὴ,μή,1,1,εἴ,ἔστιν
tlg013,Mugler 1966,1630,orthographic_or_diacritic,337,b,28,337,b,28,ἔστιν,ἐστιν,1,1,μὴ,ἀρχὴ
tlg013,Mugler 1966,1631,replace,337,b,28,337,b,28,τῷ ἀπείρῳ,τοῦ ἀπείρου,2,2,ἀρχὴ,οὐδὲ
tlg013,Mugler 1966,1632,orthographic_or_diacritic,337,b,29,337,b,29,οὐδέν,οὐδὲν,1,1,ἔσται,δι
tlg013,Mugler 1966,1633,orthographic_or_diacritic,337,b,29,337,b,29,δι,δῑ,1,1,οὐδέν,ὃ
tlg013,Mugler 1966,1634,orthographic_or_diacritic,337,b,29,337,b,29,ἀλλὰ,Ἀλλὰ,1,1,γενέσθαι,μὴν
tlg013,Mugler 1966,1635,replace,337,b,30,337,b,30,τότ,τοῦτ,1,1,ἔχουσι,ἔσται
tlg013,Mugler 1966,1636,replace,337,b,32,337,b,32,τότο,τοῦτο,1,1,ἀεὶ,ἀνάγκη
tlg013,Mugler 1966,1637,orthographic_or_diacritic,337,b,33,337,b,33,ἀλλὰ,Ἀλλὰ,1,1,εἶναι,δεῖ
tlg013,Mugler 1966,1638,replace,337,b,34,337,b,34,αὐτὸ,αὐτοῦ,1,1,ἀνάγκης,ἐστίν
tlg013,Mugler 1966,1639,orthographic_or_diacritic,337,b,34,337,b,34,ἐστίν,ἐστιν,1,1,αὐτὸ,ἡ
tlg013,Mugler 1966,1640,replace,338,a,1,338,a,1,ὥς,ὥστ,1,1,εἶναι,εἰ
tlg013,Mugler 1966,1641,orthographic_or_diacritic,338,a,2,338,a,2,καὶ,Καὶ,1,1,ἀνάγκης,εἰ
tlg013,Mugler 1966,1642,orthographic_or_diacritic,338,a,4,338,a,4,εἰ,Εἰ,1,1,ἀνάγκης,ἄρα
tlg013,Mugler 1966,1643,orthographic_or_diacritic,338,a,5,338,a,5,ἀνάγκη,Ἀνάγκη,1,1,ἀνακάμπτειν,γὰρ
tlg013,Mugler 1966,1644,orthographic_or_diacritic,338,a,6,338,a,6,τούτων,Τούτων,1,1,κύκλῳ,δ
tlg013,Mugler 1966,1645,replace,338,a,8,338,a,8,λαμβάνοιμεν,λαμβανομένων,1,1,ἐσομένων,μήτ
tlg013,Mugler 1966,1646,replace,338,a,9,338,a,9,γινομένων,γενομένων,1,1,τῶν,ἀνάγκη
tlg013,Mugler 1966,1647,orthographic_or_diacritic,338,a,10,338,a,10,διὸ,Διὸ,1,1,εἶναι,ἀνάγκη
tlg013,Mugler 1966,1648,orthographic_or_diacritic,338,a,11,338,a,11,ἀντιστρέφειν,Ἀντιστρέφειν,1,1,εἶναι,ἄρα
tlg013,Mugler 1966,1649,orthographic_or_diacritic,338,a,13,338,a,13,καὶ,Καὶ,1,1,γενέσθαι,ταῦτα
tlg013,Mugler 1966,1650,replace,338,a,13,338,a,13,ταῦτα,τοῦτο,1,1,καὶ,ἀεὶ
tlg013,Mugler 1966,1651,orthographic_or_diacritic,338,a,14,338,a,14,ἐν,Ἐν,1,1,πολλῶν,τῇ
tlg013,Mugler 1966,1652,orthographic_or_diacritic,338,a,17,338,a,17,ταῦτα,Ταῦτα,1,1,κύκλῳ,μὲν
tlg013,Mugler 1966,1653,replace,338,a,18,338,a,18,ἐπείπερ,ἐπεὶ,1,1,εὐλόγως,ἀίδιος
tlg013,Mugler 1966,1654,replace,338,a,18,338,a,18,ἔφυ,ἐφάνη,1,1,ἄλλως,ἡ
tlg013,Mugler 1966,1655,replace,338,b,1,338,b,1,τῆς κινήσεως,οὐρανοῦ ὅτι ταῦτα ἐξ ἀνάγκης γίνεται καὶ ἔσται ὅσαι ταύτης κινήσεις,2,11,τοῦ,καὶ
tlg013,Mugler 1966,1656,replace,338,b,1,338,b,1,κινεῖμενον,κινούμενον,1,1,κύκλῳ,ἀεί
tlg013,Mugler 1966,1657,insert,338,b,3,338,b,3,,κύκλῳ,0,1,οὔσης,ὁ
tlg013,Mugler 1966,1658,delete,338,b,3,338,b,3,κύκλῳ,,1,0,ἥλιος,ὠδί
tlg013,Mugler 1966,1659,orthographic_or_diacritic,338,b,3,338,b,3,ὠδί,ὡδί,1,1,κύκλῳ,ἐπεὶ
tlg013,Mugler 1966,1660,replace,338,b,5,338,b,5,εἰ,Τί οὖν,1,2,τούτων,δή
tlg013,Mugler 1966,1661,replace,338,b,6,338,b,6,κικλώμενα,κύκλῳ γινόμενα,1,2,ἀὴρ,καὶ
tlg013,Mugler 1966,1662,replace,338,b,8,338,b,8,ὗσαι,ὕσει,1,1,εἰ,γε
tlg013,Mugler 1966,1663,orthographic_or_diacritic,338,b,11,338,b,11,εἰς,Εἰς,1,1,ἐκεῖνον,εὐθὺ
tlg013,Mugler 1966,1664,orthographic_or_diacritic,338,b,11,338,b,11,ἀρχὴ,Ἀρχὴ,1,1,γένεσις,δέ
tlg013,Mugler 1966,1665,orthographic_or_diacritic,338,b,11,338,b,11,δέ,δὲ,1,1,ἀρχὴ,τις
tlg013,Mugler 1966,1666,replace,338,b,12,338,b,12,τις,τῆς,1,1,δέ,σκέψεως
tlg013,Mugler 1966,1667,orthographic_or_diacritic,338,b,14,338,b,14,ὅσων,Ὅσων,1,1,μόνον,μὲν
tlg013,Mugler 1966,1668,orthographic_or_diacritic,338,b,15,338,b,15,κινουμένῳ,κινουμένᾠ,1,1,τῷ,ὅσων
tlg013,Mugler 1966,1669,orthographic_or_diacritic,338,b,17,338,b,17,διὸ,Διὸ,1,1,ἀνακάμπτειν,ὕδωρ
tlg013,Mugler 1966,1670,replace,338,b,17,338,b,17,εἰσιν,εἴδει,1,1,ὕδατος,ὁ
tlg013,Mugler 1966,1671,replace,338,b,18,338,b,18,ἐκείνων δ οὐκέτι,οὐκ ἀριθμῷ,3,2,αὐτός,εἰ
tlg013,Mugler 1966,1672,orthographic_or_diacritic,338,b,18,338,b,18,εἰ,Εἰ,1,1,οὐκέτι,δὲ
tlg013,Mugler 1966,1673,insert,338,b,18,338,b,18,,ὧν ἡ οὐσία γίνεται οὖσα τοιαύτη οἵα ἐνδέχεσθαι μὴ εἶναι,0,10,οὐχ,
