work_tlg_id,bekker_page,normalized_token,raw_token,occurrence,hathi_line,char_start,hyphen_resolved,context
tlg001,1,κατηγοριαι,κατηγοριαι,1,1,0,False,ΚΑΤΗΓΟΡΙΑΙ. ⏎ 2
tlg001,1,ομώνυμα,ομώνυμα,1,4,16,False,"• ⏎ Ομώνυμα λέγεται ὧν ὄνομα μόνον κοινόν, ὁ δὲ κατὰ ⏎ τοὔνομα λόγος τῆς οὐσίας ἕτερος, οἷον ζῷον ὅ τε ἄνθρω-"
tlg001,1,βᾶς,βᾶς,1,11,424,False,"ὄνομα κοινὸν καὶ ὁ κατὰ τοὔνομα λόγος τῆς οὐσίας ὁ αὐτός, ⏎ οἷον ζῷον ὅ τε ἄνθρωπος καὶ ὁ βᾶς. ὁ γὰρ ἄνθρωπος καὶ ⏎ ὁ βᾶς κοινῷ ὀνόματι προσαγορεύεται ζῷον, καὶ ὁ λόγος δὲ"
tlg001,1,βᾶς,βᾶς,2,12,450,False,"οἷον ζῷον ὅ τε ἄνθρωπος καὶ ὁ βᾶς. ὁ γὰρ ἄνθρωπος καὶ ⏎ ὁ βᾶς κοινῷ ὀνόματι προσαγορεύεται ζῷον, καὶ ὁ λόγος δὲ ⏎ τῆς οὐσίας ὁ αὐτός· ἐὰν γὰρ ἀποδιδῷ τις τὸν ἑκατέρου"
tlg001,1,συμπλοκής,συμπλοκής,1,20,847,False,"Τῶν λεγομένων τὰ μὲν κατὰ συμπλοκὴν λέγεται, τὰ ⏎ δ' ἄνευ συμπλοκής. τὰ μὲν οὖν κατὰ συμπλοκὴν οἷον ⏎ ἄνθρωπος τρέχει, ἄνθρωπος νικῷ· τὰ δ᾽ ἄνευ συμπλοκῆς"
tlg001,1,νικῷ,νικῷ,1,21,915,False,"δ' ἄνευ συμπλοκής. τὰ μὲν οὖν κατὰ συμπλοκὴν οἷον ⏎ ἄνθρωπος τρέχει, ἄνθρωπος νικῷ· τὰ δ᾽ ἄνευ συμπλοκῆς ⏎ οἷον ἄνθρωπος, βους, τρέχει, νικά."
tlg001,1,δ᾽,δ᾽,1,21,924,False,"δ' ἄνευ συμπλοκής. τὰ μὲν οὖν κατὰ συμπλοκὴν οἷον ⏎ ἄνθρωπος τρέχει, ἄνθρωπος νικῷ· τὰ δ᾽ ἄνευ συμπλοκῆς ⏎ οἷον ἄνθρωπος, βους, τρέχει, νικά."
tlg001,1,βους,βους,1,22,957,False,"ἄνθρωπος τρέχει, ἄνθρωπος νικῷ· τὰ δ᾽ ἄνευ συμπλοκῆς ⏎ οἷον ἄνθρωπος, βους, τρέχει, νικά. ⏎ Τῶν ἔντων τὰ μὲν καθ᾽ ὑποκειμένου τινὸς λέγεται,"
tlg001,1,νικά,νικά,1,22,971,False,"ἄνθρωπος τρέχει, ἄνθρωπος νικῷ· τὰ δ᾽ ἄνευ συμπλοκῆς ⏎ οἷον ἄνθρωπος, βους, τρέχει, νικά. ⏎ Τῶν ἔντων τὰ μὲν καθ᾽ ὑποκειμένου τινὸς λέγεται,"
tlg001,1,ἔντων,ἔντων,1,23,981,False,"οἷον ἄνθρωπος, βους, τρέχει, νικά. ⏎ Τῶν ἔντων τὰ μὲν καθ᾽ ὑποκειμένου τινὸς λέγεται, ⏎ ἐν ὑποκειμένῳ δὲ ἐδενί ἐςιν, οἷον ἄνθρωπος καθ᾽ ὑποκειμένη"
tlg001,1,καθ᾽,καθ᾽,1,23,994,False,"οἷον ἄνθρωπος, βους, τρέχει, νικά. ⏎ Τῶν ἔντων τὰ μὲν καθ᾽ ὑποκειμένου τινὸς λέγεται, ⏎ ἐν ὑποκειμένῳ δὲ ἐδενί ἐςιν, οἷον ἄνθρωπος καθ᾽ ὑποκειμένη"
tlg001,1,καθ᾽,καθ᾽,2,24,1069,False,"Τῶν ἔντων τὰ μὲν καθ᾽ ὑποκειμένου τινὸς λέγεται, ⏎ ἐν ὑποκειμένῳ δὲ ἐδενί ἐςιν, οἷον ἄνθρωπος καθ᾽ ὑποκειμένη ⏎ μὲν λέγεται τῇ τινὸς ἀνθρώπο, ἐν ὑποκειμένῳ δὲ ἐδενί ἐςι·"
tlg001,1,ὑποκειμένη,ὑποκειμένη,1,24,1074,False,"Τῶν ἔντων τὰ μὲν καθ᾽ ὑποκειμένου τινὸς λέγεται, ⏎ ἐν ὑποκειμένῳ δὲ ἐδενί ἐςιν, οἷον ἄνθρωπος καθ᾽ ὑποκειμένη ⏎ μὲν λέγεται τῇ τινὸς ἀνθρώπο, ἐν ὑποκειμένῳ δὲ ἐδενί ἐςι·"
tlg001,1,καθ᾽,καθ᾽,3,26,1172,False,"μὲν λέγεται τῇ τινὸς ἀνθρώπο, ἐν ὑποκειμένῳ δὲ ἐδενί ἐςι· ⏎ τὰ δὲ ἐν ὑποκειμένῳ μέν ἐςι, καθ᾽ ὑποκειμένα δὲ ἐδενὸς ⏎ λέγεται (ἐν ὑποκειμένῳ δὲ λέγω, ὃ ἔν τινι μὴ ὡς μέρος"
tlg001,1,ὑποκειμένα,ὑποκειμένα,1,26,1177,False,"μὲν λέγεται τῇ τινὸς ἀνθρώπο, ἐν ὑποκειμένῳ δὲ ἐδενί ἐςι· ⏎ τὰ δὲ ἐν ὑποκειμένῳ μέν ἐςι, καθ᾽ ὑποκειμένα δὲ ἐδενὸς ⏎ λέγεται (ἐν ὑποκειμένῳ δὲ λέγω, ὃ ἔν τινι μὴ ὡς μέρος"
tlg001,1,καθ᾽,καθ᾽,4,29,1350,False,"ὑπάρχον ἀδύνατον χωρὶς εἶναι τοῦ ἐν ᾧ ἐςίν), οἷον ἡ τις ⏎ γραμματικὴ ἐν ὑποκειμένῳ μέν ἐςι τῇ ψυχῇ, καθ᾽ ὑπο- ⏎ κειμένα δ᾽ ἐδενὸς λέγεται, καὶ τὸ τὶ λευκὸν ἐν ὑποκειμένῳ"
tlg001,1,κειμένα,κειμένα,1,30,1360,False,"γραμματικὴ ἐν ὑποκειμένῳ μέν ἐςι τῇ ψυχῇ, καθ᾽ ὑπο- ⏎ κειμένα δ᾽ ἐδενὸς λέγεται, καὶ τὸ τὶ λευκὸν ἐν ὑποκειμένῳ ⏎ μὲν τῷ σώματί ἐςιν (ἅπαν γὰρ χρῶμα ἐν σώματι), καθ'"
tlg001,1,δ᾽,δ᾽,2,30,1368,False,"γραμματικὴ ἐν ὑποκειμένῳ μέν ἐςι τῇ ψυχῇ, καθ᾽ ὑπο- ⏎ κειμένα δ᾽ ἐδενὸς λέγεται, καὶ τὸ τὶ λευκὸν ἐν ὑποκειμένῳ ⏎ μὲν τῷ σώματί ἐςιν (ἅπαν γὰρ χρῶμα ἐν σώματι), καθ'"
tlg001,1,καθ᾽,καθ᾽,5,32,1507,False,"μὲν τῷ σώματί ἐςιν (ἅπαν γὰρ χρῶμα ἐν σώματι), καθ' ⏎ ὑποκειμένω δὲ οὐδενὸς λέγεται· τὰ δὲ καθ᾽ ὑποκειμένη τε ⏎ Codices Organi ABC, et C ubi deficit, D."
tlg001,1,ὑποκειμένη,ὑποκειμένη,2,32,1512,False,"μὲν τῷ σώματί ἐςιν (ἅπαν γὰρ χρῶμα ἐν σώματι), καθ' ⏎ ὑποκειμένω δὲ οὐδενὸς λέγεται· τὰ δὲ καθ᾽ ὑποκειμένη τε ⏎ Codices Organi ABC, et C ubi deficit, D."
tlg001,1,ἐπισήμη,ἐπισήμη,1,35,1609,False,"10 ⏎ λέγεται καὶ ἐν ὑποκειμένῳ ἐςίν, οἷον ἡ ἐπισήμη ἐν ὑπο- ⏎ κειμένῳ μέν ἐςι τῇ ψυχῇ, καθ᾽ ὑποκειμένη δὲ λέγεται"
tlg001,1,ὑπο,ὑπο,1,35,1620,False,"10 ⏎ λέγεται καὶ ἐν ὑποκειμένῳ ἐςίν, οἷον ἡ ἐπισήμη ἐν ὑπο- ⏎ κειμένῳ μέν ἐςι τῇ ψυχῇ, καθ᾽ ὑποκειμένη δὲ λέγεται"
tlg001,1,καθ᾽,καθ᾽,6,36,1650,False,"λέγεται καὶ ἐν ὑποκειμένῳ ἐςίν, οἷον ἡ ἐπισήμη ἐν ὑπο- ⏎ κειμένῳ μέν ἐςι τῇ ψυχῇ, καθ᾽ ὑποκειμένη δὲ λέγεται ⏎ τῆς γραμματικῆς· τὰ δὲ ἔτ᾽ ἐν ὑποκειμένῳ ἐςὶν ἔτε καθ᾿"
tlg001,1,ὑποκειμένη,ὑποκειμένη,3,36,1655,False,"λέγεται καὶ ἐν ὑποκειμένῳ ἐςίν, οἷον ἡ ἐπισήμη ἐν ὑπο- ⏎ κειμένῳ μέν ἐςι τῇ ψυχῇ, καθ᾽ ὑποκειμένη δὲ λέγεται ⏎ τῆς γραμματικῆς· τὰ δὲ ἔτ᾽ ἐν ὑποκειμένῳ ἐςὶν ἔτε καθ᾿"
tlg001,1,ἔτ᾽,ἔτ᾽,1,37,1700,False,"κειμένῳ μέν ἐςι τῇ ψυχῇ, καθ᾽ ὑποκειμένη δὲ λέγεται ⏎ τῆς γραμματικῆς· τὰ δὲ ἔτ᾽ ἐν ὑποκειμένῳ ἐςὶν ἔτε καθ᾿ ⏎ ὑποκειμένα τινὸς λέγεται, οἷον ὁ τὶς ἄνθρωπος καὶ ὁ τὶς"
tlg001,1,ἐστὶν,ἐςὶν,1,37,1718,False,"κειμένῳ μέν ἐςι τῇ ψυχῇ, καθ᾽ ὑποκειμένη δὲ λέγεται ⏎ τῆς γραμματικῆς· τὰ δὲ ἔτ᾽ ἐν ὑποκειμένῳ ἐςὶν ἔτε καθ᾿ ⏎ ὑποκειμένα τινὸς λέγεται, οἷον ὁ τὶς ἄνθρωπος καὶ ὁ τὶς"
tlg001,1,καθ᾿,καθ᾿,1,37,1727,False,"κειμένῳ μέν ἐςι τῇ ψυχῇ, καθ᾽ ὑποκειμένη δὲ λέγεται ⏎ τῆς γραμματικῆς· τὰ δὲ ἔτ᾽ ἐν ὑποκειμένῳ ἐςὶν ἔτε καθ᾿ ⏎ ὑποκειμένα τινὸς λέγεται, οἷον ὁ τὶς ἄνθρωπος καὶ ὁ τὶς"
tlg001,1,ὑποκειμένα,ὑποκειμένα,2,38,1732,False,"τῆς γραμματικῆς· τὰ δὲ ἔτ᾽ ἐν ὑποκειμένῳ ἐςὶν ἔτε καθ᾿ ⏎ ὑποκειμένα τινὸς λέγεται, οἷον ὁ τὶς ἄνθρωπος καὶ ὁ τὶς ⏎ ἵππος· ἐδὲν γὰρ τῶν τοιύτων οὔτε ἐν ὑποκειμένῳ ἐςὶν ἔτε"
tlg001,1,τοιύτων,τοιύτων,1,39,1808,False,"ὑποκειμένα τινὸς λέγεται, οἷον ὁ τὶς ἄνθρωπος καὶ ὁ τὶς ⏎ ἵππος· ἐδὲν γὰρ τῶν τοιύτων οὔτε ἐν ὑποκειμένῳ ἐςὶν ἔτε ⏎ καθ᾽ ὑποκειμένου λέγεται. ἁπλῶς δὲ τὰ ἄτομα καὶ ἓν"
tlg001,1,ἐστὶν,ἐςὶν,2,39,1835,False,"ὑποκειμένα τινὸς λέγεται, οἷον ὁ τὶς ἄνθρωπος καὶ ὁ τὶς ⏎ ἵππος· ἐδὲν γὰρ τῶν τοιύτων οὔτε ἐν ὑποκειμένῳ ἐςὶν ἔτε ⏎ καθ᾽ ὑποκειμένου λέγεται. ἁπλῶς δὲ τὰ ἄτομα καὶ ἓν"
tlg001,1,καθ᾽,καθ᾽,7,40,1844,False,"ἵππος· ἐδὲν γὰρ τῶν τοιύτων οὔτε ἐν ὑποκειμένῳ ἐςὶν ἔτε ⏎ καθ᾽ ὑποκειμένου λέγεται. ἁπλῶς δὲ τὰ ἄτομα καὶ ἓν ⏎ ἀριθμῷ κατ᾽ ἐδενὸς ὑποκειμένα λέγεται, ἐν ὑποκειμένῳ δὲ"
tlg001,1,ἓν,ἓν,1,40,1892,False,"ἵππος· ἐδὲν γὰρ τῶν τοιύτων οὔτε ἐν ὑποκειμένῳ ἐςὶν ἔτε ⏎ καθ᾽ ὑποκειμένου λέγεται. ἁπλῶς δὲ τὰ ἄτομα καὶ ἓν ⏎ ἀριθμῷ κατ᾽ ἐδενὸς ὑποκειμένα λέγεται, ἐν ὑποκειμένῳ δὲ"
tlg001,1,κατ᾽,κατ᾽,1,41,1902,False,"καθ᾽ ὑποκειμένου λέγεται. ἁπλῶς δὲ τὰ ἄτομα καὶ ἓν ⏎ ἀριθμῷ κατ᾽ ἐδενὸς ὑποκειμένα λέγεται, ἐν ὑποκειμένῳ δὲ ⏎ ἔνια ἐδὲν κωλύει εἶναι· ἡ γάρ τις γραμματικὴ τῶν ἐν ὑπο-"
tlg001,1,ὑποκειμένα,ὑποκειμένα,3,41,1914,False,"καθ᾽ ὑποκειμένου λέγεται. ἁπλῶς δὲ τὰ ἄτομα καὶ ἓν ⏎ ἀριθμῷ κατ᾽ ἐδενὸς ὑποκειμένα λέγεται, ἐν ὑποκειμένῳ δὲ ⏎ ἔνια ἐδὲν κωλύει εἶναι· ἡ γάρ τις γραμματικὴ τῶν ἐν ὑπο-"
tlg001,1,καθ᾽,καθ᾽,8,43,2025,False,"ἔνια ἐδὲν κωλύει εἶναι· ἡ γάρ τις γραμματικὴ τῶν ἐν ὑπο- ⏎ κειμένῳ μέν ἐςι, καθ᾽ ὑποκειμένω δὲ ἐδενὸς λέγεται. ⏎ Οταν ἕτερον καθ᾿ ἑτέρα κατηγορῆται ὡς καθ᾽ ὑπο-3"
tlg001,1,οταν,οταν,1,44,2060,False,"κειμένῳ μέν ἐςι, καθ᾽ ὑποκειμένω δὲ ἐδενὸς λέγεται. ⏎ Οταν ἕτερον καθ᾿ ἑτέρα κατηγορῆται ὡς καθ᾽ ὑπο-3 ⏎ κειμένο, ὅσα κατὰ τὸ κατηγορεμένα λέγεται, πάντα καὶ"
tlg001,1,καθ᾿,καθ᾿,2,44,2072,False,"κειμένῳ μέν ἐςι, καθ᾽ ὑποκειμένω δὲ ἐδενὸς λέγεται. ⏎ Οταν ἕτερον καθ᾿ ἑτέρα κατηγορῆται ὡς καθ᾽ ὑπο-3 ⏎ κειμένο, ὅσα κατὰ τὸ κατηγορεμένα λέγεται, πάντα καὶ"
tlg001,1,ἑτέρα,ἑτέρα,1,44,2077,False,"κειμένῳ μέν ἐςι, καθ᾽ ὑποκειμένω δὲ ἐδενὸς λέγεται. ⏎ Οταν ἕτερον καθ᾿ ἑτέρα κατηγορῆται ὡς καθ᾽ ὑπο-3 ⏎ κειμένο, ὅσα κατὰ τὸ κατηγορεμένα λέγεται, πάντα καὶ"
tlg001,1,καθ᾽,καθ᾽,9,44,2098,False,"κειμένῳ μέν ἐςι, καθ᾽ ὑποκειμένω δὲ ἐδενὸς λέγεται. ⏎ Οταν ἕτερον καθ᾿ ἑτέρα κατηγορῆται ὡς καθ᾽ ὑπο-3 ⏎ κειμένο, ὅσα κατὰ τὸ κατηγορεμένα λέγεται, πάντα καὶ"
tlg001,1,ὑπο,ὑπο,2,44,2103,False,"κειμένῳ μέν ἐςι, καθ᾽ ὑποκειμένω δὲ ἐδενὸς λέγεται. ⏎ Οταν ἕτερον καθ᾿ ἑτέρα κατηγορῆται ὡς καθ᾽ ὑπο-3 ⏎ κειμένο, ὅσα κατὰ τὸ κατηγορεμένα λέγεται, πάντα καὶ"
tlg001,1,κειμένο,κειμένο,1,45,2109,False,"Οταν ἕτερον καθ᾿ ἑτέρα κατηγορῆται ὡς καθ᾽ ὑπο-3 ⏎ κειμένο, ὅσα κατὰ τὸ κατηγορεμένα λέγεται, πάντα καὶ ⏎ κατὰ τὸ ὑποκειμένη ῥηθήσεται, οἷον ἄνθρωπος κατὰ τῇ τι-"
tlg001,1,κατηγορεμένα,κατηγορεμένα,1,45,2130,False,"Οταν ἕτερον καθ᾿ ἑτέρα κατηγορῆται ὡς καθ᾽ ὑπο-3 ⏎ κειμένο, ὅσα κατὰ τὸ κατηγορεμένα λέγεται, πάντα καὶ ⏎ κατὰ τὸ ὑποκειμένη ῥηθήσεται, οἷον ἄνθρωπος κατὰ τῇ τι-"
tlg001,1,ὑποκειμένη,ὑποκειμένη,4,46,2170,False,"κειμένο, ὅσα κατὰ τὸ κατηγορεμένα λέγεται, πάντα καὶ ⏎ κατὰ τὸ ὑποκειμένη ῥηθήσεται, οἷον ἄνθρωπος κατὰ τῇ τι- ⏎ νὸς ἀνθρώπε κατηγορεῖται, τὸ δὲ ζῷον κατὰ τὸ ἀνθρώπο"
tlg001,1,ὑπ᾽,ὑπ᾽,1,52,2407,False,"25 ⏎ Τῶν ἑτερογενῶν καὶ μὴ ὑπ᾽ ἄλληλα τεταγμένων ἕτε ⏎ ραι τῷ εἴδει καὶ αἱ διαφοραί, οἷον ζώου καὶ ἐπιςήμης·"
tlg001,1,ἕτε,ἕτε,1,52,2429,False,"25 ⏎ Τῶν ἑτερογενῶν καὶ μὴ ὑπ᾽ ἄλληλα τεταγμένων ἕτε ⏎ ραι τῷ εἴδει καὶ αἱ διαφοραί, οἷον ζώου καὶ ἐπιςήμης·"
tlg001,1,ραι,ραι,1,53,2433,False,"Τῶν ἑτερογενῶν καὶ μὴ ὑπ᾽ ἄλληλα τεταγμένων ἕτε ⏎ ραι τῷ εἴδει καὶ αἱ διαφοραί, οἷον ζώου καὶ ἐπιςήμης· ⏎ ζώς μὲν γὰρ διαφοραὶ τό τε πεζὸν καὶ τὸ δίπον καὶ τὸ"
tlg001,1,ζώου,ζώου,1,53,2468,False,"Τῶν ἑτερογενῶν καὶ μὴ ὑπ᾽ ἄλληλα τεταγμένων ἕτε ⏎ ραι τῷ εἴδει καὶ αἱ διαφοραί, οἷον ζώου καὶ ἐπιςήμης· ⏎ ζώς μὲν γὰρ διαφοραὶ τό τε πεζὸν καὶ τὸ δίπον καὶ τὸ"
tlg001,1,ζώς,ζώς,1,54,2487,False,"ραι τῷ εἴδει καὶ αἱ διαφοραί, οἷον ζώου καὶ ἐπιςήμης· ⏎ ζώς μὲν γὰρ διαφοραὶ τό τε πεζὸν καὶ τὸ δίπον καὶ τὸ ⏎ πτηνὸν καὶ τὸ ἔνυδρον, ἐπιςήμης δὲ ἐδεμία τέτων· οὐ γὰρ"
tlg001,1,ὑπ᾽,ὑπ᾽,2,57,2649,False,"διαφέρει ἐπιςήμη ἐπιςήμης τῷ δίπους εἶναι. τῶν δέ γε ⏎ ὑπ᾽ ἄλληλα γενῶν ἐδὲν κωλύει τὰς αὐτὰς διαφορὰς εἶναι· ⏎ τὰ γὰρ ἐπάνω τῶν ὑπ' αὐτὰ γενῶν κατηγορεῖται, ὥςε"
tlg001,1,ὑποκειμένα,ὑποκειμένα,4,60,2809,False,"ὅσαι τῇ κατηγορουμένου διαφοραί εἰσι, τοσαῦται καὶ τοῦ ⏎ ὑποκειμένα ἔσονται. ⏎ Τῶν κατὰ μηδεμίαν συμπλοκὴν λεγομένων ἕκαςον ἤτοι 4"
tlg001,1,εσίαν,εσίαν,1,62,2881,False,Τῶν κατὰ μηδεμίαν συμπλοκὴν λεγομένων ἕκαςον ἤτοι 4 ⏎ εσίαν σημαίνει ἢ ποσὸν ἢ ποιὸν ἢ πρός τι ἢ πᾶ ἢ ποτὲ ἢ ⏎ κεῖσθαι ἢ ἔχειν ἢ ποιεῖν ἢ πάσχειν. ἔτι δὲ ἐσία μὲν ὡς
tlg001,1,πᾶ,πᾶ,1,62,2924,False,Τῶν κατὰ μηδεμίαν συμπλοκὴν λεγομένων ἕκαςον ἤτοι 4 ⏎ εσίαν σημαίνει ἢ ποσὸν ἢ ποιὸν ἢ πρός τι ἢ πᾶ ἢ ποτὲ ἢ ⏎ κεῖσθαι ἢ ἔχειν ἢ ποιεῖν ἢ πάσχειν. ἔτι δὲ ἐσία μὲν ὡς
tlg001,1,ἔτι,ἔτι,1,63,2972,False,"εσίαν σημαίνει ἢ ποσὸν ἢ ποιὸν ἢ πρός τι ἢ πᾶ ἢ ποτὲ ἢ ⏎ κεῖσθαι ἢ ἔχειν ἢ ποιεῖν ἢ πάσχειν. ἔτι δὲ ἐσία μὲν ὡς ⏎ τύπῳ εἰπεῖν οἷον ἄνθρωπος, ἵππος· ποσὶν δὲ οἷον δίπηχυ,"
tlg001,1,ποσὶν,ποσὶν,1,64,3025,False,"κεῖσθαι ἢ ἔχειν ἢ ποιεῖν ἢ πάσχειν. ἔτι δὲ ἐσία μὲν ὡς ⏎ τύπῳ εἰπεῖν οἷον ἄνθρωπος, ἵππος· ποσὶν δὲ οἷον δίπηχυ, ⏎ τρίπηχυ· ποιὸν δὲ οἷον λευκόν, γραμματικόν πρός τι δὲ"
tlg001,1,β,β,1,66,3195,False,"τρίπηχυ· ποιὸν δὲ οἷον λευκόν, γραμματικόν πρός τι δὲ ⏎ Tit. κατηγορίαι περὶ τῶν δέκα γενικωτάτων γενῶν C. || 2. λόγος post οὐσίας ponit C. || 4. ἐὰν Β. Ι 9. δὲ om 4C. || 11. έκα ⏎ τέρῳ αὐτῶν C. || 25. ἡ τίς Β."
tlg001,1,ι,ι,1,66,3198,False,"τρίπηχυ· ποιὸν δὲ οἷον λευκόν, γραμματικόν πρός τι δὲ ⏎ Tit. κατηγορίαι περὶ τῶν δέκα γενικωτάτων γενῶν C. || 2. λόγος post οὐσίας ponit C. || 4. ἐὰν Β. Ι 9. δὲ om 4C. || 11. έκα ⏎ τέρῳ αὐτῶν C. || 25. ἡ τίς Β."
tlg001,1,έκα,έκα,1,66,3220,False,"τρίπηχυ· ποιὸν δὲ οἷον λευκόν, γραμματικόν πρός τι δὲ ⏎ Tit. κατηγορίαι περὶ τῶν δέκα γενικωτάτων γενῶν C. || 2. λόγος post οὐσίας ponit C. || 4. ἐὰν Β. Ι 9. δὲ om 4C. || 11. έκα ⏎ τέρῳ αὐτῶν C. || 25. ἡ τίς Β."
tlg001,1,τέρῳ,τέρῳ,1,67,3224,False,Tit. κατηγορίαι περὶ τῶν δέκα γενικωτάτων γενῶν C. || 2. λόγος post οὐσίας ponit C. || 4. ἐὰν Β. Ι 9. δὲ om 4C. || 11. έκα ⏎ τέρῳ αὐτῶν C. || 25. ἡ τίς Β. ⏎ -
tlg001,1,β,β,2,67,3251,False,Tit. κατηγορίαι περὶ τῶν δέκα γενικωτάτων γενῶν C. || 2. λόγος post οὐσίας ponit C. || 4. ἐὰν Β. Ι 9. δὲ om 4C. || 11. έκα ⏎ τέρῳ αὐτῶν C. || 25. ἡ τίς Β. ⏎ -
tlg001,1,τινός,τινός,1,70,3270,False,λέγεται om ⏎ 4. τινός om BC. || 7. ὑποκειμένο μὲν λέγεται Ε. || 8. κωλύει αὐτῶν εἶναι C. ΙΙ. 9. μὲν om B et pr 4. Ι. καθ' ⏎ pr B. Η. 12. οἷον ὁ ἄνθρωπος pr C. Ι. κατὰ om C. || 14. τὸ ζῶον κατηγορηθήσεται C. || 18. διαφοραὶ οἷον τό BC. Η τό τε πτηνὸν καὶ
tlg001,1,ε,ε,1,70,3312,False,λέγεται om ⏎ 4. τινός om BC. || 7. ὑποκειμένο μὲν λέγεται Ε. || 8. κωλύει αὐτῶν εἶναι C. ΙΙ. 9. μὲν om B et pr 4. Ι. καθ' ⏎ pr B. Η. 12. οἷον ὁ ἄνθρωπος pr C. Ι. κατὰ om C. || 14. τὸ ζῶον κατηγορηθήσεται C. || 18. διαφοραὶ οἷον τό BC. Η τό τε πτηνὸν καὶ
tlg001,1,ιι,ιι,1,70,3343,False,λέγεται om ⏎ 4. τινός om BC. || 7. ὑποκειμένο μὲν λέγεται Ε. || 8. κωλύει αὐτῶν εἶναι C. ΙΙ. 9. μὲν om B et pr 4. Ι. καθ' ⏎ pr B. Η. 12. οἷον ὁ ἄνθρωπος pr C. Ι. κατὰ om C. || 14. τὸ ζῶον κατηγορηθήσεται C. || 18. διαφοραὶ οἷον τό BC. Η τό τε πτηνὸν καὶ
tlg001,1,ι,ι,2,70,3368,False,λέγεται om ⏎ 4. τινός om BC. || 7. ὑποκειμένο μὲν λέγεται Ε. || 8. κωλύει αὐτῶν εἶναι C. ΙΙ. 9. μὲν om B et pr 4. Ι. καθ' ⏎ pr B. Η. 12. οἷον ὁ ἄνθρωπος pr C. Ι. κατὰ om C. || 14. τὸ ζῶον κατηγορηθήσεται C. || 18. διαφοραὶ οἷον τό BC. Η τό τε πτηνὸν καὶ
tlg001,1,η,η,1,71,3382,False,"4. τινός om BC. || 7. ὑποκειμένο μὲν λέγεται Ε. || 8. κωλύει αὐτῶν εἶναι C. ΙΙ. 9. μὲν om B et pr 4. Ι. καθ' ⏎ pr B. Η. 12. οἷον ὁ ἄνθρωπος pr C. Ι. κατὰ om C. || 14. τὸ ζῶον κατηγορηθήσεται C. || 18. διαφοραὶ οἷον τό BC. Η τό τε πτηνὸν καὶ ⏎ πεζὸν καὶ τὸ δίπων καὶ ἔνυδρον Α, τό τε πτηδὲν καὶ πεζὸν καὶ τὸ ἔνυδρον καὶ τὸ δίπεν C. || 29. αἷον om pr 4."
tlg001,1,ι,ι,3,71,3411,False,"4. τινός om BC. || 7. ὑποκειμένο μὲν λέγεται Ε. || 8. κωλύει αὐτῶν εἶναι C. ΙΙ. 9. μὲν om B et pr 4. Ι. καθ' ⏎ pr B. Η. 12. οἷον ὁ ἄνθρωπος pr C. Ι. κατὰ om C. || 14. τὸ ζῶον κατηγορηθήσεται C. || 18. διαφοραὶ οἷον τό BC. Η τό τε πτηνὸν καὶ ⏎ πεζὸν καὶ τὸ δίπων καὶ ἔνυδρον Α, τό τε πτηδὲν καὶ πεζὸν καὶ τὸ ἔνυδρον καὶ τὸ δίπεν C. || 29. αἷον om pr 4."
tlg001,1,ζῶον,ζῶον,1,71,3435,False,"4. τινός om BC. || 7. ὑποκειμένο μὲν λέγεται Ε. || 8. κωλύει αὐτῶν εἶναι C. ΙΙ. 9. μὲν om B et pr 4. Ι. καθ' ⏎ pr B. Η. 12. οἷον ὁ ἄνθρωπος pr C. Ι. κατὰ om C. || 14. τὸ ζῶον κατηγορηθήσεται C. || 18. διαφοραὶ οἷον τό BC. Η τό τε πτηνὸν καὶ ⏎ πεζὸν καὶ τὸ δίπων καὶ ἔνυδρον Α, τό τε πτηδὲν καὶ πεζὸν καὶ τὸ ἔνυδρον καὶ τὸ δίπεν C. || 29. αἷον om pr 4."
tlg001,1,η,η,2,71,3487,False,"4. τινός om BC. || 7. ὑποκειμένο μὲν λέγεται Ε. || 8. κωλύει αὐτῶν εἶναι C. ΙΙ. 9. μὲν om B et pr 4. Ι. καθ' ⏎ pr B. Η. 12. οἷον ὁ ἄνθρωπος pr C. Ι. κατὰ om C. || 14. τὸ ζῶον κατηγορηθήσεται C. || 18. διαφοραὶ οἷον τό BC. Η τό τε πτηνὸν καὶ ⏎ πεζὸν καὶ τὸ δίπων καὶ ἔνυδρον Α, τό τε πτηδὲν καὶ πεζὸν καὶ τὸ ἔνυδρον καὶ τὸ δίπεν C. || 29. αἷον om pr 4."
tlg001,1,α,α,1,72,3537,False,"pr B. Η. 12. οἷον ὁ ἄνθρωπος pr C. Ι. κατὰ om C. || 14. τὸ ζῶον κατηγορηθήσεται C. || 18. διαφοραὶ οἷον τό BC. Η τό τε πτηνὸν καὶ ⏎ πεζὸν καὶ τὸ δίπων καὶ ἔνυδρον Α, τό τε πτηδὲν καὶ πεζὸν καὶ τὸ ἔνυδρον καὶ τὸ δίπεν C. || 29. αἷον om pr 4. ⏎ A"
tlg001,1,πτηδὲν,πτηδὲν,1,72,3546,False,"pr B. Η. 12. οἷον ὁ ἄνθρωπος pr C. Ι. κατὰ om C. || 14. τὸ ζῶον κατηγορηθήσεται C. || 18. διαφοραὶ οἷον τό BC. Η τό τε πτηνὸν καὶ ⏎ πεζὸν καὶ τὸ δίπων καὶ ἔνυδρον Α, τό τε πτηδὲν καὶ πεζὸν καὶ τὸ ἔνυδρον καὶ τὸ δίπεν C. || 29. αἷον om pr 4. ⏎ A"
tlg001,1,αἷον,αἷον,1,72,3601,False,"pr B. Η. 12. οἷον ὁ ἄνθρωπος pr C. Ι. κατὰ om C. || 14. τὸ ζῶον κατηγορηθήσεται C. || 18. διαφοραὶ οἷον τό BC. Η τό τε πτηνὸν καὶ ⏎ πεζὸν καὶ τὸ δίπων καὶ ἔνυδρον Α, τό τε πτηδὲν καὶ πεζὸν καὶ τὸ ἔνυδρον καὶ τὸ δίπεν C. || 29. αἷον om pr 4. ⏎ A"
tlg001,2,κατηγορια,κατηγορια,1,2,2,False,2 ⏎ ΚΑΤΗΓΟΡΙΑ Ι. ⏎ ལ
tlg001,2,ι,ι,1,2,12,False,2 ⏎ ΚΑΤΗΓΟΡΙΑ Ι. ⏎ ལ
tlg001,2,εν,εν,1,4,17,False,"ལ ⏎ εν ⏎ δενὸς τῶν τινῶν ἀνθρώπων, οὐδὲ κατὰ ἀνθρώπου ὅλως. πά-"
tlg001,2,καθ᾽,καθ᾽,1,7,148,False,"λιν τὸ χρῶμα ἐν σώματι· οὐκοῦν καὶ ἐν τινὶ σώματι· εἰ ⏎ γὰρ μὴ ἐν τινὶ τῶν καθ᾽ ἔκαςα, οὐδὲ ἐν σώματι ὅλως. ⏎ ὥςε τὰ ἄλλα πάντα ἤτοι καθ᾽ ὑποκειμένων λέγεται τῶν"
tlg001,2,ἔκαστα,ἔκαςα,1,7,153,False,"λιν τὸ χρῶμα ἐν σώματι· οὐκοῦν καὶ ἐν τινὶ σώματι· εἰ ⏎ γὰρ μὴ ἐν τινὶ τῶν καθ᾽ ἔκαςα, οὐδὲ ἐν σώματι ὅλως. ⏎ ὥςε τὰ ἄλλα πάντα ἤτοι καθ᾽ ὑποκειμένων λέγεται τῶν"
tlg001,2,καθ᾽,καθ᾽,2,8,204,False,"γὰρ μὴ ἐν τινὶ τῶν καθ᾽ ἔκαςα, οὐδὲ ἐν σώματι ὅλως. ⏎ ὥςε τὰ ἄλλα πάντα ἤτοι καθ᾽ ὑποκειμένων λέγεται τῶν ⏎ πρώτων οὐσιῶν ἢ ἐν ὑποκειμέναις αὐταῖς ἐςίν. μὴ οὐσῶν ἦν"
tlg001,2,ἦν,ἦν,1,9,287,False,ὥςε τὰ ἄλλα πάντα ἤτοι καθ᾽ ὑποκειμένων λέγεται τῶν ⏎ πρώτων οὐσιῶν ἢ ἐν ὑποκειμέναις αὐταῖς ἐςίν. μὴ οὐσῶν ἦν ⏎ τῶν πρώτων οὐσιῶν ἀδύνατον τῶν ἄλλων τι εἶναι.
tlg001,2,α,α,1,11,337,False,τῶν πρώτων οὐσιῶν ἀδύνατον τῶν ἄλλων τι εἶναι. ⏎ Α ⏎ Α
tlg001,2,α,α,2,12,339,False,"Α ⏎ Α ⏎ οἷον διπλάσιον, ἥμισυ, μείζον· πῇ δὲ οἷον ἐν Λυκείῳ, ἐν"
tlg001,2,μείζον,μείζον,1,13,364,False,"Α ⏎ οἷον διπλάσιον, ἥμισυ, μείζον· πῇ δὲ οἷον ἐν Λυκείῳ, ἐν ⏎ ἀγορᾷ· ποτὲ δὲ οἷον ἐχθές, πέρυσιν· κεῖσθαι δὲ οἷον ἀνάκειται,"
tlg001,2,πῇ,πῇ,1,13,372,False,"Α ⏎ οἷον διπλάσιον, ἥμισυ, μείζον· πῇ δὲ οἷον ἐν Λυκείῳ, ἐν ⏎ ἀγορᾷ· ποτὲ δὲ οἷον ἐχθές, πέρυσιν· κεῖσθαι δὲ οἷον ἀνάκειται,"
tlg001,2,έκαστον,έκαςον,1,16,569,False,"κάθηται· ἔχειν δὲ οἷον ὑποδέδεται, ὥπλιςαι· ποιεῖν δὲ οἷον ⏎ τέμνει, καίει· πάσχειν δὲ οἷον τέμνεται, καίεται. έκαςον ⏎ δὲ τῶν εἰρημένων αὐτὸ μὲν καθ᾽ αὑτὸ ἐν ἐδεμιᾷ καταφά- 5"
tlg001,2,καθ᾽,καθ᾽,3,17,602,False,"τέμνει, καίει· πάσχειν δὲ οἷον τέμνεται, καίεται. έκαςον ⏎ δὲ τῶν εἰρημένων αὐτὸ μὲν καθ᾽ αὑτὸ ἐν ἐδεμιᾷ καταφά- 5 ⏎ σει λέγεται ἢ ἀποφάσει, τῇ δὲ πρὸς ἄλληλα τότων σύμ."
tlg001,2,σύμ,σύμ,1,18,680,False,"δὲ τῶν εἰρημένων αὐτὸ μὲν καθ᾽ αὑτὸ ἐν ἐδεμιᾷ καταφά- 5 ⏎ σει λέγεται ἢ ἀποφάσει, τῇ δὲ πρὸς ἄλληλα τότων σύμ. ⏎ πλοκῇ κατάφασις ἢ ἀπόφασις γίνεται. ἅπασα γὰρ δοκεῖ"
tlg001,2,πλοκῇ,πλοκῇ,1,19,685,False,"σει λέγεται ἢ ἀποφάσει, τῇ δὲ πρὸς ἄλληλα τότων σύμ. ⏎ πλοκῇ κατάφασις ἢ ἀπόφασις γίνεται. ἅπασα γὰρ δοκεῖ ⏎ ή"
tlg001,2,ή,ή,1,20,737,False,πλοκῇ κατάφασις ἢ ἀπόφασις γίνεται. ἅπασα γὰρ δοκεῖ ⏎ ή ⏎ Τῶν δὲ δευτέρων οὐσιῶν μᾶλλον οὐσία τὸ εἶδος τοῦ
tlg001,2,ψευδός,ψευδός,1,24,1011,False,"δὲ κατὰ μηδεμίαν συμπλοκὴν λεγομένων ἰδὲν ἔτε ἀληθὲς διδῷ τις τὴν πρώτην οὐσίαν τί ἐςι, γνωριμώτερον καὶ οἰ- ⏎ ἔτε ψευδός ἐςιν, οἷον ἄνθρωπος, λευκόν, τρέχει, νικᾷ. 10 κειότερον ἀποδώσει τὸ εἶδος ἀποδιδοὺς ἤπερ τὸ γένος, οἷον ⏎ 5 Οὐσία δέ ἐστιν ἡ κυριώτατά τε καὶ πρώτως καὶ ματ τὸν τινὰ ἄνθρωπον ἀποδιδοὺς γνωριμώτερον ἂν ἀποδοίη ἄν"
tlg001,2,ματ,ματ,1,25,1169,False,"ἔτε ψευδός ἐςιν, οἷον ἄνθρωπος, λευκόν, τρέχει, νικᾷ. 10 κειότερον ἀποδώσει τὸ εἶδος ἀποδιδοὺς ἤπερ τὸ γένος, οἷον ⏎ 5 Οὐσία δέ ἐστιν ἡ κυριώτατά τε καὶ πρώτως καὶ ματ τὸν τινὰ ἄνθρωπον ἀποδιδοὺς γνωριμώτερον ἂν ἀποδοίη ἄν ⏎ λιστα λεγομένη, ἡ μήτε καθ᾽ ὑποκειμένου τινὸς λέγεται θρωπον ἢ ζῷον ἀποδιδούς· τὸ μὲν γὰρ ἴδιον μᾶλλον τοῦ"
tlg001,2,ἄν,ἄν,1,25,1225,False,"ἔτε ψευδός ἐςιν, οἷον ἄνθρωπος, λευκόν, τρέχει, νικᾷ. 10 κειότερον ἀποδώσει τὸ εἶδος ἀποδιδοὺς ἤπερ τὸ γένος, οἷον ⏎ 5 Οὐσία δέ ἐστιν ἡ κυριώτατά τε καὶ πρώτως καὶ ματ τὸν τινὰ ἄνθρωπον ἀποδιδοὺς γνωριμώτερον ἂν ἀποδοίη ἄν ⏎ λιστα λεγομένη, ἡ μήτε καθ᾽ ὑποκειμένου τινὸς λέγεται θρωπον ἢ ζῷον ἀποδιδούς· τὸ μὲν γὰρ ἴδιον μᾶλλον τοῦ"
tlg001,2,λιστα,λιστα,1,26,1228,False,"5 Οὐσία δέ ἐστιν ἡ κυριώτατά τε καὶ πρώτως καὶ ματ τὸν τινὰ ἄνθρωπον ἀποδιδοὺς γνωριμώτερον ἂν ἀποδοίη ἄν ⏎ λιστα λεγομένη, ἡ μήτε καθ᾽ ὑποκειμένου τινὸς λέγεται θρωπον ἢ ζῷον ἀποδιδούς· τὸ μὲν γὰρ ἴδιον μᾶλλον τοῦ ⏎ μήτ' ἐν ὑποκειμένῳ τινί ἐστιν, οἷον ὁ τὶς ἄνθρωπος ἢ ὁ τὶς τινὸς ἀνθρώπου, τὸ δὲ κοινότερον. καὶ τὸ τὶ δένδρον ἀποδι"
tlg001,2,καθ᾽,καθ᾽,4,26,1251,False,"5 Οὐσία δέ ἐστιν ἡ κυριώτατά τε καὶ πρώτως καὶ ματ τὸν τινὰ ἄνθρωπον ἀποδιδοὺς γνωριμώτερον ἂν ἀποδοίη ἄν ⏎ λιστα λεγομένη, ἡ μήτε καθ᾽ ὑποκειμένου τινὸς λέγεται θρωπον ἢ ζῷον ἀποδιδούς· τὸ μὲν γὰρ ἴδιον μᾶλλον τοῦ ⏎ μήτ' ἐν ὑποκειμένῳ τινί ἐστιν, οἷον ὁ τὶς ἄνθρωπος ἢ ὁ τὶς τινὸς ἀνθρώπου, τὸ δὲ κοινότερον. καὶ τὸ τὶ δένδρον ἀποδι"
tlg001,2,θρωπον,θρωπον,1,26,1282,False,"5 Οὐσία δέ ἐστιν ἡ κυριώτατά τε καὶ πρώτως καὶ ματ τὸν τινὰ ἄνθρωπον ἀποδιδοὺς γνωριμώτερον ἂν ἀποδοίη ἄν ⏎ λιστα λεγομένη, ἡ μήτε καθ᾽ ὑποκειμένου τινὸς λέγεται θρωπον ἢ ζῷον ἀποδιδούς· τὸ μὲν γὰρ ἴδιον μᾶλλον τοῦ ⏎ μήτ' ἐν ὑποκειμένῳ τινί ἐστιν, οἷον ὁ τὶς ἄνθρωπος ἢ ὁ τὶς τινὸς ἀνθρώπου, τὸ δὲ κοινότερον. καὶ τὸ τὶ δένδρον ἀποδι"
tlg001,2,ἀποδι,ἀποδι,1,27,1446,False,"λιστα λεγομένη, ἡ μήτε καθ᾽ ὑποκειμένου τινὸς λέγεται θρωπον ἢ ζῷον ἀποδιδούς· τὸ μὲν γὰρ ἴδιον μᾶλλον τοῦ ⏎ μήτ' ἐν ὑποκειμένῳ τινί ἐστιν, οἷον ὁ τὶς ἄνθρωπος ἢ ὁ τὶς τινὸς ἀνθρώπου, τὸ δὲ κοινότερον. καὶ τὸ τὶ δένδρον ἀποδι ⏎ ἵππος, δεύτεραι δὲ οὐσίαι λέγονται, ἐν οἷς εἴδεσιν αἱ πρώ- δοὺς γνωριμώτερον ἀποδώσει δένδρον ἀποδιδοὺς ἢ φυτόν."
tlg001,2,δοὺς,δοὺς,1,28,1511,False,"μήτ' ἐν ὑποκειμένῳ τινί ἐστιν, οἷον ὁ τὶς ἄνθρωπος ἢ ὁ τὶς τινὸς ἀνθρώπου, τὸ δὲ κοινότερον. καὶ τὸ τὶ δένδρον ἀποδι ⏎ ἵππος, δεύτεραι δὲ οὐσίαι λέγονται, ἐν οἷς εἴδεσιν αἱ πρώ- δοὺς γνωριμώτερον ἀποδώσει δένδρον ἀποδιδοὺς ἢ φυτόν. ⏎ τως οὐσίαι λεγόμεναι ὑπάρχουσι, ταῦτά τε καὶ τὰ τῶν 15 ἔτι αἱ πρῶται οὐσίαι διὰ τὸ τοῖς ἄλλοις ἅπασιν ὑποκεῖ"
tlg001,2,ὑποκεῖ,ὑποκεῖ,1,29,1667,False,"ἵππος, δεύτεραι δὲ οὐσίαι λέγονται, ἐν οἷς εἴδεσιν αἱ πρώ- δοὺς γνωριμώτερον ἀποδώσει δένδρον ἀποδιδοὺς ἢ φυτόν. ⏎ τως οὐσίαι λεγόμεναι ὑπάρχουσι, ταῦτά τε καὶ τὰ τῶν 15 ἔτι αἱ πρῶται οὐσίαι διὰ τὸ τοῖς ἄλλοις ἅπασιν ὑποκεῖ ⏎ εἰδῶν τούτων γένη, οἷον ὁ τὶς ἄνθρωπος ἐν εἴδει μὲν ὑπάρ- σθαι καὶ πάντα τὰ ἄλλὰ κατὰ τούτων κατηγορεῖσθαι ἢ"
tlg001,2,σθαι,σθαι,1,30,1732,False,"τως οὐσίαι λεγόμεναι ὑπάρχουσι, ταῦτά τε καὶ τὰ τῶν 15 ἔτι αἱ πρῶται οὐσίαι διὰ τὸ τοῖς ἄλλοις ἅπασιν ὑποκεῖ ⏎ εἰδῶν τούτων γένη, οἷον ὁ τὶς ἄνθρωπος ἐν εἴδει μὲν ὑπάρ- σθαι καὶ πάντα τὰ ἄλλὰ κατὰ τούτων κατηγορεῖσθαι ἢ ⏎ χει τῷ ἀνθρώπῳ, γένος δὲ τοῦ εἴδους ἐστὶ τὸ ζῷον· δεύ- ἐν αὐταῖς εἶναι διὰ τοῦτο μάλιςα οὐσίαι λέγονται. ὡς δέ"
tlg001,2,ἄλλὰ,ἄλλὰ,1,30,1750,False,"τως οὐσίαι λεγόμεναι ὑπάρχουσι, ταῦτά τε καὶ τὰ τῶν 15 ἔτι αἱ πρῶται οὐσίαι διὰ τὸ τοῖς ἄλλοις ἅπασιν ὑποκεῖ ⏎ εἰδῶν τούτων γένη, οἷον ὁ τὶς ἄνθρωπος ἐν εἴδει μὲν ὑπάρ- σθαι καὶ πάντα τὰ ἄλλὰ κατὰ τούτων κατηγορεῖσθαι ἢ ⏎ χει τῷ ἀνθρώπῳ, γένος δὲ τοῦ εἴδους ἐστὶ τὸ ζῷον· δεύ- ἐν αὐταῖς εἶναι διὰ τοῦτο μάλιςα οὐσίαι λέγονται. ὡς δέ"
tlg001,2,καθ᾽,καθ᾽,5,33,2048,False,"τεραι οὖν αὗται λέγονται οὐσίαι, οἷον ὅ τε ἄνθρωπος καὶ γε αἱ πρῶται οὐσίαι πρὸς τὰ ἄλλα πάντα ἔχουσιν, οὕτω ⏎ τὸ ζῷον. φανερὸν δὲ ἐκ τῶν εἰρημένων ὅτι τῶν καθ᾽ ὑπο- καὶ τὸ εἶδος πρὸς τὸ γένος ἔχει ὑπόκειται γὰρ τὸ εἶδος ⏎ κειμένου λεγομένων ἀναγκαῖον καὶ τοὔνομα καὶ τὸν λόγον 20 τῷ γένει τὰ μὲν γὰρ γένη κατὰ τῶν εἰδῶν κατηγορεῖται,"
tlg001,2,καθ᾽,καθ᾽,6,35,2272,False,"κειμένου λεγομένων ἀναγκαῖον καὶ τοὔνομα καὶ τὸν λόγον 20 τῷ γένει τὰ μὲν γὰρ γένη κατὰ τῶν εἰδῶν κατηγορεῖται, ⏎ κατηγορεῖσθαι τοῦ ὑποκειμένου, οἷον ὁ ἄνθρωπος καθ᾽ ὑπο- τὰ δὲ εἶδη κατὰ τῶν γενῶν οὐκ ἀντιςρέφει. ὥςε καὶ ἐκ ⏎ κειμένου λέγεται τοῦ τινὸς ἀνθρώπου, καὶ κατηγορείται γε τούτων τὸ εἶδος το γένος μᾶλλον οὐσία. αὐτῶν δὲ τῶν εἰ"
tlg001,2,εἶδη,εἶδη,1,35,2288,False,"κειμένου λεγομένων ἀναγκαῖον καὶ τοὔνομα καὶ τὸν λόγον 20 τῷ γένει τὰ μὲν γὰρ γένη κατὰ τῶν εἰδῶν κατηγορεῖται, ⏎ κατηγορεῖσθαι τοῦ ὑποκειμένου, οἷον ὁ ἄνθρωπος καθ᾽ ὑπο- τὰ δὲ εἶδη κατὰ τῶν γενῶν οὐκ ἀντιςρέφει. ὥςε καὶ ἐκ ⏎ κειμένου λέγεται τοῦ τινὸς ἀνθρώπου, καὶ κατηγορείται γε τούτων τὸ εἶδος το γένος μᾶλλον οὐσία. αὐτῶν δὲ τῶν εἰ"
tlg001,2,κατηγορείται,κατηγορείται,1,36,2376,False,"κατηγορεῖσθαι τοῦ ὑποκειμένου, οἷον ὁ ἄνθρωπος καθ᾽ ὑπο- τὰ δὲ εἶδη κατὰ τῶν γενῶν οὐκ ἀντιςρέφει. ὥςε καὶ ἐκ ⏎ κειμένου λέγεται τοῦ τινὸς ἀνθρώπου, καὶ κατηγορείται γε τούτων τὸ εἶδος το γένος μᾶλλον οὐσία. αὐτῶν δὲ τῶν εἰ ⏎ τοὔνομα· τὸν γὰρ ἄνθρωπον τοῦ τινὸς ἀνθρώπου κατηγορή- δῶν ὅσα μή ἐςι γένη, οὐδὲν μᾶλλον ἕτερον ἑτέρου οὐσία"
tlg001,2,το,το,1,36,2408,False,"κατηγορεῖσθαι τοῦ ὑποκειμένου, οἷον ὁ ἄνθρωπος καθ᾽ ὑπο- τὰ δὲ εἶδη κατὰ τῶν γενῶν οὐκ ἀντιςρέφει. ὥςε καὶ ἐκ ⏎ κειμένου λέγεται τοῦ τινὸς ἀνθρώπου, καὶ κατηγορείται γε τούτων τὸ εἶδος το γένος μᾶλλον οὐσία. αὐτῶν δὲ τῶν εἰ ⏎ τοὔνομα· τὸν γὰρ ἄνθρωπον τοῦ τινὸς ἀνθρώπου κατηγορή- δῶν ὅσα μή ἐςι γένη, οὐδὲν μᾶλλον ἕτερον ἑτέρου οὐσία"
tlg001,2,δῶν,δῶν,1,37,2502,False,"κειμένου λέγεται τοῦ τινὸς ἀνθρώπου, καὶ κατηγορείται γε τούτων τὸ εἶδος το γένος μᾶλλον οὐσία. αὐτῶν δὲ τῶν εἰ ⏎ τοὔνομα· τὸν γὰρ ἄνθρωπον τοῦ τινὸς ἀνθρώπου κατηγορή- δῶν ὅσα μή ἐςι γένη, οὐδὲν μᾶλλον ἕτερον ἑτέρου οὐσία ⏎ σεις. καὶ ὁ λόγος δὲ ὁ τοῦ ἀνθρώπου κατὰ τοῦ τινὸς ἀν- ἐςίν· οὐδὲν γὰρ οἰκειότερον ἀποδώσεις κατὰ τῇ τινὸς ἀν-"
tlg001,2,μᾶλ,μᾶλ,1,40,2880,False,"θρώπου κατηγορηθήσεται· ὁ γάρ τις ἄνθρωπος καὶ ἄνθρω- 25 θρώπου τὸν ἄνθρωπον ἀποδιδοὺς ἢ κατὰ τοῦ τινὸς ἵππου ⏎ πός ἐςι καὶ ζῷον, ὥςε καὶ τοὔνομα καὶ ὁ λόγος κατὰ τῇ τὸν ἵππον. ὡσαύτως δὲ καὶ τῶν πρώτων οὐσιῶν ἐδὲν μᾶλ ⏎ ὑποκειμένου κατηγορηθήσεται. τῶν δ᾽ ἐν ὑποκειμένῳ ὄντων λον ἕτερον ἑτέρου οὐσία ἐσίν· οὐδὲν γὰρ μᾶλλον ὁ τὶς ἄνε"
tlg001,2,δ᾽,δ᾽,1,41,2917,False,"πός ἐςι καὶ ζῷον, ὥςε καὶ τοὔνομα καὶ ὁ λόγος κατὰ τῇ τὸν ἵππον. ὡσαύτως δὲ καὶ τῶν πρώτων οὐσιῶν ἐδὲν μᾶλ ⏎ ὑποκειμένου κατηγορηθήσεται. τῶν δ᾽ ἐν ὑποκειμένῳ ὄντων λον ἕτερον ἑτέρου οὐσία ἐσίν· οὐδὲν γὰρ μᾶλλον ὁ τὶς ἄνε ⏎ ἐπὶ μὲν τῶν πλείσων οὔτε τοὔνομα οὔθ᾽ ὁ λόγος κατηγο- θρωπος οὐσία ἢ ὁ τὶς βοῦς."
tlg001,2,λον,λον,1,41,2940,False,"πός ἐςι καὶ ζῷον, ὥςε καὶ τοὔνομα καὶ ὁ λόγος κατὰ τῇ τὸν ἵππον. ὡσαύτως δὲ καὶ τῶν πρώτων οὐσιῶν ἐδὲν μᾶλ ⏎ ὑποκειμένου κατηγορηθήσεται. τῶν δ᾽ ἐν ὑποκειμένῳ ὄντων λον ἕτερον ἑτέρου οὐσία ἐσίν· οὐδὲν γὰρ μᾶλλον ὁ τὶς ἄνε ⏎ ἐπὶ μὲν τῶν πλείσων οὔτε τοὔνομα οὔθ᾽ ὁ λόγος κατηγο- θρωπος οὐσία ἢ ὁ τὶς βοῦς."
tlg001,2,ἄνε,ἄνε,1,41,2993,False,"πός ἐςι καὶ ζῷον, ὥςε καὶ τοὔνομα καὶ ὁ λόγος κατὰ τῇ τὸν ἵππον. ὡσαύτως δὲ καὶ τῶν πρώτων οὐσιῶν ἐδὲν μᾶλ ⏎ ὑποκειμένου κατηγορηθήσεται. τῶν δ᾽ ἐν ὑποκειμένῳ ὄντων λον ἕτερον ἑτέρου οὐσία ἐσίν· οὐδὲν γὰρ μᾶλλον ὁ τὶς ἄνε ⏎ ἐπὶ μὲν τῶν πλείσων οὔτε τοὔνομα οὔθ᾽ ὁ λόγος κατηγο- θρωπος οὐσία ἢ ὁ τὶς βοῦς."
tlg001,2,πλείσων,πλείσων,1,42,3009,False,ὑποκειμένου κατηγορηθήσεται. τῶν δ᾽ ἐν ὑποκειμένῳ ὄντων λον ἕτερον ἑτέρου οὐσία ἐσίν· οὐδὲν γὰρ μᾶλλον ὁ τὶς ἄνε ⏎ ἐπὶ μὲν τῶν πλείσων οὔτε τοὔνομα οὔθ᾽ ὁ λόγος κατηγο- θρωπος οὐσία ἢ ὁ τὶς βοῦς. ⏎ ρεῖται τὸ ὑποκειμένο· ἐπ᾿ ἐνίων δὲ τοὔνομα μὲν οὐδὲν κα
tlg001,2,οὔθ᾽,οὔθ᾽,1,42,3030,False,ὑποκειμένου κατηγορηθήσεται. τῶν δ᾽ ἐν ὑποκειμένῳ ὄντων λον ἕτερον ἑτέρου οὐσία ἐσίν· οὐδὲν γὰρ μᾶλλον ὁ τὶς ἄνε ⏎ ἐπὶ μὲν τῶν πλείσων οὔτε τοὔνομα οὔθ᾽ ὁ λόγος κατηγο- θρωπος οὐσία ἢ ὁ τὶς βοῦς. ⏎ ρεῖται τὸ ὑποκειμένο· ἐπ᾿ ἐνίων δὲ τοὔνομα μὲν οὐδὲν κα
tlg001,2,θρωπος,θρωπος,1,42,3051,False,ὑποκειμένου κατηγορηθήσεται. τῶν δ᾽ ἐν ὑποκειμένῳ ὄντων λον ἕτερον ἑτέρου οὐσία ἐσίν· οὐδὲν γὰρ μᾶλλον ὁ τὶς ἄνε ⏎ ἐπὶ μὲν τῶν πλείσων οὔτε τοὔνομα οὔθ᾽ ὁ λόγος κατηγο- θρωπος οὐσία ἢ ὁ τὶς βοῦς. ⏎ ρεῖται τὸ ὑποκειμένο· ἐπ᾿ ἐνίων δὲ τοὔνομα μὲν οὐδὲν κα
tlg001,2,ἐπ᾿,ἐπ᾿,1,43,3100,False,"ἐπὶ μὲν τῶν πλείσων οὔτε τοὔνομα οὔθ᾽ ὁ λόγος κατηγο- θρωπος οὐσία ἢ ὁ τὶς βοῦς. ⏎ ρεῖται τὸ ὑποκειμένο· ἐπ᾿ ἐνίων δὲ τοὔνομα μὲν οὐδὲν κα ⏎ λύει κατηγορεῖσθαί ποτε τῇ ὑποκειμένο, τὸν δὲ λόγον ἀδύ-"
tlg001,2,κα,κα,1,43,3131,False,"ἐπὶ μὲν τῶν πλείσων οὔτε τοὔνομα οὔθ᾽ ὁ λόγος κατηγο- θρωπος οὐσία ἢ ὁ τὶς βοῦς. ⏎ ρεῖται τὸ ὑποκειμένο· ἐπ᾿ ἐνίων δὲ τοὔνομα μὲν οὐδὲν κα ⏎ λύει κατηγορεῖσθαί ποτε τῇ ὑποκειμένο, τὸν δὲ λόγον ἀδύ-"
tlg001,2,λύει,λύει,1,44,3134,False,"ρεῖται τὸ ὑποκειμένο· ἐπ᾿ ἐνίων δὲ τοὔνομα μὲν οὐδὲν κα ⏎ λύει κατηγορεῖσθαί ποτε τῇ ὑποκειμένο, τὸν δὲ λόγον ἀδύ- ⏎ νατον, οἷον τὸ λευκὸν ἐν ὑποκειμένῳ ἐν τῷ σώματι κατη-"
tlg001,2,κατηγορη,κατηγορη,1,47,3342,False,"γορεῖται τὸ ὑποκειμένου (λευκὸν γὰρ σῶμα λέγεται), ὁ ⏎ δὲ λόγος ὁ τὸ λευκοῦ οὐδέποτε κατὰ σώματος κατηγορη, ⏎ θήσεται. τὰ δ᾽ ἄλλα πάντα ἤτοι καθ᾽ ὑποκειμένων λέγε"
tlg001,2,θήσεται,θήσεται,1,48,3352,False,"δὲ λόγος ὁ τὸ λευκοῦ οὐδέποτε κατὰ σώματος κατηγορη, ⏎ θήσεται. τὰ δ᾽ ἄλλα πάντα ἤτοι καθ᾽ ὑποκειμένων λέγε ⏎ ται τῶν πρώτων οὐσιῶν ἢ ἐν ὑποκειμέναις αὐταῖς ἐςίν. τότο"
tlg001,2,δ᾽,δ᾽,2,48,3364,False,"δὲ λόγος ὁ τὸ λευκοῦ οὐδέποτε κατὰ σώματος κατηγορη, ⏎ θήσεται. τὰ δ᾽ ἄλλα πάντα ἤτοι καθ᾽ ὑποκειμένων λέγε ⏎ ται τῶν πρώτων οὐσιῶν ἢ ἐν ὑποκειμέναις αὐταῖς ἐςίν. τότο"
tlg001,2,καθ᾽,καθ᾽,7,48,3383,False,"δὲ λόγος ὁ τὸ λευκοῦ οὐδέποτε κατὰ σώματος κατηγορη, ⏎ θήσεται. τὰ δ᾽ ἄλλα πάντα ἤτοι καθ᾽ ὑποκειμένων λέγε ⏎ ται τῶν πρώτων οὐσιῶν ἢ ἐν ὑποκειμέναις αὐταῖς ἐςίν. τότο"
tlg001,2,λέγε,λέγε,1,48,3400,False,"δὲ λόγος ὁ τὸ λευκοῦ οὐδέποτε κατὰ σώματος κατηγορη, ⏎ θήσεται. τὰ δ᾽ ἄλλα πάντα ἤτοι καθ᾽ ὑποκειμένων λέγε ⏎ ται τῶν πρώτων οὐσιῶν ἢ ἐν ὑποκειμέναις αὐταῖς ἐςίν. τότο"
tlg001,2,ται,ται,1,49,3405,False,"θήσεται. τὰ δ᾽ ἄλλα πάντα ἤτοι καθ᾽ ὑποκειμένων λέγε ⏎ ται τῶν πρώτων οὐσιῶν ἢ ἐν ὑποκειμέναις αὐταῖς ἐςίν. τότο ⏎ δὲ φανερὸν ἐκ τῶν καθ᾽ ἕκαςα προχειριζομένων, οἷον τὸ"
tlg001,2,τότο,τότο,1,49,3458,False,"θήσεται. τὰ δ᾽ ἄλλα πάντα ἤτοι καθ᾽ ὑποκειμένων λέγε ⏎ ται τῶν πρώτων οὐσιῶν ἢ ἐν ὑποκειμέναις αὐταῖς ἐςίν. τότο ⏎ δὲ φανερὸν ἐκ τῶν καθ᾽ ἕκαςα προχειριζομένων, οἷον τὸ"
tlg001,2,καθ᾽,καθ᾽,8,50,3481,False,"ται τῶν πρώτων οὐσιῶν ἢ ἐν ὑποκειμέναις αὐταῖς ἐςίν. τότο ⏎ δὲ φανερὸν ἐκ τῶν καθ᾽ ἕκαςα προχειριζομένων, οἷον τὸ ⏎ ζῷον κατὰ τὸ ἀνθρωπο κατηγορεῖται ἐκῖν καὶ κατὰ τῇ"
tlg001,2,ἀνθρωπο,ἀνθρωπο,1,51,3530,False,"δὲ φανερὸν ἐκ τῶν καθ᾽ ἕκαςα προχειριζομένων, οἷον τὸ ⏎ ζῷον κατὰ τὸ ἀνθρωπο κατηγορεῖται ἐκῖν καὶ κατὰ τῇ ⏎ τινὸς ἀνθρώπε κατηγορηθήσεται τὸ ζῷον· εἰ γὰρ κατὰ μη"
tlg001,2,ἐκῖν,ἐκῖν,1,51,3551,False,"δὲ φανερὸν ἐκ τῶν καθ᾽ ἕκαςα προχειριζομένων, οἷον τὸ ⏎ ζῷον κατὰ τὸ ἀνθρωπο κατηγορεῖται ἐκῖν καὶ κατὰ τῇ ⏎ τινὸς ἀνθρώπε κατηγορηθήσεται τὸ ζῷον· εἰ γὰρ κατὰ μη"
tlg001,2,ἄλ,ἄλ,1,56,3673,False,35 ⏎ Εἰκότως δὲ μετὰ τὰς πρώτας οὐσίας μόνα τῶν ἄλ ⏎ λων τὰ εἴδη καὶ τὰ γένη δεύτεραι οὐσίαι λέγονται μόνα
tlg001,2,λων,λων,1,57,3676,False,Εἰκότως δὲ μετὰ τὰς πρώτας οὐσίας μόνα τῶν ἄλ ⏎ λων τὰ εἴδη καὶ τὰ γένη δεύτεραι οὐσίαι λέγονται μόνα ⏎ γὰρ δηλοῖ τὴν πρώτην Ασίαν τῶν κατηγορουμένων. τὸν γάρ
tlg001,2,ασίαν,ασίαν,1,58,3751,False,"λων τὰ εἴδη καὶ τὰ γένη δεύτεραι οὐσίαι λέγονται μόνα ⏎ γὰρ δηλοῖ τὴν πρώτην Ασίαν τῶν κατηγορουμένων. τὸν γάρ ⏎ τινα άνθρωπον ἐὰν ἀποδιδῷ τις τί ἐςι, τὸ μὲν εἶδος ἢ τὸ"
tlg001,2,τινα,τινα,1,59,3785,False,"γὰρ δηλοῖ τὴν πρώτην Ασίαν τῶν κατηγορουμένων. τὸν γάρ ⏎ τινα άνθρωπον ἐὰν ἀποδιδῷ τις τί ἐςι, τὸ μὲν εἶδος ἢ τὸ ⏎ γένος ἀποδιδοὺς οἰκείως ἀποδώσει καὶ γνωριμώτερον ποιή-"
tlg001,2,άνθρωπον,άνθρωπον,1,59,3790,False,"γὰρ δηλοῖ τὴν πρώτην Ασίαν τῶν κατηγορουμένων. τὸν γάρ ⏎ τινα άνθρωπον ἐὰν ἀποδιδῷ τις τί ἐςι, τὸ μὲν εἶδος ἢ τὸ ⏎ γένος ἀποδιδοὺς οἰκείως ἀποδώσει καὶ γνωριμώτερον ποιή-"
tlg001,2,αὐσίαι,αὐσίαι,1,65,4160,False,ἄλλων ταῦτα μόνα οὐσίαι λέγονται. ἔτι αἱ πρῶται ἐσίαι ⏎ διὰ τὸ τοῖς ἄλλοις ἅπασιν ὑποκεῖσθαι κυριώτατα αὐσίαι ⏎ A
tlg001,2,και,και,1,68,4373,False,"1. ἥμισυ om pr B. ‖ ἐν ἀγορᾷ, ἐν λυκείῳ BC. || 2. χθές C. l 4. codices τέμνειν καίειν. || τέμνεσθαι καίεσθαι BC. || 9. κατὰ ⏎ μηδεμίαν δὲ C. || 10. λευκός C. || 21. ὁ om C. || 22. λέγεται] μὲν λέγεται C. 1 και om pr C. | 23. τε] κατὰ τοῦ BC. || ⏎ 26. καὶ ζῷον om pr BC. Η 30. ποτε om Β. Η 36. κατὰ τὸ ἀνθρώπε τὸ ζῷον Coll 38. κατηγορηθήσεται τὸ ζῷον om C."
tlg001,2,η,η,1,69,4435,False,μηδεμίαν δὲ C. || 10. λευκός C. || 21. ὁ om C. || 22. λέγεται] μὲν λέγεται C. 1 και om pr C. | 23. τε] κατὰ τοῦ BC. || ⏎ 26. καὶ ζῷον om pr BC. Η 30. ποτε om Β. Η 36. κατὰ τὸ ἀνθρώπε τὸ ζῷον Coll 38. κατηγορηθήσεται τὸ ζῷον om C. ⏎ 4. λέγεται post οὐσιῶν ponit C. || 6. post είναι ABC addunt haec: πάντα γὰρ τὰ ἄλλα ἤτοι καθ᾽ ὑποκειμένων τόπων λέγεται ἢ ἐν ὑποκειμέναις
tlg001,2,β,β,1,69,4449,False,μηδεμίαν δὲ C. || 10. λευκός C. || 21. ὁ om C. || 22. λέγεται] μὲν λέγεται C. 1 και om pr C. | 23. τε] κατὰ τοῦ BC. || ⏎ 26. καὶ ζῷον om pr BC. Η 30. ποτε om Β. Η 36. κατὰ τὸ ἀνθρώπε τὸ ζῷον Coll 38. κατηγορηθήσεται τὸ ζῷον om C. ⏎ 4. λέγεται post οὐσιῶν ponit C. || 6. post είναι ABC addunt haec: πάντα γὰρ τὰ ἄλλα ἤτοι καθ᾽ ὑποκειμένων τόπων λέγεται ἢ ἐν ὑποκειμέναις
tlg001,2,η,η,2,69,4452,False,μηδεμίαν δὲ C. || 10. λευκός C. || 21. ὁ om C. || 22. λέγεται] μὲν λέγεται C. 1 και om pr C. | 23. τε] κατὰ τοῦ BC. || ⏎ 26. καὶ ζῷον om pr BC. Η 30. ποτε om Β. Η 36. κατὰ τὸ ἀνθρώπε τὸ ζῷον Coll 38. κατηγορηθήσεται τὸ ζῷον om C. ⏎ 4. λέγεται post οὐσιῶν ponit C. || 6. post είναι ABC addunt haec: πάντα γὰρ τὰ ἄλλα ἤτοι καθ᾽ ὑποκειμένων τόπων λέγεται ἢ ἐν ὑποκειμέναις
tlg001,2,είναι,είναι,1,70,4564,False,26. καὶ ζῷον om pr BC. Η 30. ποτε om Β. Η 36. κατὰ τὸ ἀνθρώπε τὸ ζῷον Coll 38. κατηγορηθήσεται τὸ ζῷον om C. ⏎ 4. λέγεται post οὐσιῶν ponit C. || 6. post είναι ABC addunt haec: πάντα γὰρ τὰ ἄλλα ἤτοι καθ᾽ ὑποκειμένων τόπων λέγεται ἢ ἐν ὑποκειμέναις ⏎ αὐταῖς ἐσίν. ὥσε μὴ ἐσῶν τῶν πρώτων ἐσιῶν ἀδύνατον τῶν ἄλλων τι εἶναι. Η 11. ἀποδοίη τις ἄνθρωπον C. || 12. ἀποδιδὲς ἢ ζῶον C. 1 14. ρωριμώ
tlg001,2,καθ᾽,καθ᾽,9,70,4610,False,26. καὶ ζῷον om pr BC. Η 30. ποτε om Β. Η 36. κατὰ τὸ ἀνθρώπε τὸ ζῷον Coll 38. κατηγορηθήσεται τὸ ζῷον om C. ⏎ 4. λέγεται post οὐσιῶν ponit C. || 6. post είναι ABC addunt haec: πάντα γὰρ τὰ ἄλλα ἤτοι καθ᾽ ὑποκειμένων τόπων λέγεται ἢ ἐν ὑποκειμέναις ⏎ αὐταῖς ἐσίν. ὥσε μὴ ἐσῶν τῶν πρώτων ἐσιῶν ἀδύνατον τῶν ἄλλων τι εἶναι. Η 11. ἀποδοίη τις ἄνθρωπον C. || 12. ἀποδιδὲς ἢ ζῶον C. 1 14. ρωριμώ
tlg001,2,τόπων,τόπων,1,70,4627,False,26. καὶ ζῷον om pr BC. Η 30. ποτε om Β. Η 36. κατὰ τὸ ἀνθρώπε τὸ ζῷον Coll 38. κατηγορηθήσεται τὸ ζῷον om C. ⏎ 4. λέγεται post οὐσιῶν ponit C. || 6. post είναι ABC addunt haec: πάντα γὰρ τὰ ἄλλα ἤτοι καθ᾽ ὑποκειμένων τόπων λέγεται ἢ ἐν ὑποκειμέναις ⏎ αὐταῖς ἐσίν. ὥσε μὴ ἐσῶν τῶν πρώτων ἐσιῶν ἀδύνατον τῶν ἄλλων τι εἶναι. Η 11. ἀποδοίη τις ἄνθρωπον C. || 12. ἀποδιδὲς ἢ ζῶον C. 1 14. ρωριμώ
tlg001,2,ὥσε,ὥσε,1,71,4672,False,4. λέγεται post οὐσιῶν ponit C. || 6. post είναι ABC addunt haec: πάντα γὰρ τὰ ἄλλα ἤτοι καθ᾽ ὑποκειμένων τόπων λέγεται ἢ ἐν ὑποκειμέναις ⏎ αὐταῖς ἐσίν. ὥσε μὴ ἐσῶν τῶν πρώτων ἐσιῶν ἀδύνατον τῶν ἄλλων τι εἶναι. Η 11. ἀποδοίη τις ἄνθρωπον C. || 12. ἀποδιδὲς ἢ ζῶον C. 1 14. ρωριμώ ⏎ περον καὶ οἰκειότερον ἀποδώσει C. Η 15. ἔτι δὲ αἱ C. || 17. ταύταις BC. || 19. γάρ πως τὸ C. Η 21. κατὰ om C. | 27. οὐδὲ fortasse A. ||
tlg001,2,η,η,3,71,4730,False,4. λέγεται post οὐσιῶν ponit C. || 6. post είναι ABC addunt haec: πάντα γὰρ τὰ ἄλλα ἤτοι καθ᾽ ὑποκειμένων τόπων λέγεται ἢ ἐν ὑποκειμέναις ⏎ αὐταῖς ἐσίν. ὥσε μὴ ἐσῶν τῶν πρώτων ἐσιῶν ἀδύνατον τῶν ἄλλων τι εἶναι. Η 11. ἀποδοίη τις ἄνθρωπον C. || 12. ἀποδιδὲς ἢ ζῶον C. 1 14. ρωριμώ ⏎ περον καὶ οἰκειότερον ἀποδώσει C. Η 15. ἔτι δὲ αἱ C. || 17. ταύταις BC. || 19. γάρ πως τὸ C. Η 21. κατὰ om C. | 27. οὐδὲ fortasse A. ||
tlg001,2,ζῶον,ζῶον,1,71,4778,False,4. λέγεται post οὐσιῶν ponit C. || 6. post είναι ABC addunt haec: πάντα γὰρ τὰ ἄλλα ἤτοι καθ᾽ ὑποκειμένων τόπων λέγεται ἢ ἐν ὑποκειμέναις ⏎ αὐταῖς ἐσίν. ὥσε μὴ ἐσῶν τῶν πρώτων ἐσιῶν ἀδύνατον τῶν ἄλλων τι εἶναι. Η 11. ἀποδοίη τις ἄνθρωπον C. || 12. ἀποδιδὲς ἢ ζῶον C. 1 14. ρωριμώ ⏎ περον καὶ οἰκειότερον ἀποδώσει C. Η 15. ἔτι δὲ αἱ C. || 17. ταύταις BC. || 19. γάρ πως τὸ C. Η 21. κατὰ om C. | 27. οὐδὲ fortasse A. ||
tlg001,2,ρωριμώ,ρωριμώ,1,71,4792,False,4. λέγεται post οὐσιῶν ponit C. || 6. post είναι ABC addunt haec: πάντα γὰρ τὰ ἄλλα ἤτοι καθ᾽ ὑποκειμένων τόπων λέγεται ἢ ἐν ὑποκειμέναις ⏎ αὐταῖς ἐσίν. ὥσε μὴ ἐσῶν τῶν πρώτων ἐσιῶν ἀδύνατον τῶν ἄλλων τι εἶναι. Η 11. ἀποδοίη τις ἄνθρωπον C. || 12. ἀποδιδὲς ἢ ζῶον C. 1 14. ρωριμώ ⏎ περον καὶ οἰκειότερον ἀποδώσει C. Η 15. ἔτι δὲ αἱ C. || 17. ταύταις BC. || 19. γάρ πως τὸ C. Η 21. κατὰ om C. | 27. οὐδὲ fortasse A. ||
tlg001,2,περον,περον,1,72,4799,False,"αὐταῖς ἐσίν. ὥσε μὴ ἐσῶν τῶν πρώτων ἐσιῶν ἀδύνατον τῶν ἄλλων τι εἶναι. Η 11. ἀποδοίη τις ἄνθρωπον C. || 12. ἀποδιδὲς ἢ ζῶον C. 1 14. ρωριμώ ⏎ περον καὶ οἰκειότερον ἀποδώσει C. Η 15. ἔτι δὲ αἱ C. || 17. ταύταις BC. || 19. γάρ πως τὸ C. Η 21. κατὰ om C. | 27. οὐδὲ fortasse A. || ⏎ 36. τρέχει 4. Η ταῦτα μόνα τῶν ἄλλων C. Η 38. post ὑποκεῖσθαι editi καὶ τὰ ἄλλα πάντα κατὰ τέτων κατηγορεῖσθαι ἢ ἐν αὐταῖς εἶναι,"
tlg001,2,η,η,4,72,4833,False,"αὐταῖς ἐσίν. ὥσε μὴ ἐσῶν τῶν πρώτων ἐσιῶν ἀδύνατον τῶν ἄλλων τι εἶναι. Η 11. ἀποδοίη τις ἄνθρωπον C. || 12. ἀποδιδὲς ἢ ζῶον C. 1 14. ρωριμώ ⏎ περον καὶ οἰκειότερον ἀποδώσει C. Η 15. ἔτι δὲ αἱ C. || 17. ταύταις BC. || 19. γάρ πως τὸ C. Η 21. κατὰ om C. | 27. οὐδὲ fortasse A. || ⏎ 36. τρέχει 4. Η ταῦτα μόνα τῶν ἄλλων C. Η 38. post ὑποκεῖσθαι editi καὶ τὰ ἄλλα πάντα κατὰ τέτων κατηγορεῖσθαι ἢ ἐν αὐταῖς εἶναι,"
tlg001,2,η,η,5,72,4892,False,"αὐταῖς ἐσίν. ὥσε μὴ ἐσῶν τῶν πρώτων ἐσιῶν ἀδύνατον τῶν ἄλλων τι εἶναι. Η 11. ἀποδοίη τις ἄνθρωπον C. || 12. ἀποδιδὲς ἢ ζῶον C. 1 14. ρωριμώ ⏎ περον καὶ οἰκειότερον ἀποδώσει C. Η 15. ἔτι δὲ αἱ C. || 17. ταύταις BC. || 19. γάρ πως τὸ C. Η 21. κατὰ om C. | 27. οὐδὲ fortasse A. || ⏎ 36. τρέχει 4. Η ταῦτα μόνα τῶν ἄλλων C. Η 38. post ὑποκεῖσθαι editi καὶ τὰ ἄλλα πάντα κατὰ τέτων κατηγορεῖσθαι ἢ ἐν αὐταῖς εἶναι,"
tlg001,2,η,η,6,73,4949,False,"περον καὶ οἰκειότερον ἀποδώσει C. Η 15. ἔτι δὲ αἱ C. || 17. ταύταις BC. || 19. γάρ πως τὸ C. Η 21. κατὰ om C. | 27. οὐδὲ fortasse A. || ⏎ 36. τρέχει 4. Η ταῦτα μόνα τῶν ἄλλων C. Η 38. post ὑποκεῖσθαι editi καὶ τὰ ἄλλα πάντα κατὰ τέτων κατηγορεῖσθαι ἢ ἐν αὐταῖς εἶναι,"
tlg001,2,η,η,7,73,4975,False,"περον καὶ οἰκειότερον ἀποδώσει C. Η 15. ἔτι δὲ αἱ C. || 17. ταύταις BC. || 19. γάρ πως τὸ C. Η 21. κατὰ om C. | 27. οὐδὲ fortasse A. || ⏎ 36. τρέχει 4. Η ταῦτα μόνα τῶν ἄλλων C. Η 38. post ὑποκεῖσθαι editi καὶ τὰ ἄλλα πάντα κατὰ τέτων κατηγορεῖσθαι ἢ ἐν αὐταῖς εἶναι,"
tlg001,3,κατηγοριαι,κατηγοριαι,1,1,0,False,ΚΑΤΗΓΟΡΙΑΙ ⏎ 3
tlg001,3,ὅτω,ὅτω,1,4,75,False,"λέγονται. ὡς δέ γε αἱ πρῶται ἐσίαι πρὸς τὰ ἄλλα πάντα ⏎ ἔχεσιν, ὅτω τὰ εἴδη καὶ τὰ γένη τῶν πρώτων ἐσιῶν πρὸς ⏎ τὰ λοιπὰ πάντα ἔχει· κατὰ τέτων γὰρ πάντα τὰ λοιπὰ"
tlg001,3,αὐκοῦν,αὐκοῦν,1,7,227,False,κατηγορεῖται. τὸν γάρ τινα ἄνθρωπον ἐρεῖς γραμματικόν: ⏎ αὐκοῦν καὶ ἄνθρωπον καὶ ζῷον γραμματικὸν ἐρεῖς. ὡσαύ- ⏎ τως δὲ καὶ ἐπὶ τῶν ἄλλων.
tlg001,3,αύτως,αύτως,1,15,580,False,"5 λέγεται, πάντα καὶ κατὰ τοῦ ὑποκειμένου ῥηθήσεται. ὡς ⏎ αύτως δὲ καὶ τὸν τῶν διαφορῶν λόγον ἐπιδέχεται τὰ εἴδη ⏎ καὶ τὰ ἄτομα. συνώνυμα δέ γε ἦν ὧν καὶ τἄνομα κοινὸν"
tlg001,3,τἄνομα,τἄνομα,1,16,674,False,"αύτως δὲ καὶ τὸν τῶν διαφορῶν λόγον ἐπιδέχεται τὰ εἴδη ⏎ καὶ τὰ ἄτομα. συνώνυμα δέ γε ἦν ὧν καὶ τἄνομα κοινὸν ⏎ καὶ ὁ λόγος ὁ αὐτός, ὥςε πάντα τὰ ἀπὸ τῶν ἐσιῶν καὶ"
tlg001,3,ουσία,ουσία,1,22,855,False,Κοινὸν δὲ κατὰ πάσης οὐσίας τὸ μὴ ἐν ὑποκειμένῳ ⏎ εἶναι ἡ μὲν γὰρ πρώτη ουσία οὔτε ἐν ὑποκειμένῳ ἐστὶν ⏎ οὔτε καθ᾽ ὑποκειμένου λέγεται· τῶν δὲ δευτέρων οὐσιῶν
tlg001,3,καθ᾽,καθ᾽,1,23,891,False,εἶναι ἡ μὲν γὰρ πρώτη ουσία οὔτε ἐν ὑποκειμένῳ ἐστὶν ⏎ οὔτε καθ᾽ ὑποκειμένου λέγεται· τῶν δὲ δευτέρων οὐσιῶν ⏎ φανερὸν μὲν καὶ ὅτως ὅτι ἐκ εἰσὶν ἐν ὑποκειμένῳ. ὁ γὰρ
tlg001,3,ὅτως,ὅτως,1,24,956,False,"οὔτε καθ᾽ ὑποκειμένου λέγεται· τῶν δὲ δευτέρων οὐσιῶν ⏎ φανερὸν μὲν καὶ ὅτως ὅτι ἐκ εἰσὶν ἐν ὑποκειμένῳ. ὁ γὰρ ⏎ ἄνθρωπος καθ᾽ ὑποκειμένου μὲν τῇ τινὸς ἀνθρώπε λέγεται,"
tlg001,3,καθ᾽,καθ᾽,2,25,1004,False,"φανερὸν μὲν καὶ ὅτως ὅτι ἐκ εἰσὶν ἐν ὑποκειμένῳ. ὁ γὰρ ⏎ ἄνθρωπος καθ᾽ ὑποκειμένου μὲν τῇ τινὸς ἀνθρώπε λέγεται, ⏎ ἐν ὑποκειμένῳ δὲ οὐκ ἔςιν· οὐ γὰρ ἐν τῷ τινὶ ἀνθρώπῳ ὁ"
tlg001,3,καθ᾽,καθ᾽,3,27,1144,False,"ἐν ὑποκειμένῳ δὲ οὐκ ἔςιν· οὐ γὰρ ἐν τῷ τινὶ ἀνθρώπῳ ὁ ⏎ ἄνθρωπος ἐςιν. ὡσαύτως δὲ καὶ τὸ ζῷον καθ᾽ ὑποκειμένου ⏎ μὲν λέγεται τοῦ τινὸς ἀνθρώπου, οὐκ ἔτι δὲ τὸ ζῷον ἐν"
tlg001,3,κατηγορεί,κατηγορεί,1,31,1371,False,"ὄνομα οὐδὲν κωλύει κατηγορεῖσθαί ποτε τοῦ ὑποκειμένου, ⏎ τὸν δὲ λόγον ἀδύνατον. τῶν δὲ δευτέρων οὐσιῶν κατηγορεί ⏎ ται καὶ ὁ λόγος κατὰ τοῦ ὑποκειμένου καὶ τοὔνομα: τὸν"
tlg001,3,ται,ται,1,32,1381,False,τὸν δὲ λόγον ἀδύνατον. τῶν δὲ δευτέρων οὐσιῶν κατηγορεί ⏎ ται καὶ ὁ λόγος κατὰ τοῦ ὑποκειμένου καὶ τοὔνομα: τὸν ⏎ γὰρ τοῦ ἀνθρώπου λόγον κατὰ τοῦ τινὸς ἀνθρώπου κατη
tlg001,3,κατη,κατη,1,33,1482,False,"ται καὶ ὁ λόγος κατὰ τοῦ ὑποκειμένου καὶ τοὔνομα: τὸν ⏎ γὰρ τοῦ ἀνθρώπου λόγον κατὰ τοῦ τινὸς ἀνθρώπου κατη ⏎ γορήσεις, καὶ τὸν τοῦ ζῴου ὡσαύτως. ὥςε οὐκ ἂν εἴη ἡ"
tlg001,3,γορήσεις,γορήσεις,1,34,1487,False,"γὰρ τοῦ ἀνθρώπου λόγον κατὰ τοῦ τινὸς ἀνθρώπου κατη ⏎ γορήσεις, καὶ τὸν τοῦ ζῴου ὡσαύτως. ὥςε οὐκ ἂν εἴη ἡ ⏎ οὐσία τῶν ἐν ὑποκειμένῳ. οὐκ ἴδιον δὲ τοῦτο τῆς οὐσίας;"
tlg001,3,καθ᾽,καθ᾽,4,37,1669,False,"ἀλλὰ καὶ ἡ διαφορὰ τῶν μὴ ἐν ὑποκειμένῳ ἐςίν. τὸ γὰρ ⏎ πεζὸν καὶ τὸ δίπουν καθ᾽ ὑποκειμένου μὲν λέγεται τὸ ἀν- ⏎ θρώπο, ἐν ὑποκειμένῳ δὲ ἐκ ἔσιν· ἐ γὰρ ἐν τῷ ἀνθρώπῳ"
tlg001,3,ἀν,ἀν,1,37,1701,False,"ἀλλὰ καὶ ἡ διαφορὰ τῶν μὴ ἐν ὑποκειμένῳ ἐςίν. τὸ γὰρ ⏎ πεζὸν καὶ τὸ δίπουν καθ᾽ ὑποκειμένου μὲν λέγεται τὸ ἀν- ⏎ θρώπο, ἐν ὑποκειμένῳ δὲ ἐκ ἔσιν· ἐ γὰρ ἐν τῷ ἀνθρώπῳ"
tlg001,3,θρώπο,θρώπο,1,38,1705,False,"πεζὸν καὶ τὸ δίπουν καθ᾽ ὑποκειμένου μὲν λέγεται τὸ ἀν- ⏎ θρώπο, ἐν ὑποκειμένῳ δὲ ἐκ ἔσιν· ἐ γὰρ ἐν τῷ ἀνθρώπῳ ⏎ ἐςὶ τὸ δίπουν ἢ τὸ πεζόν. καὶ ὁ λόγος δὲ κατηγορεῖται ὁ 25"
tlg001,3,ἔσιν,ἔσιν,1,38,1732,False,"πεζὸν καὶ τὸ δίπουν καθ᾽ ὑποκειμένου μὲν λέγεται τὸ ἀν- ⏎ θρώπο, ἐν ὑποκειμένῳ δὲ ἐκ ἔσιν· ἐ γὰρ ἐν τῷ ἀνθρώπῳ ⏎ ἐςὶ τὸ δίπουν ἢ τὸ πεζόν. καὶ ὁ λόγος δὲ κατηγορεῖται ὁ 25"
tlg001,3,καθ᾿,καθ᾿,1,40,1831,False,"ἐςὶ τὸ δίπουν ἢ τὸ πεζόν. καὶ ὁ λόγος δὲ κατηγορεῖται ὁ 25 ⏎ τῆς διαφορᾶς, καθ᾿ οὗ ἂν λέγηται ἡ διαφορά, οἷον εἰ τὸ ⏎ πεζὲν κατὰ τὸ ἀνθρώπε λέγεται, καὶ ὁ λόγος ὁ τὸ πεζό"
tlg001,3,πεζὲν,πεζὲν,1,41,1872,False,"τῆς διαφορᾶς, καθ᾿ οὗ ἂν λέγηται ἡ διαφορά, οἷον εἰ τὸ ⏎ πεζὲν κατὰ τὸ ἀνθρώπε λέγεται, καὶ ὁ λόγος ὁ τὸ πεζό ⏎ κατηγορηθήσεται τῇ ἀνθρώπο· πεζὸν γάρ ἐςιν ὁ ἄνθρωπος."
tlg001,3,πεζό,πεζό,1,41,1920,False,"τῆς διαφορᾶς, καθ᾿ οὗ ἂν λέγηται ἡ διαφορά, οἷον εἰ τὸ ⏎ πεζὲν κατὰ τὸ ἀνθρώπε λέγεται, καὶ ὁ λόγος ὁ τὸ πεζό ⏎ κατηγορηθήσεται τῇ ἀνθρώπο· πεζὸν γάρ ἐςιν ὁ ἄνθρωπος."
tlg001,3,ἐλέγετο,ἐλέγετο,1,46,2144,False,σίας αὐτὰ φάσκειν εἶναι· οὐ γὰρ οὕτω τὰ ἐν ὑποκειμένῳ ⏎ ἐλέγετο τὰ ὡς μέρη ὑπάρχοντα ἔν τινι. ⏎ αν
tlg001,3,αν,αν,1,47,2182,False,ἐλέγετο τὰ ὡς μέρη ὑπάρχοντα ἔν τινι. ⏎ αν ⏎ 20
tlg001,3,κατ᾽,κατ᾽,1,53,2412,False,τῶν εἰδῶν. ἀπὸ μὲν γὰρ τῆς πρώτης οὐσίας οὐδεμία ἐςὶ ⏎ κατηγορία· κατ᾽ οὐδενὸς γὰρ ὑποκειμένου λέγεται· τῶν δὲ ⏎ δευτέρων οὐσιῶν τὸ μὲν εἶδος κατὰ τοῦ ἀτόμου κατηγο
tlg001,3,κατηγο,κατηγο,1,54,2502,False,"κατηγορία· κατ᾽ οὐδενὸς γὰρ ὑποκειμένου λέγεται· τῶν δὲ ⏎ δευτέρων οὐσιῶν τὸ μὲν εἶδος κατὰ τοῦ ἀτόμου κατηγο ⏎ ρεῖται, τὸ δὲ γένος καὶ κατὰ τὸ εἴδες καὶ κατὰ τὸ ἀτόμο."
tlg001,3,ρεῖται,ρεῖται,1,55,2509,False,"δευτέρων οὐσιῶν τὸ μὲν εἶδος κατὰ τοῦ ἀτόμου κατηγο ⏎ ρεῖται, τὸ δὲ γένος καὶ κατὰ τὸ εἴδες καὶ κατὰ τὸ ἀτόμο. ⏎ Πᾶσα δὲ ἐσία δοκεῖ τόδε τι σημαίνειν. ἐπὶ μὲν ἔν"
tlg001,3,εἴδες,εἴδες,1,55,2541,False,"δευτέρων οὐσιῶν τὸ μὲν εἶδος κατὰ τοῦ ἀτόμου κατηγο ⏎ ρεῖται, τὸ δὲ γένος καὶ κατὰ τὸ εἴδες καὶ κατὰ τὸ ἀτόμο. ⏎ Πᾶσα δὲ ἐσία δοκεῖ τόδε τι σημαίνειν. ἐπὶ μὲν ἔν"
tlg001,3,ἓν,ἓν,1,58,2701,False,τῶν πρώτων οὐσιῶν ἀναμφισβήτητον καὶ ἀληθές ἐςιν ὅτι ⏎ τόδε τι σημαίνει· ἄτομον γὰρ καὶ ἓν ἀριθμῷ τὸ δηλέμε ⏎ γόν ἐσιν· ἐπὶ δὲ τῶν δευτέρων οὐσιῶν φαίνεται μὲν ὁμοίως
tlg001,3,δηλέμε,δηλέμε,1,58,2714,False,τῶν πρώτων οὐσιῶν ἀναμφισβήτητον καὶ ἀληθές ἐςιν ὅτι ⏎ τόδε τι σημαίνει· ἄτομον γὰρ καὶ ἓν ἀριθμῷ τὸ δηλέμε ⏎ γόν ἐσιν· ἐπὶ δὲ τῶν δευτέρων οὐσιῶν φαίνεται μὲν ὁμοίως
tlg001,3,γόν,γόν,1,59,2721,False,"τόδε τι σημαίνει· ἄτομον γὰρ καὶ ἓν ἀριθμῷ τὸ δηλέμε ⏎ γόν ἐσιν· ἐπὶ δὲ τῶν δευτέρων οὐσιῶν φαίνεται μὲν ὁμοίως ⏎ τῷ σχήματι τῆς προσηγορίας τόδε τι σημαίνειν, ὅταν εἴπῃ"
tlg001,3,ἐσιν,ἐσιν,1,59,2725,False,"τόδε τι σημαίνει· ἄτομον γὰρ καὶ ἓν ἀριθμῷ τὸ δηλέμε ⏎ γόν ἐσιν· ἐπὶ δὲ τῶν δευτέρων οὐσιῶν φαίνεται μὲν ὁμοίως ⏎ τῷ σχήματι τῆς προσηγορίας τόδε τι σημαίνειν, ὅταν εἴπῃ"
tlg001,3,γέ,γέ,1,61,2865,False,"τῷ σχήματι τῆς προσηγορίας τόδε τι σημαίνειν, ὅταν εἴπῃ ⏎ ἄνθρωπον ἢ ζῷον, οὐ μὴν ἀληθές γέ, ἀλλὰ μᾶλλον ποιόν ⏎ τι σημαίνει· ὁ γὰρ ἕν ἐςι τὸ ὑποκείμενον ὥσπερ ἡ πρώτη"
tlg001,3,ἀλλ᾽,ἀλλ᾽,1,65,3080,False,"ζῷον, οὐχ ἁπλῶς δὲ ποιόν τι σημαίνει, ὥσπερ τὸ λευκόν. ⏎ ἐδὲν γὰρ ἄλλο σημαίνει τὸ λευκὸν ἀλλ᾽ ἢ ποιόν. τὸ δὲ ⏎ εἶδος καὶ τὸ γένος περὶ ἐσίαν τὸ ποιὸν ἀφορίζει· ποιαν"
tlg001,3,ποιαν,ποιαν,1,66,3149,False,ἐδὲν γὰρ ἄλλο σημαίνει τὸ λευκὸν ἀλλ᾽ ἢ ποιόν. τὸ δὲ ⏎ εἶδος καὶ τὸ γένος περὶ ἐσίαν τὸ ποιὸν ἀφορίζει· ποιαν ⏎ γάρ τινα ἐσίαν σημαίνει. ἐπὶ πλεῖον δὲ τῷ γένει ἢ τῷ εἴδει
tlg001,3,υπάρχει,υπάρχει,1,70,3299,False,"ριλαμβάνει ἢ ὁ τὸν ἄνθρωπον. ⏎ Υπάρχει δὲ ταῖς ἐσίαις καὶ τὸ μηδὲν αὐταῖς ἐναν ⏎ τίον εἶναι. τῇ γὰρ πρώτῃ ἐσίᾳ τί ἂν εἴη ἐναντίον, οἷον τῷ"
tlg001,3,ἐναν,ἐναν,1,70,3342,False,"ριλαμβάνει ἢ ὁ τὸν ἄνθρωπον. ⏎ Υπάρχει δὲ ταῖς ἐσίαις καὶ τὸ μηδὲν αὐταῖς ἐναν ⏎ τίον εἶναι. τῇ γὰρ πρώτῃ ἐσίᾳ τί ἂν εἴη ἐναντίον, οἷον τῷ"
tlg001,3,τίον,τίον,1,71,3347,False,"Υπάρχει δὲ ταῖς ἐσίαις καὶ τὸ μηδὲν αὐταῖς ἐναν ⏎ τίον εἶναι. τῇ γὰρ πρώτῃ ἐσίᾳ τί ἂν εἴη ἐναντίον, οἷον τῷ ⏎ τινὶ ἀνθρώπῳ ἢ τῷ τινὶ ζῴῳ; ἰδὲν γάρ ἐσιν ἐναντίον. οὐδέ"
tlg001,3,ἐσιν,ἐσιν,2,72,3442,False,"τίον εἶναι. τῇ γὰρ πρώτῃ ἐσίᾳ τί ἂν εἴη ἐναντίον, οἷον τῷ ⏎ τινὶ ἀνθρώπῳ ἢ τῷ τινὶ ζῴῳ; ἰδὲν γάρ ἐσιν ἐναντίον. οὐδέ ⏎ γε τῷ ἀνθρώπῳ ἢ τῷ ζῴῳ οὐδέν ἐςιν ἐναντίον. οὐκ ἴδιον δὲ"
tlg001,3,τῦτο,τῦτο,1,74,3519,False,"γε τῷ ἀνθρώπῳ ἢ τῷ ζῴῳ οὐδέν ἐςιν ἐναντίον. οὐκ ἴδιον δὲ ⏎ τῦτο τῆς ἐσίας, ἀλλὰ καὶ ἐπ' ἄλλων πολλῶν, εἷον ἐπὶ ⏎ τῇ ποσᾶ· τῷ γὰρ διπήχει ἢ τριπήχει ἐδέν ἐςιν ἐναντίον,"
tlg001,3,εἷον,εἷον,1,74,3562,False,"γε τῷ ἀνθρώπῳ ἢ τῷ ζῴῳ οὐδέν ἐςιν ἐναντίον. οὐκ ἴδιον δὲ ⏎ τῦτο τῆς ἐσίας, ἀλλὰ καὶ ἐπ' ἄλλων πολλῶν, εἷον ἐπὶ ⏎ τῇ ποσᾶ· τῷ γὰρ διπήχει ἢ τριπήχει ἐδέν ἐςιν ἐναντίον,"
tlg001,3,ποσᾶ,ποσᾶ,1,75,3574,False,"τῦτο τῆς ἐσίας, ἀλλὰ καὶ ἐπ' ἄλλων πολλῶν, εἷον ἐπὶ ⏎ τῇ ποσᾶ· τῷ γὰρ διπήχει ἢ τριπήχει ἐδέν ἐςιν ἐναντίον, ⏎ ἐδέ γε τοῖς δέκα, ἐδὲ τῶν τοιέτων ἐδενί, εἰ μή τις τὸ πολὺ"
tlg001,3,ἀλλ᾽,ἀλλ᾽,2,81,3939,False,"ἧττον. λέγω δὲ ἐχ ὅτι οὐσία οὐσίας ἐκ ἔςι μᾶλλον ἐσία ⏎ καὶ ἧττον οὐσία (τοῦτο μὲν γὰρ εἴρηται ὅτι ἔστιν), ἀλλ᾽ ⏎ ὅτι ἑκάςη ἐσία τοθ᾽ ὅπερ ἐςίν, ο λέγεται μᾶλλον καὶ"
tlg001,3,τοθ᾽,τοθ᾽,1,82,3959,False,"καὶ ἧττον οὐσία (τοῦτο μὲν γὰρ εἴρηται ὅτι ἔστιν), ἀλλ᾽ ⏎ ὅτι ἑκάςη ἐσία τοθ᾽ ὅπερ ἐςίν, ο λέγεται μᾶλλον καὶ ⏎ ἧττον. οἷον εἰ ἔςιν αὐτὴ ἡ ἐσία ἄνθρωπος, ἐκ ἔςαι μᾶλ"
tlg001,3,ο,ο,1,82,3975,False,"καὶ ἧττον οὐσία (τοῦτο μὲν γὰρ εἴρηται ὅτι ἔστιν), ἀλλ᾽ ⏎ ὅτι ἑκάςη ἐσία τοθ᾽ ὅπερ ἐςίν, ο λέγεται μᾶλλον καὶ ⏎ ἧττον. οἷον εἰ ἔςιν αὐτὴ ἡ ἐσία ἄνθρωπος, ἐκ ἔςαι μᾶλ"
tlg001,3,αὐτὴ,αὐτὴ,1,83,4016,False,"ὅτι ἑκάςη ἐσία τοθ᾽ ὅπερ ἐςίν, ο λέγεται μᾶλλον καὶ ⏎ ἧττον. οἷον εἰ ἔςιν αὐτὴ ἡ ἐσία ἄνθρωπος, ἐκ ἔςαι μᾶλ ⏎ λον καὶ ἧττον ἄνθρωπος, ἔτε αὐτὸς ἑαυτῇ ἔτε ἕτερος ἑτέ"
tlg001,3,μᾶλ,μᾶλ,1,83,4046,False,"ὅτι ἑκάςη ἐσία τοθ᾽ ὅπερ ἐςίν, ο λέγεται μᾶλλον καὶ ⏎ ἧττον. οἷον εἰ ἔςιν αὐτὴ ἡ ἐσία ἄνθρωπος, ἐκ ἔςαι μᾶλ ⏎ λον καὶ ἧττον ἄνθρωπος, ἔτε αὐτὸς ἑαυτῇ ἔτε ἕτερος ἑτέ"
tlg001,3,λον,λον,1,84,4050,False,"ἧττον. οἷον εἰ ἔςιν αὐτὴ ἡ ἐσία ἄνθρωπος, ἐκ ἔςαι μᾶλ ⏎ λον καὶ ἧττον ἄνθρωπος, ἔτε αὐτὸς ἑαυτῇ ἔτε ἕτερος ἑτέ ⏎ ρου· ἐ γάρ ἐςιν ἕτερος ἑτέρα μᾶλλον ἄνθρωπος, ὥσπερ τὸ"
tlg001,3,ἑαυτῇ,ἑαυτῇ,1,84,4084,False,"ἧττον. οἷον εἰ ἔςιν αὐτὴ ἡ ἐσία ἄνθρωπος, ἐκ ἔςαι μᾶλ ⏎ λον καὶ ἧττον ἄνθρωπος, ἔτε αὐτὸς ἑαυτῇ ἔτε ἕτερος ἑτέ ⏎ ρου· ἐ γάρ ἐςιν ἕτερος ἑτέρα μᾶλλον ἄνθρωπος, ὥσπερ τὸ"
tlg001,3,ἑτέ,ἑτέ,1,84,4101,False,"ἧττον. οἷον εἰ ἔςιν αὐτὴ ἡ ἐσία ἄνθρωπος, ἐκ ἔςαι μᾶλ ⏎ λον καὶ ἧττον ἄνθρωπος, ἔτε αὐτὸς ἑαυτῇ ἔτε ἕτερος ἑτέ ⏎ ρου· ἐ γάρ ἐςιν ἕτερος ἑτέρα μᾶλλον ἄνθρωπος, ὥσπερ τὸ"
tlg001,3,ρου,ρου,1,85,4105,False,"λον καὶ ἧττον ἄνθρωπος, ἔτε αὐτὸς ἑαυτῇ ἔτε ἕτερος ἑτέ ⏎ ρου· ἐ γάρ ἐςιν ἕτερος ἑτέρα μᾶλλον ἄνθρωπος, ὥσπερ τὸ ⏎ 2. τὰ γένη καὶ τὰ εἴδη C. Ι 3. γὰρ ἅπαντα C. || 10. ἐκ εἰσὶν] ἐδεμία corr C. || 21. τῆς om BC. || 25. τὸ δίπον ἐςὶν C. 1"
tlg001,3,ἑτέρα,ἑτέρα,1,85,4128,False,"λον καὶ ἧττον ἄνθρωπος, ἔτε αὐτὸς ἑαυτῇ ἔτε ἕτερος ἑτέ ⏎ ρου· ἐ γάρ ἐςιν ἕτερος ἑτέρα μᾶλλον ἄνθρωπος, ὥσπερ τὸ ⏎ 2. τὰ γένη καὶ τὰ εἴδη C. Ι 3. γὰρ ἅπαντα C. || 10. ἐκ εἰσὶν] ἐδεμία corr C. || 21. τῆς om BC. || 25. τὸ δίπον ἐςὶν C. 1"
tlg001,3,ι,ι,1,86,4186,False,"ρου· ἐ γάρ ἐςιν ἕτερος ἑτέρα μᾶλλον ἄνθρωπος, ὥσπερ τὸ ⏎ 2. τὰ γένη καὶ τὰ εἴδη C. Ι 3. γὰρ ἅπαντα C. || 10. ἐκ εἰσὶν] ἐδεμία corr C. || 21. τῆς om BC. || 25. τὸ δίπον ἐςὶν C. 1 ⏎ 27. το post κατὰ om B. || 28. ὁ om C. || 34. ἀπ᾿ ] τὰ ἀπ' C. | ἀπὸ τούτων BC."
tlg001,3,το,το,1,87,4285,False,2. τὰ γένη καὶ τὰ εἴδη C. Ι 3. γὰρ ἅπαντα C. || 10. ἐκ εἰσὶν] ἐδεμία corr C. || 21. τῆς om BC. || 25. τὸ δίπον ἐςὶν C. 1 ⏎ 27. το post κατὰ om B. || 28. ὁ om C. || 34. ἀπ᾿ ] τὰ ἀπ' C. | ἀπὸ τούτων BC. ⏎ 1. διαφοραὶ καὶ κατὰ C. || 5. πάντα om Β. || 6. τά τε είδη Β. || 7. γε om 4. || 13. ἐπὶ δὲ τῶν] τῶν δὲ Β. Η 17. λέγεται omi
tlg001,3,ἀπ᾿,ἀπ᾿,1,87,4326,False,2. τὰ γένη καὶ τὰ εἴδη C. Ι 3. γὰρ ἅπαντα C. || 10. ἐκ εἰσὶν] ἐδεμία corr C. || 21. τῆς om BC. || 25. τὸ δίπον ἐςὶν C. 1 ⏎ 27. το post κατὰ om B. || 28. ὁ om C. || 34. ἀπ᾿ ] τὰ ἀπ' C. | ἀπὸ τούτων BC. ⏎ 1. διαφοραὶ καὶ κατὰ C. || 5. πάντα om Β. || 6. τά τε είδη Β. || 7. γε om 4. || 13. ἐπὶ δὲ τῶν] τῶν δὲ Β. Η 17. λέγεται omi
tlg001,3,β,β,1,88,4398,False,27. το post κατὰ om B. || 28. ὁ om C. || 34. ἀπ᾿ ] τὰ ἀπ' C. | ἀπὸ τούτων BC. ⏎ 1. διαφοραὶ καὶ κατὰ C. || 5. πάντα om Β. || 6. τά τε είδη Β. || 7. γε om 4. || 13. ἐπὶ δὲ τῶν] τῶν δὲ Β. Η 17. λέγεται omi ⏎ C. V 19. δὲ γένος καὶ τὸ εἶδος C. | 22. παραλαμβάνει 4. || 26. ἢ τὸ ζῷον pr C. Η γάρ om pr C. || 28. τίτο post ἐσίας po-
tlg001,3,είδη,είδη,1,88,4413,False,27. το post κατὰ om B. || 28. ὁ om C. || 34. ἀπ᾿ ] τὰ ἀπ' C. | ἀπὸ τούτων BC. ⏎ 1. διαφοραὶ καὶ κατὰ C. || 5. πάντα om Β. || 6. τά τε είδη Β. || 7. γε om 4. || 13. ἐπὶ δὲ τῶν] τῶν δὲ Β. Η 17. λέγεται omi ⏎ C. V 19. δὲ γένος καὶ τὸ εἶδος C. | 22. παραλαμβάνει 4. || 26. ἢ τὸ ζῷον pr C. Η γάρ om pr C. || 28. τίτο post ἐσίας po-
tlg001,3,β,β,2,88,4418,False,27. το post κατὰ om B. || 28. ὁ om C. || 34. ἀπ᾿ ] τὰ ἀπ' C. | ἀπὸ τούτων BC. ⏎ 1. διαφοραὶ καὶ κατὰ C. || 5. πάντα om Β. || 6. τά τε είδη Β. || 7. γε om 4. || 13. ἐπὶ δὲ τῶν] τῶν δὲ Β. Η 17. λέγεται omi ⏎ C. V 19. δὲ γένος καὶ τὸ εἶδος C. | 22. παραλαμβάνει 4. || 26. ἢ τὸ ζῷον pr C. Η γάρ om pr C. || 28. τίτο post ἐσίας po-
tlg001,3,β,β,3,88,4462,False,27. το post κατὰ om B. || 28. ὁ om C. || 34. ἀπ᾿ ] τὰ ἀπ' C. | ἀπὸ τούτων BC. ⏎ 1. διαφοραὶ καὶ κατὰ C. || 5. πάντα om Β. || 6. τά τε είδη Β. || 7. γε om 4. || 13. ἐπὶ δὲ τῶν] τῶν δὲ Β. Η 17. λέγεται omi ⏎ C. V 19. δὲ γένος καὶ τὸ εἶδος C. | 22. παραλαμβάνει 4. || 26. ἢ τὸ ζῷον pr C. Η γάρ om pr C. || 28. τίτο post ἐσίας po-
tlg001,3,η,η,1,88,4465,False,27. το post κατὰ om B. || 28. ὁ om C. || 34. ἀπ᾿ ] τὰ ἀπ' C. | ἀπὸ τούτων BC. ⏎ 1. διαφοραὶ καὶ κατὰ C. || 5. πάντα om Β. || 6. τά τε είδη Β. || 7. γε om 4. || 13. ἐπὶ δὲ τῶν] τῶν δὲ Β. Η 17. λέγεται omi ⏎ C. V 19. δὲ γένος καὶ τὸ εἶδος C. | 22. παραλαμβάνει 4. || 26. ἢ τὸ ζῷον pr C. Η γάρ om pr C. || 28. τίτο post ἐσίας po-
tlg001,3,η,η,2,89,4562,False,"1. διαφοραὶ καὶ κατὰ C. || 5. πάντα om Β. || 6. τά τε είδη Β. || 7. γε om 4. || 13. ἐπὶ δὲ τῶν] τῶν δὲ Β. Η 17. λέγεται omi ⏎ C. V 19. δὲ γένος καὶ τὸ εἶδος C. | 22. παραλαμβάνει 4. || 26. ἢ τὸ ζῷον pr C. Η γάρ om pr C. || 28. τίτο post ἐσίας po- ⏎ munt BC Η της om 4. Η ἀλλὰ γὰρ καὶ ABC. || 29. ἢ τῷ τριπήχει C, om B. | 30. γε om ΑΒ, || 34. ἐσία καὶ ἧττον om C."
tlg001,3,τίτο,τίτο,1,89,4584,False,"1. διαφοραὶ καὶ κατὰ C. || 5. πάντα om Β. || 6. τά τε είδη Β. || 7. γε om 4. || 13. ἐπὶ δὲ τῶν] τῶν δὲ Β. Η 17. λέγεται omi ⏎ C. V 19. δὲ γένος καὶ τὸ εἶδος C. | 22. παραλαμβάνει 4. || 26. ἢ τὸ ζῷον pr C. Η γάρ om pr C. || 28. τίτο post ἐσίας po- ⏎ munt BC Η της om 4. Η ἀλλὰ γὰρ καὶ ABC. || 29. ἢ τῷ τριπήχει C, om B. | 30. γε om ΑΒ, || 34. ἐσία καὶ ἧττον om C."
tlg001,3,η,η,3,90,4612,False,"C. V 19. δὲ γένος καὶ τὸ εἶδος C. | 22. παραλαμβάνει 4. || 26. ἢ τὸ ζῷον pr C. Η γάρ om pr C. || 28. τίτο post ἐσίας po- ⏎ munt BC Η της om 4. Η ἀλλὰ γὰρ καὶ ABC. || 29. ἢ τῷ τριπήχει C, om B. | 30. γε om ΑΒ, || 34. ἐσία καὶ ἧττον om C. ⏎ 37. αὕτη C. | ἔτι C."
tlg001,3,της,της,1,90,4614,False,"C. V 19. δὲ γένος καὶ τὸ εἶδος C. | 22. παραλαμβάνει 4. || 26. ἢ τὸ ζῷον pr C. Η γάρ om pr C. || 28. τίτο post ἐσίας po- ⏎ munt BC Η της om 4. Η ἀλλὰ γὰρ καὶ ABC. || 29. ἢ τῷ τριπήχει C, om B. | 30. γε om ΑΒ, || 34. ἐσία καὶ ἧττον om C. ⏎ 37. αὕτη C. | ἔτι C."
tlg001,3,η,η,4,90,4624,False,"C. V 19. δὲ γένος καὶ τὸ εἶδος C. | 22. παραλαμβάνει 4. || 26. ἢ τὸ ζῷον pr C. Η γάρ om pr C. || 28. τίτο post ἐσίας po- ⏎ munt BC Η της om 4. Η ἀλλὰ γὰρ καὶ ABC. || 29. ἢ τῷ τριπήχει C, om B. | 30. γε om ΑΒ, || 34. ἐσία καὶ ἧττον om C. ⏎ 37. αὕτη C. | ἔτι C."
tlg001,3,αβ,αβ,1,90,4686,False,"C. V 19. δὲ γένος καὶ τὸ εἶδος C. | 22. παραλαμβάνει 4. || 26. ἢ τὸ ζῷον pr C. Η γάρ om pr C. || 28. τίτο post ἐσίας po- ⏎ munt BC Η της om 4. Η ἀλλὰ γὰρ καὶ ABC. || 29. ἢ τῷ τριπήχει C, om B. | 30. γε om ΑΒ, || 34. ἐσία καὶ ἧττον om C. ⏎ 37. αὕτη C. | ἔτι C."
tlg001,4,κατηγοριαι,κατηγοριαι,1,2,2,False,"4 ⏎ ΚΑΤΗΓΟΡΙΑΙ ⏎ λευκὸν ἕτερον ἑτέρα μᾶλλον ἐςι καὶ ἧττον λευκόν, καὶ και γματος κινηθέντος ὁτὲ μὲν ἀληθὴς ὁτὲ δὲ ψευδὴς λέγεται."
tlg001,4,ἑτέρα,ἑτέρα,1,3,27,False,"ΚΑΤΗΓΟΡΙΑΙ ⏎ λευκὸν ἕτερον ἑτέρα μᾶλλον ἐςι καὶ ἧττον λευκόν, καὶ και γματος κινηθέντος ὁτὲ μὲν ἀληθὴς ὁτὲ δὲ ψευδὴς λέγεται. ⏎ λὸν ἕτερον ἑτέρου μᾶλλον καλὸν καὶ ἧττον λέγεται. καὶ ὡσαύτως δὲ καὶ ἐπὶ τῆς δόξης. ὥστε τῷ τρόπῳ γε ἴδιον"
tlg001,4,και,και,1,3,66,False,"ΚΑΤΗΓΟΡΙΑΙ ⏎ λευκὸν ἕτερον ἑτέρα μᾶλλον ἐςι καὶ ἧττον λευκόν, καὶ και γματος κινηθέντος ὁτὲ μὲν ἀληθὴς ὁτὲ δὲ ψευδὴς λέγεται. ⏎ λὸν ἕτερον ἑτέρου μᾶλλον καλὸν καὶ ἧττον λέγεται. καὶ ὡσαύτως δὲ καὶ ἐπὶ τῆς δόξης. ὥστε τῷ τρόπῳ γε ἴδιον"
tlg001,4,γματος,γματος,1,3,70,False,"ΚΑΤΗΓΟΡΙΑΙ ⏎ λευκὸν ἕτερον ἑτέρα μᾶλλον ἐςι καὶ ἧττον λευκόν, καὶ και γματος κινηθέντος ὁτὲ μὲν ἀληθὴς ὁτὲ δὲ ψευδὴς λέγεται. ⏎ λὸν ἕτερον ἑτέρου μᾶλλον καλὸν καὶ ἧττον λέγεται. καὶ ὡσαύτως δὲ καὶ ἐπὶ τῆς δόξης. ὥστε τῷ τρόπῳ γε ἴδιον"
tlg001,4,λὸν,λὸν,1,4,126,False,"λευκὸν ἕτερον ἑτέρα μᾶλλον ἐςι καὶ ἧττον λευκόν, καὶ και γματος κινηθέντος ὁτὲ μὲν ἀληθὴς ὁτὲ δὲ ψευδὴς λέγεται. ⏎ λὸν ἕτερον ἑτέρου μᾶλλον καλὸν καὶ ἧττον λέγεται. καὶ ὡσαύτως δὲ καὶ ἐπὶ τῆς δόξης. ὥστε τῷ τρόπῳ γε ἴδιον ⏎ αὐτὸ δὲ αὐτό μᾶλλον καὶ ἧττον λέγεται, οἷον τὸ σῶμα ἂν εἴη τῆς ἐσίας τὸ κατὰ τὴν ἑαυτῆς μεταβολὴν δεκτικὴν"
tlg001,4,αὐτό,αὐτό,1,5,241,False,"λὸν ἕτερον ἑτέρου μᾶλλον καλὸν καὶ ἧττον λέγεται. καὶ ὡσαύτως δὲ καὶ ἐπὶ τῆς δόξης. ὥστε τῷ τρόπῳ γε ἴδιον ⏎ αὐτὸ δὲ αὐτό μᾶλλον καὶ ἧττον λέγεται, οἷον τὸ σῶμα ἂν εἴη τῆς ἐσίας τὸ κατὰ τὴν ἑαυτῆς μεταβολὴν δεκτικὴν ⏎ λευκὸν ἂν μᾶλλον λευκὸν εἶναι λέγεται νῦν ἢ πρότερον, καὶ τῶν ἐναντίων εἶναι. εἰ δέ τις καὶ ταῦτα παραδέχοιτο, τὸν"
tlg001,4,μᾶλα,μᾶλα,1,8,617,False,"θερμὸν ἂν μᾶλλον θερμὸν καὶ ἧττον λέγεται. ἡ δέ γε ἐσία 5 λόγον καὶ τὴν δόξαν δεκτικὰ τῶν ἐναντίων εἶναι, ἐκ ἔςιν ⏎ ἐδὲν μᾶλλον καὶ ἧττον λέγεται· ἐδὲ γὰρ ἄνθρωπος μᾶλα ἀληθὲς τότο. ὁ γὰρ λόγος καὶ ἡ δόξα οὐ τῷ αὐτὰ δέχε ⏎ λον νῦν ἄνθρωπος ἢ πρότερον λέγεται, οὐδέ γε τῶν ἄλλων σθαί τι τῶν ἐναντίων εἶναι δεκτικὰ λέγεται, ἀλλὰ τῷ περὶ"
tlg001,4,τότο,τότο,1,8,629,False,"θερμὸν ἂν μᾶλλον θερμὸν καὶ ἧττον λέγεται. ἡ δέ γε ἐσία 5 λόγον καὶ τὴν δόξαν δεκτικὰ τῶν ἐναντίων εἶναι, ἐκ ἔςιν ⏎ ἐδὲν μᾶλλον καὶ ἧττον λέγεται· ἐδὲ γὰρ ἄνθρωπος μᾶλα ἀληθὲς τότο. ὁ γὰρ λόγος καὶ ἡ δόξα οὐ τῷ αὐτὰ δέχε ⏎ λον νῦν ἄνθρωπος ἢ πρότερον λέγεται, οὐδέ γε τῶν ἄλλων σθαί τι τῶν ἐναντίων εἶναι δεκτικὰ λέγεται, ἀλλὰ τῷ περὶ"
tlg001,4,δέχε,δέχε,1,8,669,False,"θερμὸν ἂν μᾶλλον θερμὸν καὶ ἧττον λέγεται. ἡ δέ γε ἐσία 5 λόγον καὶ τὴν δόξαν δεκτικὰ τῶν ἐναντίων εἶναι, ἐκ ἔςιν ⏎ ἐδὲν μᾶλλον καὶ ἧττον λέγεται· ἐδὲ γὰρ ἄνθρωπος μᾶλα ἀληθὲς τότο. ὁ γὰρ λόγος καὶ ἡ δόξα οὐ τῷ αὐτὰ δέχε ⏎ λον νῦν ἄνθρωπος ἢ πρότερον λέγεται, οὐδέ γε τῶν ἄλλων σθαί τι τῶν ἐναντίων εἶναι δεκτικὰ λέγεται, ἀλλὰ τῷ περὶ"
tlg001,4,λον,λον,1,9,674,False,"ἐδὲν μᾶλλον καὶ ἧττον λέγεται· ἐδὲ γὰρ ἄνθρωπος μᾶλα ἀληθὲς τότο. ὁ γὰρ λόγος καὶ ἡ δόξα οὐ τῷ αὐτὰ δέχε ⏎ λον νῦν ἄνθρωπος ἢ πρότερον λέγεται, οὐδέ γε τῶν ἄλλων σθαί τι τῶν ἐναντίων εἶναι δεκτικὰ λέγεται, ἀλλὰ τῷ περὶ ⏎ ἐδέν, ὅσα ἐςὶν ἐσίαι. ὥςε ἐκ ἂν ἐπιδέχοιτο ἡ ἐσία τὸ μᾶλἕτερόν τι τὸ πάθος γεγενῆσθαι. τῷ γὰρ τὸ πρᾶγμα είναι"
tlg001,4,σθαί,σθαί,1,9,729,False,"ἐδὲν μᾶλλον καὶ ἧττον λέγεται· ἐδὲ γὰρ ἄνθρωπος μᾶλα ἀληθὲς τότο. ὁ γὰρ λόγος καὶ ἡ δόξα οὐ τῷ αὐτὰ δέχε ⏎ λον νῦν ἄνθρωπος ἢ πρότερον λέγεται, οὐδέ γε τῶν ἄλλων σθαί τι τῶν ἐναντίων εἶναι δεκτικὰ λέγεται, ἀλλὰ τῷ περὶ ⏎ ἐδέν, ὅσα ἐςὶν ἐσίαι. ὥςε ἐκ ἂν ἐπιδέχοιτο ἡ ἐσία τὸ μᾶλἕτερόν τι τὸ πάθος γεγενῆσθαι. τῷ γὰρ τὸ πρᾶγμα είναι"
tlg001,4,μᾶλἕτερόν,μᾶλἕτερόν,1,10,839,False,"λον νῦν ἄνθρωπος ἢ πρότερον λέγεται, οὐδέ γε τῶν ἄλλων σθαί τι τῶν ἐναντίων εἶναι δεκτικὰ λέγεται, ἀλλὰ τῷ περὶ ⏎ ἐδέν, ὅσα ἐςὶν ἐσίαι. ὥςε ἐκ ἂν ἐπιδέχοιτο ἡ ἐσία τὸ μᾶλἕτερόν τι τὸ πάθος γεγενῆσθαι. τῷ γὰρ τὸ πρᾶγμα είναι ⏎ λον καὶ ἧττον."
tlg001,4,είναι,είναι,1,10,890,False,"λον νῦν ἄνθρωπος ἢ πρότερον λέγεται, οὐδέ γε τῶν ἄλλων σθαί τι τῶν ἐναντίων εἶναι δεκτικὰ λέγεται, ἀλλὰ τῷ περὶ ⏎ ἐδέν, ὅσα ἐςὶν ἐσίαι. ὥςε ἐκ ἂν ἐπιδέχοιτο ἡ ἐσία τὸ μᾶλἕτερόν τι τὸ πάθος γεγενῆσθαι. τῷ γὰρ τὸ πρᾶγμα είναι ⏎ λον καὶ ἧττον."
tlg001,4,λον,λον,2,11,896,False,"ἐδέν, ὅσα ἐςὶν ἐσίαι. ὥςε ἐκ ἂν ἐπιδέχοιτο ἡ ἐσία τὸ μᾶλἕτερόν τι τὸ πάθος γεγενῆσθαι. τῷ γὰρ τὸ πρᾶγμα είναι ⏎ λον καὶ ἧττον. ⏎ ἢ μὴ εἶναι, τότῳ καὶ ὁ λόγος ἀληθὴς ἢ ψευδῆς εἶναι λέ"
tlg001,4,ψευδῆς,ψευδῆς,1,12,949,False,"λον καὶ ἧττον. ⏎ ἢ μὴ εἶναι, τότῳ καὶ ὁ λόγος ἀληθὴς ἢ ψευδῆς εἶναι λέ ⏎ εν"
tlg001,4,λέ,λέ,1,12,962,False,"λον καὶ ἧττον. ⏎ ἢ μὴ εἶναι, τότῳ καὶ ὁ λόγος ἀληθὴς ἢ ψευδῆς εἶναι λέ ⏎ εν"
tlg001,4,εν,εν,1,13,965,False,"ἢ μὴ εἶναι, τότῳ καὶ ὁ λόγος ἀληθὴς ἢ ψευδῆς εἶναι λέ ⏎ εν ⏎ *"
tlg001,4,γεται,γεται,1,16,1027,False,"C ⏎ Μάλιςα δὲ ἴδιον τῆς ἐσίας δοκεῖ εἶναι τὸ ταὐτὸν καὶ 10 γεται, κ τῷ αὐτὸς δεκτικὸς εἶναι τῶν ἐναντίων. ἁπλῶς γὰρ ⏎ ἐθὲν ὑπ᾽ οὐδενὸς οὔτε ὁ λόγος κινεῖται οὔτε ἡ δόξα, ὥστε"
tlg001,4,κ,κ,1,16,1034,False,"C ⏎ Μάλιςα δὲ ἴδιον τῆς ἐσίας δοκεῖ εἶναι τὸ ταὐτὸν καὶ 10 γεται, κ τῷ αὐτὸς δεκτικὸς εἶναι τῶν ἐναντίων. ἁπλῶς γὰρ ⏎ ἐθὲν ὑπ᾽ οὐδενὸς οὔτε ὁ λόγος κινεῖται οὔτε ἡ δόξα, ὥστε"
tlg001,4,ἐθὲν,ἐθὲν,1,17,1084,False,"Μάλιςα δὲ ἴδιον τῆς ἐσίας δοκεῖ εἶναι τὸ ταὐτὸν καὶ 10 γεται, κ τῷ αὐτὸς δεκτικὸς εἶναι τῶν ἐναντίων. ἁπλῶς γὰρ ⏎ ἐθὲν ὑπ᾽ οὐδενὸς οὔτε ὁ λόγος κινεῖται οὔτε ἡ δόξα, ὥστε ⏎ ἐκ ἂν εἴη δεκτικα τῶν ἐναντίων μηδενὸς ἐν αὐτοῖς γινομένο"
tlg001,4,ὑπ᾽,ὑπ᾽,1,17,1089,False,"Μάλιςα δὲ ἴδιον τῆς ἐσίας δοκεῖ εἶναι τὸ ταὐτὸν καὶ 10 γεται, κ τῷ αὐτὸς δεκτικὸς εἶναι τῶν ἐναντίων. ἁπλῶς γὰρ ⏎ ἐθὲν ὑπ᾽ οὐδενὸς οὔτε ὁ λόγος κινεῖται οὔτε ἡ δόξα, ὥστε ⏎ ἐκ ἂν εἴη δεκτικα τῶν ἐναντίων μηδενὸς ἐν αὐτοῖς γινομένο"
tlg001,4,δεκτικα,δεκτικα,1,18,1151,False,"ἐθὲν ὑπ᾽ οὐδενὸς οὔτε ὁ λόγος κινεῖται οὔτε ἡ δόξα, ὥστε ⏎ ἐκ ἂν εἴη δεκτικα τῶν ἐναντίων μηδενὸς ἐν αὐτοῖς γινομένο ⏎ πάθους, ἡ δέ γε ἐσία τῷ αὐτὴ τὰ ἐναντία δέχεσθαι, τό"
tlg001,4,τό,τό,1,19,1249,False,"ἐκ ἂν εἴη δεκτικα τῶν ἐναντίων μηδενὸς ἐν αὐτοῖς γινομένο ⏎ πάθους, ἡ δέ γε ἐσία τῷ αὐτὴ τὰ ἐναντία δέχεσθαι, τό ⏎ τῳ δεκτικὴ τῶν ἐναντίων εἶναι λέγεται· νόσον γὰρ καὶ ὑγίειαν"
tlg001,4,τῳ,τῳ,1,20,1252,False,"πάθους, ἡ δέ γε ἐσία τῷ αὐτὴ τὰ ἐναντία δέχεσθαι, τό ⏎ τῳ δεκτικὴ τῶν ἐναντίων εἶναι λέγεται· νόσον γὰρ καὶ ὑγίειαν ⏎ 15 δέχεται, καὶ λευκότητα καὶ μελανίαν· καὶ ἕκαςον τῶν"
tlg001,4,δεκτι,δεκτι,1,23,1476,False,τοιέτων αὐτὴ δεχομένη τῶν ἐναντίων εἶναι δεκτικὴ λέγεται. ⏎ ὥςε ἴδιον ἂν ἐσίας εἴη τὸ ταὐτὸν καὶ ἓν ἀριθμῷ ὂν δεκτι ⏎ κὸν εἶναι τῶν ἐναντίων κατὰ τὴν ἑαυτῆς μεταβολήν. περὶ
tlg001,4,κὸν,κὸν,1,24,1482,False,ὥςε ἴδιον ἂν ἐσίας εἴη τὸ ταὐτὸν καὶ ἓν ἀριθμῷ ὂν δεκτι ⏎ κὸν εἶναι τῶν ἐναντίων κατὰ τὴν ἑαυτῆς μεταβολήν. περὶ ⏎ μὲν οὖν οὐσίας τοσαῦτα εἰρήσθω.
tlg001,4,εν,εν,2,26,1569,False,μὲν οὖν οὐσίας τοσαῦτα εἰρήσθω. ⏎ εν ⏎ こ
tlg001,4,ὅ,ὅ,1,31,1759,False,"εἰσιν οὐσίαι, ὃ ἐν ἀριθμῷ ἐν τῶν ἐναντίων δεκτικόν ἐςιν, ⏎ οἷον τὸ χρῶμα, ὅ ἐςιν ἓν καὶ ταὐτὸν τῷ ἀριθμῷ, ἐκ ἔςαι ⏎ λευκὸν καὶ μέλαν, ἐδ' ἡ αὐτὴ πρᾶξις καὶ μία τῷ ἀριθμῷ"
tlg001,4,και,και,2,37,2114,False,"ἄνθρωπος, εἷς καὶ ὁ αὐτὸς ὤν, ὁτὲ μὲν λευκὸς ὁτὲ δὲ μέ- ⏎ λας γίνεται, καὶ θερμὸς καὶ ψυχρός, καὶ φαῦλος και 20 γ. Τῇ δὲ ποσᾶ τὸ μέν ἐςι διωρισμένον, τὸ δὲ συνεχές, ⏎ σπουδαῖος. ἐπὶ δὲ τῶν ἄλλων οὐδενὸς φαίνεται τὸ τοιοῦς καὶ τὰ μὲν ἐκ θέσιν ἐχόντων πρὸς ἄλληλα τῶν ἐν αὐτοῖς"
tlg001,4,γ,γ,1,37,2121,False,"ἄνθρωπος, εἷς καὶ ὁ αὐτὸς ὤν, ὁτὲ μὲν λευκὸς ὁτὲ δὲ μέ- ⏎ λας γίνεται, καὶ θερμὸς καὶ ψυχρός, καὶ φαῦλος και 20 γ. Τῇ δὲ ποσᾶ τὸ μέν ἐςι διωρισμένον, τὸ δὲ συνεχές, ⏎ σπουδαῖος. ἐπὶ δὲ τῶν ἄλλων οὐδενὸς φαίνεται τὸ τοιοῦς καὶ τὰ μὲν ἐκ θέσιν ἐχόντων πρὸς ἄλληλα τῶν ἐν αὐτοῖς"
tlg001,4,τῇ,τῇ,1,37,2124,False,"ἄνθρωπος, εἷς καὶ ὁ αὐτὸς ὤν, ὁτὲ μὲν λευκὸς ὁτὲ δὲ μέ- ⏎ λας γίνεται, καὶ θερμὸς καὶ ψυχρός, καὶ φαῦλος και 20 γ. Τῇ δὲ ποσᾶ τὸ μέν ἐςι διωρισμένον, τὸ δὲ συνεχές, ⏎ σπουδαῖος. ἐπὶ δὲ τῶν ἄλλων οὐδενὸς φαίνεται τὸ τοιοῦς καὶ τὰ μὲν ἐκ θέσιν ἐχόντων πρὸς ἄλληλα τῶν ἐν αὐτοῖς"
tlg001,4,ποσᾶ,ποσᾶ,1,37,2130,False,"ἄνθρωπος, εἷς καὶ ὁ αὐτὸς ὤν, ὁτὲ μὲν λευκὸς ὁτὲ δὲ μέ- ⏎ λας γίνεται, καὶ θερμὸς καὶ ψυχρός, καὶ φαῦλος και 20 γ. Τῇ δὲ ποσᾶ τὸ μέν ἐςι διωρισμένον, τὸ δὲ συνεχές, ⏎ σπουδαῖος. ἐπὶ δὲ τῶν ἄλλων οὐδενὸς φαίνεται τὸ τοιοῦς καὶ τὰ μὲν ἐκ θέσιν ἐχόντων πρὸς ἄλληλα τῶν ἐν αὐτοῖς"
tlg001,4,μέν,μέν,1,37,2138,False,"ἄνθρωπος, εἷς καὶ ὁ αὐτὸς ὤν, ὁτὲ μὲν λευκὸς ὁτὲ δὲ μέ- ⏎ λας γίνεται, καὶ θερμὸς καὶ ψυχρός, καὶ φαῦλος και 20 γ. Τῇ δὲ ποσᾶ τὸ μέν ἐςι διωρισμένον, τὸ δὲ συνεχές, ⏎ σπουδαῖος. ἐπὶ δὲ τῶν ἄλλων οὐδενὸς φαίνεται τὸ τοιοῦς καὶ τὰ μὲν ἐκ θέσιν ἐχόντων πρὸς ἄλληλα τῶν ἐν αὐτοῖς"
tlg001,4,τοιοῦς,τοιοῦς,1,38,2222,False,"λας γίνεται, καὶ θερμὸς καὶ ψυχρός, καὶ φαῦλος και 20 γ. Τῇ δὲ ποσᾶ τὸ μέν ἐςι διωρισμένον, τὸ δὲ συνεχές, ⏎ σπουδαῖος. ἐπὶ δὲ τῶν ἄλλων οὐδενὸς φαίνεται τὸ τοιοῦς καὶ τὰ μὲν ἐκ θέσιν ἐχόντων πρὸς ἄλληλα τῶν ἐν αὐτοῖς ⏎ τον, εἰ μή τις ἐνίςαιτο τὸν λόγον καὶ τὴν δόξαν φάσκων μορίων συνέςηκε, τὸ δὲ ἐκ ἐξ ἐχόντων θέσιν. ἔτι δὲ δια"
tlg001,4,τον,τον,1,39,2283,False,"σπουδαῖος. ἐπὶ δὲ τῶν ἄλλων οὐδενὸς φαίνεται τὸ τοιοῦς καὶ τὰ μὲν ἐκ θέσιν ἐχόντων πρὸς ἄλληλα τῶν ἐν αὐτοῖς ⏎ τον, εἰ μή τις ἐνίςαιτο τὸν λόγον καὶ τὴν δόξαν φάσκων μορίων συνέςηκε, τὸ δὲ ἐκ ἐξ ἐχόντων θέσιν. ἔτι δὲ δια ⏎ τῶν ἐναντίων εἶναι δεκτικά. ὁ γὰρ αὐτὸς λόγος ἀληθὴς ρισμένον μὲν οἷον ἀριθμὸς καὶ λόγος, συνεχὲς δὲ οἷον γραμ"
tlg001,4,ἐνίσταιτο,ἐνίςαιτο,1,39,2298,False,"σπουδαῖος. ἐπὶ δὲ τῶν ἄλλων οὐδενὸς φαίνεται τὸ τοιοῦς καὶ τὰ μὲν ἐκ θέσιν ἐχόντων πρὸς ἄλληλα τῶν ἐν αὐτοῖς ⏎ τον, εἰ μή τις ἐνίςαιτο τὸν λόγον καὶ τὴν δόξαν φάσκων μορίων συνέςηκε, τὸ δὲ ἐκ ἐξ ἐχόντων θέσιν. ἔτι δὲ δια ⏎ τῶν ἐναντίων εἶναι δεκτικά. ὁ γὰρ αὐτὸς λόγος ἀληθὴς ρισμένον μὲν οἷον ἀριθμὸς καὶ λόγος, συνεχὲς δὲ οἷον γραμ"
tlg001,4,δια,δια,1,39,2389,False,"σπουδαῖος. ἐπὶ δὲ τῶν ἄλλων οὐδενὸς φαίνεται τὸ τοιοῦς καὶ τὰ μὲν ἐκ θέσιν ἐχόντων πρὸς ἄλληλα τῶν ἐν αὐτοῖς ⏎ τον, εἰ μή τις ἐνίςαιτο τὸν λόγον καὶ τὴν δόξαν φάσκων μορίων συνέςηκε, τὸ δὲ ἐκ ἐξ ἐχόντων θέσιν. ἔτι δὲ δια ⏎ τῶν ἐναντίων εἶναι δεκτικά. ὁ γὰρ αὐτὸς λόγος ἀληθὴς ρισμένον μὲν οἷον ἀριθμὸς καὶ λόγος, συνεχὲς δὲ οἷον γραμ"
tlg001,4,ρισμένον,ρισμένον,1,40,2446,False,"τον, εἰ μή τις ἐνίςαιτο τὸν λόγον καὶ τὴν δόξαν φάσκων μορίων συνέςηκε, τὸ δὲ ἐκ ἐξ ἐχόντων θέσιν. ἔτι δὲ δια ⏎ τῶν ἐναντίων εἶναι δεκτικά. ὁ γὰρ αὐτὸς λόγος ἀληθὴς ρισμένον μὲν οἷον ἀριθμὸς καὶ λόγος, συνεχὲς δὲ οἷον γραμ ⏎ καὶ ψευδῆς εἶναι δοκεῖ, οἷον εἰ ἀληθὴς εἴη ὁ λόγος τὸ καὶ μή, ἐπιφάνεια, σῶμα, ἔτι δὲ παρὰ ταῦτα χρόνος καὶ"
tlg001,4,γραμ,γραμ,1,40,2499,False,"τον, εἰ μή τις ἐνίςαιτο τὸν λόγον καὶ τὴν δόξαν φάσκων μορίων συνέςηκε, τὸ δὲ ἐκ ἐξ ἐχόντων θέσιν. ἔτι δὲ δια ⏎ τῶν ἐναντίων εἶναι δεκτικά. ὁ γὰρ αὐτὸς λόγος ἀληθὴς ρισμένον μὲν οἷον ἀριθμὸς καὶ λόγος, συνεχὲς δὲ οἷον γραμ ⏎ καὶ ψευδῆς εἶναι δοκεῖ, οἷον εἰ ἀληθὴς εἴη ὁ λόγος τὸ καὶ μή, ἐπιφάνεια, σῶμα, ἔτι δὲ παρὰ ταῦτα χρόνος καὶ"
tlg001,4,ψευδῆς,ψευδῆς,2,41,2508,False,"τῶν ἐναντίων εἶναι δεκτικά. ὁ γὰρ αὐτὸς λόγος ἀληθὴς ρισμένον μὲν οἷον ἀριθμὸς καὶ λόγος, συνεχὲς δὲ οἷον γραμ ⏎ καὶ ψευδῆς εἶναι δοκεῖ, οἷον εἰ ἀληθὴς εἴη ὁ λόγος τὸ καὶ μή, ἐπιφάνεια, σῶμα, ἔτι δὲ παρὰ ταῦτα χρόνος καὶ ⏎ θῆσθαί τινα, ἀναςάντος αὐτῇ ὁ αὐτὸς οὗτος λόγος ψευδῆς 25 τόπος. τῶν μὲν γὰρ τῇ ἀριθμό μορίων ἐδείς ἐςι κοινὸς"
tlg001,4,θῆσθαί,θῆσθαί,1,42,2612,False,"καὶ ψευδῆς εἶναι δοκεῖ, οἷον εἰ ἀληθὴς εἴη ὁ λόγος τὸ καὶ μή, ἐπιφάνεια, σῶμα, ἔτι δὲ παρὰ ταῦτα χρόνος καὶ ⏎ θῆσθαί τινα, ἀναςάντος αὐτῇ ὁ αὐτὸς οὗτος λόγος ψευδῆς 25 τόπος. τῶν μὲν γὰρ τῇ ἀριθμό μορίων ἐδείς ἐςι κοινὸς ⏎ ἔςαι. ὡσαύτως δὲ καὶ ἐπὶ τῆς δόξης· εἰ γάρ τις ἀληθῶς ὅρος, πρὸς ὃν συνάπτει τα μόρια αὐτό, οἷον τὰ πέντε εἰ"
tlg001,4,αὐτῇ,αὐτῇ,1,42,2635,False,"καὶ ψευδῆς εἶναι δοκεῖ, οἷον εἰ ἀληθὴς εἴη ὁ λόγος τὸ καὶ μή, ἐπιφάνεια, σῶμα, ἔτι δὲ παρὰ ταῦτα χρόνος καὶ ⏎ θῆσθαί τινα, ἀναςάντος αὐτῇ ὁ αὐτὸς οὗτος λόγος ψευδῆς 25 τόπος. τῶν μὲν γὰρ τῇ ἀριθμό μορίων ἐδείς ἐςι κοινὸς ⏎ ἔςαι. ὡσαύτως δὲ καὶ ἐπὶ τῆς δόξης· εἰ γάρ τις ἀληθῶς ὅρος, πρὸς ὃν συνάπτει τα μόρια αὐτό, οἷον τὰ πέντε εἰ"
tlg001,4,ψευδῆς,ψευδῆς,3,42,2660,False,"καὶ ψευδῆς εἶναι δοκεῖ, οἷον εἰ ἀληθὴς εἴη ὁ λόγος τὸ καὶ μή, ἐπιφάνεια, σῶμα, ἔτι δὲ παρὰ ταῦτα χρόνος καὶ ⏎ θῆσθαί τινα, ἀναςάντος αὐτῇ ὁ αὐτὸς οὗτος λόγος ψευδῆς 25 τόπος. τῶν μὲν γὰρ τῇ ἀριθμό μορίων ἐδείς ἐςι κοινὸς ⏎ ἔςαι. ὡσαύτως δὲ καὶ ἐπὶ τῆς δόξης· εἰ γάρ τις ἀληθῶς ὅρος, πρὸς ὃν συνάπτει τα μόρια αὐτό, οἷον τὰ πέντε εἰ"
tlg001,4,τῇ,τῇ,2,42,2689,False,"καὶ ψευδῆς εἶναι δοκεῖ, οἷον εἰ ἀληθὴς εἴη ὁ λόγος τὸ καὶ μή, ἐπιφάνεια, σῶμα, ἔτι δὲ παρὰ ταῦτα χρόνος καὶ ⏎ θῆσθαί τινα, ἀναςάντος αὐτῇ ὁ αὐτὸς οὗτος λόγος ψευδῆς 25 τόπος. τῶν μὲν γὰρ τῇ ἀριθμό μορίων ἐδείς ἐςι κοινὸς ⏎ ἔςαι. ὡσαύτως δὲ καὶ ἐπὶ τῆς δόξης· εἰ γάρ τις ἀληθῶς ὅρος, πρὸς ὃν συνάπτει τα μόρια αὐτό, οἷον τὰ πέντε εἰ"
tlg001,4,ἀριθμό,ἀριθμό,1,42,2692,False,"καὶ ψευδῆς εἶναι δοκεῖ, οἷον εἰ ἀληθὴς εἴη ὁ λόγος τὸ καὶ μή, ἐπιφάνεια, σῶμα, ἔτι δὲ παρὰ ταῦτα χρόνος καὶ ⏎ θῆσθαί τινα, ἀναςάντος αὐτῇ ὁ αὐτὸς οὗτος λόγος ψευδῆς 25 τόπος. τῶν μὲν γὰρ τῇ ἀριθμό μορίων ἐδείς ἐςι κοινὸς ⏎ ἔςαι. ὡσαύτως δὲ καὶ ἐπὶ τῆς δόξης· εἰ γάρ τις ἀληθῶς ὅρος, πρὸς ὃν συνάπτει τα μόρια αὐτό, οἷον τὰ πέντε εἰ"
tlg001,4,τα,τα,1,43,2800,False,"θῆσθαί τινα, ἀναςάντος αὐτῇ ὁ αὐτὸς οὗτος λόγος ψευδῆς 25 τόπος. τῶν μὲν γὰρ τῇ ἀριθμό μορίων ἐδείς ἐςι κοινὸς ⏎ ἔςαι. ὡσαύτως δὲ καὶ ἐπὶ τῆς δόξης· εἰ γάρ τις ἀληθῶς ὅρος, πρὸς ὃν συνάπτει τα μόρια αὐτό, οἷον τὰ πέντε εἰ ⏎ δοξάζει τὸ καθῆσθαί τινα, ἀναςάντος αὐτῇ ψευδῶς δοξάσει, ἔςι τῶν δέκα μόριον, πρὸς ἐδένα κοινὸν ὅρον συνάπτει τα"
tlg001,4,αὐτό,αὐτό,2,43,2809,False,"θῆσθαί τινα, ἀναςάντος αὐτῇ ὁ αὐτὸς οὗτος λόγος ψευδῆς 25 τόπος. τῶν μὲν γὰρ τῇ ἀριθμό μορίων ἐδείς ἐςι κοινὸς ⏎ ἔςαι. ὡσαύτως δὲ καὶ ἐπὶ τῆς δόξης· εἰ γάρ τις ἀληθῶς ὅρος, πρὸς ὃν συνάπτει τα μόρια αὐτό, οἷον τὰ πέντε εἰ ⏎ δοξάζει τὸ καθῆσθαί τινα, ἀναςάντος αὐτῇ ψευδῶς δοξάσει, ἔςι τῶν δέκα μόριον, πρὸς ἐδένα κοινὸν ὅρον συνάπτει τα"
tlg001,4,δοξάζει,δοξάζει,1,44,2832,False,"ἔςαι. ὡσαύτως δὲ καὶ ἐπὶ τῆς δόξης· εἰ γάρ τις ἀληθῶς ὅρος, πρὸς ὃν συνάπτει τα μόρια αὐτό, οἷον τὰ πέντε εἰ ⏎ δοξάζει τὸ καθῆσθαί τινα, ἀναςάντος αὐτῇ ψευδῶς δοξάσει, ἔςι τῶν δέκα μόριον, πρὸς ἐδένα κοινὸν ὅρον συνάπτει τα ⏎ τὴν αὐτὴν ἔχων περὶ αὐτὸ δόξαν. εἰ δέ τις καὶ τότο πα πέντε καὶ τὰ πέντε, ἀλλὰ διώρισαι· καὶ τὰ τρία γε καὶ"
tlg001,4,αὐτῇ,αὐτῇ,2,44,2868,False,"ἔςαι. ὡσαύτως δὲ καὶ ἐπὶ τῆς δόξης· εἰ γάρ τις ἀληθῶς ὅρος, πρὸς ὃν συνάπτει τα μόρια αὐτό, οἷον τὰ πέντε εἰ ⏎ δοξάζει τὸ καθῆσθαί τινα, ἀναςάντος αὐτῇ ψευδῶς δοξάσει, ἔςι τῶν δέκα μόριον, πρὸς ἐδένα κοινὸν ὅρον συνάπτει τα ⏎ τὴν αὐτὴν ἔχων περὶ αὐτὸ δόξαν. εἰ δέ τις καὶ τότο πα πέντε καὶ τὰ πέντε, ἀλλὰ διώρισαι· καὶ τὰ τρία γε καὶ"
tlg001,4,τα,τα,2,44,2942,False,"ἔςαι. ὡσαύτως δὲ καὶ ἐπὶ τῆς δόξης· εἰ γάρ τις ἀληθῶς ὅρος, πρὸς ὃν συνάπτει τα μόρια αὐτό, οἷον τὰ πέντε εἰ ⏎ δοξάζει τὸ καθῆσθαί τινα, ἀναςάντος αὐτῇ ψευδῶς δοξάσει, ἔςι τῶν δέκα μόριον, πρὸς ἐδένα κοινὸν ὅρον συνάπτει τα ⏎ τὴν αὐτὴν ἔχων περὶ αὐτὸ δόξαν. εἰ δέ τις καὶ τότο πα πέντε καὶ τὰ πέντε, ἀλλὰ διώρισαι· καὶ τὰ τρία γε καὶ"
tlg001,4,τότο,τότο,2,45,2991,False,"δοξάζει τὸ καθῆσθαί τινα, ἀναςάντος αὐτῇ ψευδῶς δοξάσει, ἔςι τῶν δέκα μόριον, πρὸς ἐδένα κοινὸν ὅρον συνάπτει τα ⏎ τὴν αὐτὴν ἔχων περὶ αὐτὸ δόξαν. εἰ δέ τις καὶ τότο πα πέντε καὶ τὰ πέντε, ἀλλὰ διώρισαι· καὶ τὰ τρία γε καὶ ⏎ ραδέχοιτο, ἀλλὰ τῷ γε τρόπῳ διαφέρει. τὰ μὲν γὰρ ἐπὶ τὰ ἑπτὰ πρὸς ἐδένα κοινὸν ὅρον συνάπτει· οὐδ᾽ ὅλως ἂν"
tlg001,4,πα,πα,1,45,2996,False,"δοξάζει τὸ καθῆσθαί τινα, ἀναςάντος αὐτῇ ψευδῶς δοξάσει, ἔςι τῶν δέκα μόριον, πρὸς ἐδένα κοινὸν ὅρον συνάπτει τα ⏎ τὴν αὐτὴν ἔχων περὶ αὐτὸ δόξαν. εἰ δέ τις καὶ τότο πα πέντε καὶ τὰ πέντε, ἀλλὰ διώρισαι· καὶ τὰ τρία γε καὶ ⏎ ραδέχοιτο, ἀλλὰ τῷ γε τρόπῳ διαφέρει. τὰ μὲν γὰρ ἐπὶ τὰ ἑπτὰ πρὸς ἐδένα κοινὸν ὅρον συνάπτει· οὐδ᾽ ὅλως ἂν"
tlg001,4,διώρισαι,διώρισαι,1,45,3024,False,"δοξάζει τὸ καθῆσθαί τινα, ἀναςάντος αὐτῇ ψευδῶς δοξάσει, ἔςι τῶν δέκα μόριον, πρὸς ἐδένα κοινὸν ὅρον συνάπτει τα ⏎ τὴν αὐτὴν ἔχων περὶ αὐτὸ δόξαν. εἰ δέ τις καὶ τότο πα πέντε καὶ τὰ πέντε, ἀλλὰ διώρισαι· καὶ τὰ τρία γε καὶ ⏎ ραδέχοιτο, ἀλλὰ τῷ γε τρόπῳ διαφέρει. τὰ μὲν γὰρ ἐπὶ τὰ ἑπτὰ πρὸς ἐδένα κοινὸν ὅρον συνάπτει· οὐδ᾽ ὅλως ἂν"
tlg001,4,ραδέχοιτο,ραδέχοιτο,1,46,3053,False,"τὴν αὐτὴν ἔχων περὶ αὐτὸ δόξαν. εἰ δέ τις καὶ τότο πα πέντε καὶ τὰ πέντε, ἀλλὰ διώρισαι· καὶ τὰ τρία γε καὶ ⏎ ραδέχοιτο, ἀλλὰ τῷ γε τρόπῳ διαφέρει. τὰ μὲν γὰρ ἐπὶ τὰ ἑπτὰ πρὸς ἐδένα κοινὸν ὅρον συνάπτει· οὐδ᾽ ὅλως ἂν ⏎ τῶν οὐσιῶν αὐτὰ μεταβάλλοντα δεκτικὰ τῶν ἐναντίων ἐςί· 30 ἔχοις ἐπ' ἀριθμοῦ κοινὸν ὅρον λαβεῖν τῶν μορίων, ἀλλ᾿"
tlg001,4,οὐδ᾽,οὐδ᾽,1,46,3147,False,"τὴν αὐτὴν ἔχων περὶ αὐτὸ δόξαν. εἰ δέ τις καὶ τότο πα πέντε καὶ τὰ πέντε, ἀλλὰ διώρισαι· καὶ τὰ τρία γε καὶ ⏎ ραδέχοιτο, ἀλλὰ τῷ γε τρόπῳ διαφέρει. τὰ μὲν γὰρ ἐπὶ τὰ ἑπτὰ πρὸς ἐδένα κοινὸν ὅρον συνάπτει· οὐδ᾽ ὅλως ἂν ⏎ τῶν οὐσιῶν αὐτὰ μεταβάλλοντα δεκτικὰ τῶν ἐναντίων ἐςί· 30 ἔχοις ἐπ' ἀριθμοῦ κοινὸν ὅρον λαβεῖν τῶν μορίων, ἀλλ᾿"
tlg001,4,ἀλλ᾿,ἀλλ᾿,1,47,3267,False,"ραδέχοιτο, ἀλλὰ τῷ γε τρόπῳ διαφέρει. τὰ μὲν γὰρ ἐπὶ τὰ ἑπτὰ πρὸς ἐδένα κοινὸν ὅρον συνάπτει· οὐδ᾽ ὅλως ἂν ⏎ τῶν οὐσιῶν αὐτὰ μεταβάλλοντα δεκτικὰ τῶν ἐναντίων ἐςί· 30 ἔχοις ἐπ' ἀριθμοῦ κοινὸν ὅρον λαβεῖν τῶν μορίων, ἀλλ᾿ ⏎ ψυχρὸν γὰρ ἐκ θερμοῦ γενόμενον μετέβαλεν (ἠλλοίωται ἀεὶ διώρισαι· ὥσε ὁ μὲν ἀριθμὸς τῶν διωρισμένων ἐςίν."
tlg001,4,διώρισαι,διώρισαι,2,48,3328,False,"τῶν οὐσιῶν αὐτὰ μεταβάλλοντα δεκτικὰ τῶν ἐναντίων ἐςί· 30 ἔχοις ἐπ' ἀριθμοῦ κοινὸν ὅρον λαβεῖν τῶν μορίων, ἀλλ᾿ ⏎ ψυχρὸν γὰρ ἐκ θερμοῦ γενόμενον μετέβαλεν (ἠλλοίωται ἀεὶ διώρισαι· ὥσε ὁ μὲν ἀριθμὸς τῶν διωρισμένων ἐςίν. ⏎ γάρ) καὶ μέλαν ἐκ λευκᾶ καὶ σπεδαῖον ἐκ φαύλο. ὡσε ὡσαύτως δὲ καὶ ὁ λόγος τῶν διωρισμένων ἐςίν. ὅτι μὲν"
tlg001,4,ὥσε,ὥσε,1,48,3338,False,"τῶν οὐσιῶν αὐτὰ μεταβάλλοντα δεκτικὰ τῶν ἐναντίων ἐςί· 30 ἔχοις ἐπ' ἀριθμοῦ κοινὸν ὅρον λαβεῖν τῶν μορίων, ἀλλ᾿ ⏎ ψυχρὸν γὰρ ἐκ θερμοῦ γενόμενον μετέβαλεν (ἠλλοίωται ἀεὶ διώρισαι· ὥσε ὁ μὲν ἀριθμὸς τῶν διωρισμένων ἐςίν. ⏎ γάρ) καὶ μέλαν ἐκ λευκᾶ καὶ σπεδαῖον ἐκ φαύλο. ὡσε ὡσαύτως δὲ καὶ ὁ λόγος τῶν διωρισμένων ἐςίν. ὅτι μὲν"
tlg001,4,λευκᾶ,λευκᾶ,1,49,3396,False,"ψυχρὸν γὰρ ἐκ θερμοῦ γενόμενον μετέβαλεν (ἠλλοίωται ἀεὶ διώρισαι· ὥσε ὁ μὲν ἀριθμὸς τῶν διωρισμένων ἐςίν. ⏎ γάρ) καὶ μέλαν ἐκ λευκᾶ καὶ σπεδαῖον ἐκ φαύλο. ὡσε ὡσαύτως δὲ καὶ ὁ λόγος τῶν διωρισμένων ἐςίν. ὅτι μὲν ⏎ αύτως δὲ καὶ ἐπὶ τῶν ἄλλων ἔκαςον αὐτῶν μεταβολὴν γὰρ ποσόν ἐςιν ὁ λόγος, φανερόν: καταμετρεῖται γὰρ συλ"
tlg001,4,ὡσε,ὡσε,1,49,3425,False,"ψυχρὸν γὰρ ἐκ θερμοῦ γενόμενον μετέβαλεν (ἠλλοίωται ἀεὶ διώρισαι· ὥσε ὁ μὲν ἀριθμὸς τῶν διωρισμένων ἐςίν. ⏎ γάρ) καὶ μέλαν ἐκ λευκᾶ καὶ σπεδαῖον ἐκ φαύλο. ὡσε ὡσαύτως δὲ καὶ ὁ λόγος τῶν διωρισμένων ἐςίν. ὅτι μὲν ⏎ αύτως δὲ καὶ ἐπὶ τῶν ἄλλων ἔκαςον αὐτῶν μεταβολὴν γὰρ ποσόν ἐςιν ὁ λόγος, φανερόν: καταμετρεῖται γὰρ συλ"
tlg001,4,αύτως,αύτως,1,50,3482,False,"γάρ) καὶ μέλαν ἐκ λευκᾶ καὶ σπεδαῖον ἐκ φαύλο. ὡσε ὡσαύτως δὲ καὶ ὁ λόγος τῶν διωρισμένων ἐςίν. ὅτι μὲν ⏎ αύτως δὲ καὶ ἐπὶ τῶν ἄλλων ἔκαςον αὐτῶν μεταβολὴν γὰρ ποσόν ἐςιν ὁ λόγος, φανερόν: καταμετρεῖται γὰρ συλ ⏎ δεχόμενον τῶν ἐναντίων δεκτικόν ἐςιν. ὁ δὲ λόγος καὶ ἡ λαβῇ βραχείᾳ καὶ μακρᾷ. λέγω δὲ αὐτὸν τὸν μετὰ φω-"
tlg001,4,ἔκαστον,ἔκαςον,1,50,3509,False,"γάρ) καὶ μέλαν ἐκ λευκᾶ καὶ σπεδαῖον ἐκ φαύλο. ὡσε ὡσαύτως δὲ καὶ ὁ λόγος τῶν διωρισμένων ἐςίν. ὅτι μὲν ⏎ αύτως δὲ καὶ ἐπὶ τῶν ἄλλων ἔκαςον αὐτῶν μεταβολὴν γὰρ ποσόν ἐςιν ὁ λόγος, φανερόν: καταμετρεῖται γὰρ συλ ⏎ δεχόμενον τῶν ἐναντίων δεκτικόν ἐςιν. ὁ δὲ λόγος καὶ ἡ λαβῇ βραχείᾳ καὶ μακρᾷ. λέγω δὲ αὐτὸν τὸν μετὰ φω-"
tlg001,4,συλ,συλ,1,50,3583,False,"γάρ) καὶ μέλαν ἐκ λευκᾶ καὶ σπεδαῖον ἐκ φαύλο. ὡσε ὡσαύτως δὲ καὶ ὁ λόγος τῶν διωρισμένων ἐςίν. ὅτι μὲν ⏎ αύτως δὲ καὶ ἐπὶ τῶν ἄλλων ἔκαςον αὐτῶν μεταβολὴν γὰρ ποσόν ἐςιν ὁ λόγος, φανερόν: καταμετρεῖται γὰρ συλ ⏎ δεχόμενον τῶν ἐναντίων δεκτικόν ἐςιν. ὁ δὲ λόγος καὶ ἡ λαβῇ βραχείᾳ καὶ μακρᾷ. λέγω δὲ αὐτὸν τὸν μετὰ φω-"
tlg001,4,λαβῇ,λαβῇ,1,51,3642,False,"αύτως δὲ καὶ ἐπὶ τῶν ἄλλων ἔκαςον αὐτῶν μεταβολὴν γὰρ ποσόν ἐςιν ὁ λόγος, φανερόν: καταμετρεῖται γὰρ συλ ⏎ δεχόμενον τῶν ἐναντίων δεκτικόν ἐςιν. ὁ δὲ λόγος καὶ ἡ λαβῇ βραχείᾳ καὶ μακρᾷ. λέγω δὲ αὐτὸν τὸν μετὰ φω- ⏎ δόξα αὐτὰ μὲν ἀκίνητα πάντη πάντως διαμένει, τοῦ δὲ 35 νῆς λόγον γιγνόμενον. πρὸς ἐδένα γὰρ κοινὸν ὅρον αὐτῇ τα"
tlg001,4,γιγνόμενον,γιγνόμενον,1,52,3758,False,"δεχόμενον τῶν ἐναντίων δεκτικόν ἐςιν. ὁ δὲ λόγος καὶ ἡ λαβῇ βραχείᾳ καὶ μακρᾷ. λέγω δὲ αὐτὸν τὸν μετὰ φω- ⏎ δόξα αὐτὰ μὲν ἀκίνητα πάντη πάντως διαμένει, τοῦ δὲ 35 νῆς λόγον γιγνόμενον. πρὸς ἐδένα γὰρ κοινὸν ὅρον αὐτῇ τα ⏎ πράγματος κινημένο τὸ ἐναντίον περὶ αὐτὰ γίνεται· ὁ μὲν μόρια συνάπτει· κ γὰρ ἔςι κοινὸς ὅρος πρὸς ὃν αἱ συλλα"
tlg001,4,αὐτῇ,αὐτῇ,3,52,3797,False,"δεχόμενον τῶν ἐναντίων δεκτικόν ἐςιν. ὁ δὲ λόγος καὶ ἡ λαβῇ βραχείᾳ καὶ μακρᾷ. λέγω δὲ αὐτὸν τὸν μετὰ φω- ⏎ δόξα αὐτὰ μὲν ἀκίνητα πάντη πάντως διαμένει, τοῦ δὲ 35 νῆς λόγον γιγνόμενον. πρὸς ἐδένα γὰρ κοινὸν ὅρον αὐτῇ τα ⏎ πράγματος κινημένο τὸ ἐναντίον περὶ αὐτὰ γίνεται· ὁ μὲν μόρια συνάπτει· κ γὰρ ἔςι κοινὸς ὅρος πρὸς ὃν αἱ συλλα"
tlg001,4,τα,τα,3,52,3802,False,"δεχόμενον τῶν ἐναντίων δεκτικόν ἐςιν. ὁ δὲ λόγος καὶ ἡ λαβῇ βραχείᾳ καὶ μακρᾷ. λέγω δὲ αὐτὸν τὸν μετὰ φω- ⏎ δόξα αὐτὰ μὲν ἀκίνητα πάντη πάντως διαμένει, τοῦ δὲ 35 νῆς λόγον γιγνόμενον. πρὸς ἐδένα γὰρ κοινὸν ὅρον αὐτῇ τα ⏎ πράγματος κινημένο τὸ ἐναντίον περὶ αὐτὰ γίνεται· ὁ μὲν μόρια συνάπτει· κ γὰρ ἔςι κοινὸς ὅρος πρὸς ὃν αἱ συλλα"
tlg001,4,κινημένο,κινημένο,1,53,3815,False,"δόξα αὐτὰ μὲν ἀκίνητα πάντη πάντως διαμένει, τοῦ δὲ 35 νῆς λόγον γιγνόμενον. πρὸς ἐδένα γὰρ κοινὸν ὅρον αὐτῇ τα ⏎ πράγματος κινημένο τὸ ἐναντίον περὶ αὐτὰ γίνεται· ὁ μὲν μόρια συνάπτει· κ γὰρ ἔςι κοινὸς ὅρος πρὸς ὃν αἱ συλλα ⏎ γὰρ λόγος διαμένει ὁ αὐτὸς τὸ καθῆσθαί τινα, τῇ δὲ πρά- βαὶ συνάπτουσιν, ἀλλ᾽ ἑκάςη διώρισαι αὐτὴ καθ᾿ αὐτήν."
tlg001,4,κ,κ,2,53,3877,False,"δόξα αὐτὰ μὲν ἀκίνητα πάντη πάντως διαμένει, τοῦ δὲ 35 νῆς λόγον γιγνόμενον. πρὸς ἐδένα γὰρ κοινὸν ὅρον αὐτῇ τα ⏎ πράγματος κινημένο τὸ ἐναντίον περὶ αὐτὰ γίνεται· ὁ μὲν μόρια συνάπτει· κ γὰρ ἔςι κοινὸς ὅρος πρὸς ὃν αἱ συλλα ⏎ γὰρ λόγος διαμένει ὁ αὐτὸς τὸ καθῆσθαί τινα, τῇ δὲ πρά- βαὶ συνάπτουσιν, ἀλλ᾽ ἑκάςη διώρισαι αὐτὴ καθ᾿ αὐτήν."
tlg001,4,συλλα,συλλα,1,53,3910,False,"δόξα αὐτὰ μὲν ἀκίνητα πάντη πάντως διαμένει, τοῦ δὲ 35 νῆς λόγον γιγνόμενον. πρὸς ἐδένα γὰρ κοινὸν ὅρον αὐτῇ τα ⏎ πράγματος κινημένο τὸ ἐναντίον περὶ αὐτὰ γίνεται· ὁ μὲν μόρια συνάπτει· κ γὰρ ἔςι κοινὸς ὅρος πρὸς ὃν αἱ συλλα ⏎ γὰρ λόγος διαμένει ὁ αὐτὸς τὸ καθῆσθαί τινα, τῇ δὲ πρά- βαὶ συνάπτουσιν, ἀλλ᾽ ἑκάςη διώρισαι αὐτὴ καθ᾿ αὐτήν."
tlg001,4,τῇ,τῇ,3,54,3961,False,"πράγματος κινημένο τὸ ἐναντίον περὶ αὐτὰ γίνεται· ὁ μὲν μόρια συνάπτει· κ γὰρ ἔςι κοινὸς ὅρος πρὸς ὃν αἱ συλλα ⏎ γὰρ λόγος διαμένει ὁ αὐτὸς τὸ καθῆσθαί τινα, τῇ δὲ πρά- βαὶ συνάπτουσιν, ἀλλ᾽ ἑκάςη διώρισαι αὐτὴ καθ᾿ αὐτήν. ⏎ αν"
tlg001,4,βαὶ,βαὶ,1,54,3972,False,"πράγματος κινημένο τὸ ἐναντίον περὶ αὐτὰ γίνεται· ὁ μὲν μόρια συνάπτει· κ γὰρ ἔςι κοινὸς ὅρος πρὸς ὃν αἱ συλλα ⏎ γὰρ λόγος διαμένει ὁ αὐτὸς τὸ καθῆσθαί τινα, τῇ δὲ πρά- βαὶ συνάπτουσιν, ἀλλ᾽ ἑκάςη διώρισαι αὐτὴ καθ᾿ αὐτήν. ⏎ αν"
tlg001,4,ἀλλ᾽,ἀλλ᾽,1,54,3989,False,"πράγματος κινημένο τὸ ἐναντίον περὶ αὐτὰ γίνεται· ὁ μὲν μόρια συνάπτει· κ γὰρ ἔςι κοινὸς ὅρος πρὸς ὃν αἱ συλλα ⏎ γὰρ λόγος διαμένει ὁ αὐτὸς τὸ καθῆσθαί τινα, τῇ δὲ πρά- βαὶ συνάπτουσιν, ἀλλ᾽ ἑκάςη διώρισαι αὐτὴ καθ᾿ αὐτήν. ⏎ αν"
tlg001,4,διώρισαι,διώρισαι,3,54,4000,False,"πράγματος κινημένο τὸ ἐναντίον περὶ αὐτὰ γίνεται· ὁ μὲν μόρια συνάπτει· κ γὰρ ἔςι κοινὸς ὅρος πρὸς ὃν αἱ συλλα ⏎ γὰρ λόγος διαμένει ὁ αὐτὸς τὸ καθῆσθαί τινα, τῇ δὲ πρά- βαὶ συνάπτουσιν, ἀλλ᾽ ἑκάςη διώρισαι αὐτὴ καθ᾿ αὐτήν. ⏎ αν"
tlg001,4,καθ᾿,καθ᾿,1,54,4014,False,"πράγματος κινημένο τὸ ἐναντίον περὶ αὐτὰ γίνεται· ὁ μὲν μόρια συνάπτει· κ γὰρ ἔςι κοινὸς ὅρος πρὸς ὃν αἱ συλλα ⏎ γὰρ λόγος διαμένει ὁ αὐτὸς τὸ καθῆσθαί τινα, τῇ δὲ πρά- βαὶ συνάπτουσιν, ἀλλ᾽ ἑκάςη διώρισαι αὐτὴ καθ᾿ αὐτήν. ⏎ αν"
tlg001,4,αὐτήν,αὐτήν,1,54,4019,False,"πράγματος κινημένο τὸ ἐναντίον περὶ αὐτὰ γίνεται· ὁ μὲν μόρια συνάπτει· κ γὰρ ἔςι κοινὸς ὅρος πρὸς ὃν αἱ συλλα ⏎ γὰρ λόγος διαμένει ὁ αὐτὸς τὸ καθῆσθαί τινα, τῇ δὲ πρά- βαὶ συνάπτουσιν, ἀλλ᾽ ἑκάςη διώρισαι αὐτὴ καθ᾿ αὐτήν. ⏎ αν"
tlg001,4,αν,αν,1,55,4026,False,"γὰρ λόγος διαμένει ὁ αὐτὸς τὸ καθῆσθαί τινα, τῇ δὲ πρά- βαὶ συνάπτουσιν, ἀλλ᾽ ἑκάςη διώρισαι αὐτὴ καθ᾿ αὐτήν. ⏎ αν ⏎ 1. ἐςιν ante ἕτερον ponit C. | καὶ ἧττον om BC. || καὶ καλὸν 3. λέγεται om C. II 6. γὰρ ὁ ἄνθρωπος C. [ 7. λέγεται ἢ πρότερον C. II"
tlg001,4,ἐθέν,ἐθέν,1,57,4172,False,1. ἐςιν ante ἕτερον ponit C. | καὶ ἧττον om BC. || καὶ καλὸν 3. λέγεται om C. II 6. γὰρ ὁ ἄνθρωπος C. [ 7. λέγεται ἢ πρότερον C. II ⏎ γε om C. | ἐθέν Δ. | 9. καὶ τὸ ἧττον C. || 10. δοκεῖ ante ἴδιον ponit C. || 12. τὸ τοιοῦτο om C et pr B. | 13. ἐςιν ἐσία C. ⏎ 14. τῷ om C. || ἔςι C. || 15. ἔθ' C. Η 17. ὅσαι Α. || 18. δεκτική C. | 20. φαῦλός τε γίνεται καὶ C. || 22. μὴ ἄρα τις ἐπίςαται
tlg001,4,δ,δ,1,57,4177,False,1. ἐςιν ante ἕτερον ponit C. | καὶ ἧττον om BC. || καὶ καλὸν 3. λέγεται om C. II 6. γὰρ ὁ ἄνθρωπος C. [ 7. λέγεται ἢ πρότερον C. II ⏎ γε om C. | ἐθέν Δ. | 9. καὶ τὸ ἧττον C. || 10. δοκεῖ ante ἴδιον ponit C. || 12. τὸ τοιοῦτο om C et pr B. | 13. ἐςιν ἐσία C. ⏎ 14. τῷ om C. || ἔςι C. || 15. ἔθ' C. Η 17. ὅσαι Α. || 18. δεκτική C. | 20. φαῦλός τε γίνεται καὶ C. || 22. μὴ ἄρα τις ἐπίςαται
tlg001,4,ἔθ,ἔθ,1,58,4315,False,"γε om C. | ἐθέν Δ. | 9. καὶ τὸ ἧττον C. || 10. δοκεῖ ante ἴδιον ponit C. || 12. τὸ τοιοῦτο om C et pr B. | 13. ἐςιν ἐσία C. ⏎ 14. τῷ om C. || ἔςι C. || 15. ἔθ' C. Η 17. ὅσαι Α. || 18. δεκτική C. | 20. φαῦλός τε γίνεται καὶ C. || 22. μὴ ἄρα τις ἐπίςαται ⏎ C. || 23. ἐναντίων] τοιούτων ΑΒ. ‖ ἀληθής τε καὶ C. || 24. δικεῖ εἶναι C. || τὸ om C. || 25. ὁ αὐτὸς ψευδὴς λόγος ἔσαι C. "" 27. ψεῦ"
tlg001,4,η,η,1,58,4322,False,"γε om C. | ἐθέν Δ. | 9. καὶ τὸ ἧττον C. || 10. δοκεῖ ante ἴδιον ponit C. || 12. τὸ τοιοῦτο om C et pr B. | 13. ἐςιν ἐσία C. ⏎ 14. τῷ om C. || ἔςι C. || 15. ἔθ' C. Η 17. ὅσαι Α. || 18. δεκτική C. | 20. φαῦλός τε γίνεται καὶ C. || 22. μὴ ἄρα τις ἐπίςαται ⏎ C. || 23. ἐναντίων] τοιούτων ΑΒ. ‖ ἀληθής τε καὶ C. || 24. δικεῖ εἶναι C. || τὸ om C. || 25. ὁ αὐτὸς ψευδὴς λόγος ἔσαι C. "" 27. ψεῦ"
tlg001,4,α,α,1,58,4333,False,"γε om C. | ἐθέν Δ. | 9. καὶ τὸ ἧττον C. || 10. δοκεῖ ante ἴδιον ponit C. || 12. τὸ τοιοῦτο om C et pr B. | 13. ἐςιν ἐσία C. ⏎ 14. τῷ om C. || ἔςι C. || 15. ἔθ' C. Η 17. ὅσαι Α. || 18. δεκτική C. | 20. φαῦλός τε γίνεται καὶ C. || 22. μὴ ἄρα τις ἐπίςαται ⏎ C. || 23. ἐναντίων] τοιούτων ΑΒ. ‖ ἀληθής τε καὶ C. || 24. δικεῖ εἶναι C. || τὸ om C. || 25. ὁ αὐτὸς ψευδὴς λόγος ἔσαι C. "" 27. ψεῦ"
tlg001,4,δεκτική,δεκτική,1,58,4343,False,"γε om C. | ἐθέν Δ. | 9. καὶ τὸ ἧττον C. || 10. δοκεῖ ante ἴδιον ponit C. || 12. τὸ τοιοῦτο om C et pr B. | 13. ἐςιν ἐσία C. ⏎ 14. τῷ om C. || ἔςι C. || 15. ἔθ' C. Η 17. ὅσαι Α. || 18. δεκτική C. | 20. φαῦλός τε γίνεται καὶ C. || 22. μὴ ἄρα τις ἐπίςαται ⏎ C. || 23. ἐναντίων] τοιούτων ΑΒ. ‖ ἀληθής τε καὶ C. || 24. δικεῖ εἶναι C. || τὸ om C. || 25. ὁ αὐτὸς ψευδὴς λόγος ἔσαι C. "" 27. ψεῦ"
tlg001,4,ἐπίσταται,ἐπίςαται,1,58,4403,False,"γε om C. | ἐθέν Δ. | 9. καὶ τὸ ἧττον C. || 10. δοκεῖ ante ἴδιον ponit C. || 12. τὸ τοιοῦτο om C et pr B. | 13. ἐςιν ἐσία C. ⏎ 14. τῷ om C. || ἔςι C. || 15. ἔθ' C. Η 17. ὅσαι Α. || 18. δεκτική C. | 20. φαῦλός τε γίνεται καὶ C. || 22. μὴ ἄρα τις ἐπίςαται ⏎ C. || 23. ἐναντίων] τοιούτων ΑΒ. ‖ ἀληθής τε καὶ C. || 24. δικεῖ εἶναι C. || τὸ om C. || 25. ὁ αὐτὸς ψευδὴς λόγος ἔσαι C. "" 27. ψεῦ"
tlg001,4,αβ,αβ,1,59,4441,False,"14. τῷ om C. || ἔςι C. || 15. ἔθ' C. Η 17. ὅσαι Α. || 18. δεκτική C. | 20. φαῦλός τε γίνεται καὶ C. || 22. μὴ ἄρα τις ἐπίςαται ⏎ C. || 23. ἐναντίων] τοιούτων ΑΒ. ‖ ἀληθής τε καὶ C. || 24. δικεῖ εἶναι C. || τὸ om C. || 25. ὁ αὐτὸς ψευδὴς λόγος ἔσαι C. "" 27. ψεῦ ⏎ δος C. || 31. γινομένων C. 1. μετέβαλλεν C. 1 33. αὐτὸ C. Ι. 34. ἐςὶ δεκτικόν C. || 36. τὰ ἐναντία C."
tlg001,4,δικεῖ,δικεῖ,1,59,4471,False,"14. τῷ om C. || ἔςι C. || 15. ἔθ' C. Η 17. ὅσαι Α. || 18. δεκτική C. | 20. φαῦλός τε γίνεται καὶ C. || 22. μὴ ἄρα τις ἐπίςαται ⏎ C. || 23. ἐναντίων] τοιούτων ΑΒ. ‖ ἀληθής τε καὶ C. || 24. δικεῖ εἶναι C. || τὸ om C. || 25. ὁ αὐτὸς ψευδὴς λόγος ἔσαι C. "" 27. ψεῦ ⏎ δος C. || 31. γινομένων C. 1. μετέβαλλεν C. 1 33. αὐτὸ C. Ι. 34. ἐςὶ δεκτικόν C. || 36. τὰ ἐναντία C."
tlg001,4,ἔσαι,ἔσαι,1,59,4526,False,"14. τῷ om C. || ἔςι C. || 15. ἔθ' C. Η 17. ὅσαι Α. || 18. δεκτική C. | 20. φαῦλός τε γίνεται καὶ C. || 22. μὴ ἄρα τις ἐπίςαται ⏎ C. || 23. ἐναντίων] τοιούτων ΑΒ. ‖ ἀληθής τε καὶ C. || 24. δικεῖ εἶναι C. || τὸ om C. || 25. ὁ αὐτὸς ψευδὴς λόγος ἔσαι C. "" 27. ψεῦ ⏎ δος C. || 31. γινομένων C. 1. μετέβαλλεν C. 1 33. αὐτὸ C. Ι. 34. ἐςὶ δεκτικόν C. || 36. τὰ ἐναντία C."
tlg001,4,ψεῦ,ψεῦ,1,59,4540,False,"14. τῷ om C. || ἔςι C. || 15. ἔθ' C. Η 17. ὅσαι Α. || 18. δεκτική C. | 20. φαῦλός τε γίνεται καὶ C. || 22. μὴ ἄρα τις ἐπίςαται ⏎ C. || 23. ἐναντίων] τοιούτων ΑΒ. ‖ ἀληθής τε καὶ C. || 24. δικεῖ εἶναι C. || τὸ om C. || 25. ὁ αὐτὸς ψευδὴς λόγος ἔσαι C. "" 27. ψεῦ ⏎ δος C. || 31. γινομένων C. 1. μετέβαλλεν C. 1 33. αὐτὸ C. Ι. 34. ἐςὶ δεκτικόν C. || 36. τὰ ἐναντία C."
tlg001,4,δος,δος,1,60,4544,False,"C. || 23. ἐναντίων] τοιούτων ΑΒ. ‖ ἀληθής τε καὶ C. || 24. δικεῖ εἶναι C. || τὸ om C. || 25. ὁ αὐτὸς ψευδὴς λόγος ἔσαι C. "" 27. ψεῦ ⏎ δος C. || 31. γινομένων C. 1. μετέβαλλεν C. 1 33. αὐτὸ C. Ι. 34. ἐςὶ δεκτικόν C. || 36. τὰ ἐναντία C. ⏎ 3. αὐτῆς C. Η 4. δή AB. et pr C. || 5. post ἔσω in C litura est litterarum duarum. || 8. τὸ post τι om 4. || γίνεσθαι"
tlg001,4,μετέβαλλεν,μετέβαλλεν,1,60,4574,False,"C. || 23. ἐναντίων] τοιούτων ΑΒ. ‖ ἀληθής τε καὶ C. || 24. δικεῖ εἶναι C. || τὸ om C. || 25. ὁ αὐτὸς ψευδὴς λόγος ἔσαι C. "" 27. ψεῦ ⏎ δος C. || 31. γινομένων C. 1. μετέβαλλεν C. 1 33. αὐτὸ C. Ι. 34. ἐςὶ δεκτικόν C. || 36. τὰ ἐναντία C. ⏎ 3. αὐτῆς C. Η 4. δή AB. et pr C. || 5. post ἔσω in C litura est litterarum duarum. || 8. τὸ post τι om 4. || γίνεσθαι"
tlg001,4,ι,ι,1,60,4602,False,"C. || 23. ἐναντίων] τοιούτων ΑΒ. ‖ ἀληθής τε καὶ C. || 24. δικεῖ εἶναι C. || τὸ om C. || 25. ὁ αὐτὸς ψευδὴς λόγος ἔσαι C. "" 27. ψεῦ ⏎ δος C. || 31. γινομένων C. 1. μετέβαλλεν C. 1 33. αὐτὸ C. Ι. 34. ἐςὶ δεκτικόν C. || 36. τὰ ἐναντία C. ⏎ 3. αὐτῆς C. Η 4. δή AB. et pr C. || 5. post ἔσω in C litura est litterarum duarum. || 8. τὸ post τι om 4. || γίνεσθαι"
tlg001,4,η,η,2,61,4658,False,"δος C. || 31. γινομένων C. 1. μετέβαλλεν C. 1 33. αὐτὸ C. Ι. 34. ἐςὶ δεκτικόν C. || 36. τὰ ἐναντία C. ⏎ 3. αὐτῆς C. Η 4. δή AB. et pr C. || 5. post ἔσω in C litura est litterarum duarum. || 8. τὸ post τι om 4. || γίνεσθαι ⏎ 10. αὐτὰ δεκτικὰ AC et corr B. Η 11. ἐδὲ 4. Ι ὁ om. Α. || 18. ἑαυτῷ Β, αὐτῆς C. | 22. τὰ Ci | ἐξ ἐκ BC. Η 23. καὶ ὁ λό"
tlg001,4,δή,δή,1,61,4663,False,"δος C. || 31. γινομένων C. 1. μετέβαλλεν C. 1 33. αὐτὸ C. Ι. 34. ἐςὶ δεκτικόν C. || 36. τὰ ἐναντία C. ⏎ 3. αὐτῆς C. Η 4. δή AB. et pr C. || 5. post ἔσω in C litura est litterarum duarum. || 8. τὸ post τι om 4. || γίνεσθαι ⏎ 10. αὐτὰ δεκτικὰ AC et corr B. Η 11. ἐδὲ 4. Ι ὁ om. Α. || 18. ἑαυτῷ Β, αὐτῆς C. | 22. τὰ Ci | ἐξ ἐκ BC. Η 23. καὶ ὁ λό"
tlg001,4,ἔσω,ἔσω,1,61,4690,False,"δος C. || 31. γινομένων C. 1. μετέβαλλεν C. 1 33. αὐτὸ C. Ι. 34. ἐςὶ δεκτικόν C. || 36. τὰ ἐναντία C. ⏎ 3. αὐτῆς C. Η 4. δή AB. et pr C. || 5. post ἔσω in C litura est litterarum duarum. || 8. τὸ post τι om 4. || γίνεσθαι ⏎ 10. αὐτὰ δεκτικὰ AC et corr B. Η 11. ἐδὲ 4. Ι ὁ om. Α. || 18. ἑαυτῷ Β, αὐτῆς C. | 22. τὰ Ci | ἐξ ἐκ BC. Η 23. καὶ ὁ λό"
tlg001,4,η,η,3,62,4795,False,"3. αὐτῆς C. Η 4. δή AB. et pr C. || 5. post ἔσω in C litura est litterarum duarum. || 8. τὸ post τι om 4. || γίνεσθαι ⏎ 10. αὐτὰ δεκτικὰ AC et corr B. Η 11. ἐδὲ 4. Ι ὁ om. Α. || 18. ἑαυτῷ Β, αὐτῆς C. | 22. τὰ Ci | ἐξ ἐκ BC. Η 23. καὶ ὁ λό ⏎ γος C. | οἷον om AB. | 27. ἐδένα γὰρ κοινὸν Β et pr C. || 31. ἀεὶ om 4. || 34. μακρᾷ καὶ βραχείᾳ C."
tlg001,4,ι,ι,2,62,4808,False,"3. αὐτῆς C. Η 4. δή AB. et pr C. || 5. post ἔσω in C litura est litterarum duarum. || 8. τὸ post τι om 4. || γίνεσθαι ⏎ 10. αὐτὰ δεκτικὰ AC et corr B. Η 11. ἐδὲ 4. Ι ὁ om. Α. || 18. ἑαυτῷ Β, αὐτῆς C. | 22. τὰ Ci | ἐξ ἐκ BC. Η 23. καὶ ὁ λό ⏎ γος C. | οἷον om AB. | 27. ἐδένα γὰρ κοινὸν Β et pr C. || 31. ἀεὶ om 4. || 34. μακρᾷ καὶ βραχείᾳ C."
tlg001,4,α,α,2,62,4816,False,"3. αὐτῆς C. Η 4. δή AB. et pr C. || 5. post ἔσω in C litura est litterarum duarum. || 8. τὸ post τι om 4. || γίνεσθαι ⏎ 10. αὐτὰ δεκτικὰ AC et corr B. Η 11. ἐδὲ 4. Ι ὁ om. Α. || 18. ἑαυτῷ Β, αὐτῆς C. | 22. τὰ Ci | ἐξ ἐκ BC. Η 23. καὶ ὁ λό ⏎ γος C. | οἷον om AB. | 27. ἐδένα γὰρ κοινὸν Β et pr C. || 31. ἀεὶ om 4. || 34. μακρᾷ καὶ βραχείᾳ C."
tlg001,4,β,β,1,62,4832,False,"3. αὐτῆς C. Η 4. δή AB. et pr C. || 5. post ἔσω in C litura est litterarum duarum. || 8. τὸ post τι om 4. || γίνεσθαι ⏎ 10. αὐτὰ δεκτικὰ AC et corr B. Η 11. ἐδὲ 4. Ι ὁ om. Α. || 18. ἑαυτῷ Β, αὐτῆς C. | 22. τὰ Ci | ἐξ ἐκ BC. Η 23. καὶ ὁ λό ⏎ γος C. | οἷον om AB. | 27. ἐδένα γὰρ κοινὸν Β et pr C. || 31. ἀεὶ om 4. || 34. μακρᾷ καὶ βραχείᾳ C."
tlg001,4,η,η,4,62,4868,False,"3. αὐτῆς C. Η 4. δή AB. et pr C. || 5. post ἔσω in C litura est litterarum duarum. || 8. τὸ post τι om 4. || γίνεσθαι ⏎ 10. αὐτὰ δεκτικὰ AC et corr B. Η 11. ἐδὲ 4. Ι ὁ om. Α. || 18. ἑαυτῷ Β, αὐτῆς C. | 22. τὰ Ci | ἐξ ἐκ BC. Η 23. καὶ ὁ λό ⏎ γος C. | οἷον om AB. | 27. ἐδένα γὰρ κοινὸν Β et pr C. || 31. ἀεὶ om 4. || 34. μακρᾷ καὶ βραχείᾳ C."
tlg001,4,λό,λό,1,62,4880,False,"3. αὐτῆς C. Η 4. δή AB. et pr C. || 5. post ἔσω in C litura est litterarum duarum. || 8. τὸ post τι om 4. || γίνεσθαι ⏎ 10. αὐτὰ δεκτικὰ AC et corr B. Η 11. ἐδὲ 4. Ι ὁ om. Α. || 18. ἑαυτῷ Β, αὐτῆς C. | 22. τὰ Ci | ἐξ ἐκ BC. Η 23. καὶ ὁ λό ⏎ γος C. | οἷον om AB. | 27. ἐδένα γὰρ κοινὸν Β et pr C. || 31. ἀεὶ om 4. || 34. μακρᾷ καὶ βραχείᾳ C."
tlg001,4,γος,γος,1,63,4883,False,"10. αὐτὰ δεκτικὰ AC et corr B. Η 11. ἐδὲ 4. Ι ὁ om. Α. || 18. ἑαυτῷ Β, αὐτῆς C. | 22. τὰ Ci | ἐξ ἐκ BC. Η 23. καὶ ὁ λό ⏎ γος C. | οἷον om AB. | 27. ἐδένα γὰρ κοινὸν Β et pr C. || 31. ἀεὶ om 4. || 34. μακρᾷ καὶ βραχείᾳ C."
tlg001,4,β,β,2,63,4927,False,"10. αὐτὰ δεκτικὰ AC et corr B. Η 11. ἐδὲ 4. Ι ὁ om. Α. || 18. ἑαυτῷ Β, αὐτῆς C. | 22. τὰ Ci | ἐξ ἐκ BC. Η 23. καὶ ὁ λό ⏎ γος C. | οἷον om AB. | 27. ἐδένα γὰρ κοινὸν Β et pr C. || 31. ἀεὶ om 4. || 34. μακρᾷ καὶ βραχείᾳ C."
tlg001,5,κατηγορια,κατηγορια,1,1,0,False,ΚΑΤΗΓΟΡΙΑ. ⏎ 5
tlg001,5,ἐζιν,ἐζιν,1,4,35,False,""" ⏎ ἡ δὲ γραμμὴ συνεχής ἐζιν· ἔςι γὰρ λαβεῖν κοινὸν ὅρον ἀποβλέποντες καὶ τἆλλα ποσὰ λέγομεν, οἷον πολὺ τὸ λευκὸν ⏎ πρὸς ἂν τὰ μόρια αὐτῆς συνάπτει, ςιγμήν, καὶ τῆς ἐπι- λέγεται τῷ τὴν ἐπιφάνειαν πολλὴν εἶναι, καὶ ἡ πρᾶξις μακρὰ"
tlg001,5,πολὺς,πολὺς,1,6,307,False,"πρὸς ἂν τὰ μόρια αὐτῆς συνάπτει, ςιγμήν, καὶ τῆς ἐπι- λέγεται τῷ τὴν ἐπιφάνειαν πολλὴν εἶναι, καὶ ἡ πρᾶξις μακρὰ ⏎ φανείας γραμμήν τὰ γὰρ τοῦ ἐπιπέδου μόρια πρός τινα τῷ γε τὸν χρόνον πολὺς εἶναι, καὶ ἡ κίνησις πολλή. ἐ γὰρ ⏎ κοινὰν ὅρον συνάπτει. ὡσαύτως δὲ καὶ ἐπὶ τὸ σώματος καθ᾿ αὐτὸ ἔκας» τέτων ποσὸν λέγεται. οἷον ἐὰν ἀποδιδῷ"
tlg001,5,κοινὰν,κοινὰν,1,7,347,False,"φανείας γραμμήν τὰ γὰρ τοῦ ἐπιπέδου μόρια πρός τινα τῷ γε τὸν χρόνον πολὺς εἶναι, καὶ ἡ κίνησις πολλή. ἐ γὰρ ⏎ κοινὰν ὅρον συνάπτει. ὡσαύτως δὲ καὶ ἐπὶ τὸ σώματος καθ᾿ αὐτὸ ἔκας» τέτων ποσὸν λέγεται. οἷον ἐὰν ἀποδιδῷ ⏎ ἔχοις ἂν λαβεῖν κοινὸν ὅρον, γραμμὴν ἢ ἐπιφάνειαν, πρὸς 5 τις πόση τις ἡ ποιείς ἐςι, τῷ χρόνῳ ὁριεῖ, ἐνιαυσιαίαν ἢ"
tlg001,5,καθ᾿,καθ᾿,1,7,399,False,"φανείας γραμμήν τὰ γὰρ τοῦ ἐπιπέδου μόρια πρός τινα τῷ γε τὸν χρόνον πολὺς εἶναι, καὶ ἡ κίνησις πολλή. ἐ γὰρ ⏎ κοινὰν ὅρον συνάπτει. ὡσαύτως δὲ καὶ ἐπὶ τὸ σώματος καθ᾿ αὐτὸ ἔκας» τέτων ποσὸν λέγεται. οἷον ἐὰν ἀποδιδῷ ⏎ ἔχοις ἂν λαβεῖν κοινὸν ὅρον, γραμμὴν ἢ ἐπιφάνειαν, πρὸς 5 τις πόση τις ἡ ποιείς ἐςι, τῷ χρόνῳ ὁριεῖ, ἐνιαυσιαίαν ἢ"
tlg001,5,ἔκας,ἔκας,1,7,409,False,"φανείας γραμμήν τὰ γὰρ τοῦ ἐπιπέδου μόρια πρός τινα τῷ γε τὸν χρόνον πολὺς εἶναι, καὶ ἡ κίνησις πολλή. ἐ γὰρ ⏎ κοινὰν ὅρον συνάπτει. ὡσαύτως δὲ καὶ ἐπὶ τὸ σώματος καθ᾿ αὐτὸ ἔκας» τέτων ποσὸν λέγεται. οἷον ἐὰν ἀποδιδῷ ⏎ ἔχοις ἂν λαβεῖν κοινὸν ὅρον, γραμμὴν ἢ ἐπιφάνειαν, πρὸς 5 τις πόση τις ἡ ποιείς ἐςι, τῷ χρόνῳ ὁριεῖ, ἐνιαυσιαίαν ἢ"
tlg001,5,ποιείς,ποιείς,1,8,526,False,"κοινὰν ὅρον συνάπτει. ὡσαύτως δὲ καὶ ἐπὶ τὸ σώματος καθ᾿ αὐτὸ ἔκας» τέτων ποσὸν λέγεται. οἷον ἐὰν ἀποδιδῷ ⏎ ἔχοις ἂν λαβεῖν κοινὸν ὅρον, γραμμὴν ἢ ἐπιφάνειαν, πρὸς 5 τις πόση τις ἡ ποιείς ἐςι, τῷ χρόνῳ ὁριεῖ, ἐνιαυσιαίαν ἢ ⏎ ἃ τὰ τὰ σώματος μόρια συνάπτει. ἔςι δὲ καὶ ὁ χρόνος ὅτω πως ἀποδιδούς, και τὸ λευκὸν ποσόν τι ἀποδιδοὺς τῇ"
tlg001,5,ἐνιαυσιαίαν,ἐνιαυσιαίαν,1,8,554,False,"κοινὰν ὅρον συνάπτει. ὡσαύτως δὲ καὶ ἐπὶ τὸ σώματος καθ᾿ αὐτὸ ἔκας» τέτων ποσὸν λέγεται. οἷον ἐὰν ἀποδιδῷ ⏎ ἔχοις ἂν λαβεῖν κοινὸν ὅρον, γραμμὴν ἢ ἐπιφάνειαν, πρὸς 5 τις πόση τις ἡ ποιείς ἐςι, τῷ χρόνῳ ὁριεῖ, ἐνιαυσιαίαν ἢ ⏎ ἃ τὰ τὰ σώματος μόρια συνάπτει. ἔςι δὲ καὶ ὁ χρόνος ὅτω πως ἀποδιδούς, και τὸ λευκὸν ποσόν τι ἀποδιδοὺς τῇ"
tlg001,5,ὅτω,ὅτω,1,9,620,False,"ἔχοις ἂν λαβεῖν κοινὸν ὅρον, γραμμὴν ἢ ἐπιφάνειαν, πρὸς 5 τις πόση τις ἡ ποιείς ἐςι, τῷ χρόνῳ ὁριεῖ, ἐνιαυσιαίαν ἢ ⏎ ἃ τὰ τὰ σώματος μόρια συνάπτει. ἔςι δὲ καὶ ὁ χρόνος ὅτω πως ἀποδιδούς, και τὸ λευκὸν ποσόν τι ἀποδιδοὺς τῇ ⏎ καὶ ὁ τόπος τῶν τοιύτων· ὁ γὰρ νῦν χρόνος συνάπτει πρὸς ἐπιφανείᾳ ὁριεῖν· ὅση γὰρ ἡ ἐπιφάνεια ᾖ, τοσῦτον καὶ"
tlg001,5,και,και,1,9,639,False,"ἔχοις ἂν λαβεῖν κοινὸν ὅρον, γραμμὴν ἢ ἐπιφάνειαν, πρὸς 5 τις πόση τις ἡ ποιείς ἐςι, τῷ χρόνῳ ὁριεῖ, ἐνιαυσιαίαν ἢ ⏎ ἃ τὰ τὰ σώματος μόρια συνάπτει. ἔςι δὲ καὶ ὁ χρόνος ὅτω πως ἀποδιδούς, και τὸ λευκὸν ποσόν τι ἀποδιδοὺς τῇ ⏎ καὶ ὁ τόπος τῶν τοιύτων· ὁ γὰρ νῦν χρόνος συνάπτει πρὸς ἐπιφανείᾳ ὁριεῖν· ὅση γὰρ ἡ ἐπιφάνεια ᾖ, τοσῦτον καὶ"
tlg001,5,τοιύτων,τοιύτων,1,10,691,False,"ἃ τὰ τὰ σώματος μόρια συνάπτει. ἔςι δὲ καὶ ὁ χρόνος ὅτω πως ἀποδιδούς, και τὸ λευκὸν ποσόν τι ἀποδιδοὺς τῇ ⏎ καὶ ὁ τόπος τῶν τοιύτων· ὁ γὰρ νῦν χρόνος συνάπτει πρὸς ἐπιφανείᾳ ὁριεῖν· ὅση γὰρ ἡ ἐπιφάνεια ᾖ, τοσῦτον καὶ ⏎ τὸν παρεληλυθότα καὶ τὸν μέλλοντα. πάλιν ὁ τόπος τῶν τὸ λευκὸν φήσειεν ἂν εἶναι. ὥσε ένα κυρίως καὶ καθ᾿ αὐτὰ"
tlg001,5,ὁριεῖν,ὁριεῖν,1,10,741,False,"ἃ τὰ τὰ σώματος μόρια συνάπτει. ἔςι δὲ καὶ ὁ χρόνος ὅτω πως ἀποδιδούς, και τὸ λευκὸν ποσόν τι ἀποδιδοὺς τῇ ⏎ καὶ ὁ τόπος τῶν τοιύτων· ὁ γὰρ νῦν χρόνος συνάπτει πρὸς ἐπιφανείᾳ ὁριεῖν· ὅση γὰρ ἡ ἐπιφάνεια ᾖ, τοσῦτον καὶ ⏎ τὸν παρεληλυθότα καὶ τὸν μέλλοντα. πάλιν ὁ τόπος τῶν τὸ λευκὸν φήσειεν ἂν εἶναι. ὥσε ένα κυρίως καὶ καθ᾿ αὐτὰ"
tlg001,5,τοσῦτον,τοσῦτον,1,10,772,False,"ἃ τὰ τὰ σώματος μόρια συνάπτει. ἔςι δὲ καὶ ὁ χρόνος ὅτω πως ἀποδιδούς, και τὸ λευκὸν ποσόν τι ἀποδιδοὺς τῇ ⏎ καὶ ὁ τόπος τῶν τοιύτων· ὁ γὰρ νῦν χρόνος συνάπτει πρὸς ἐπιφανείᾳ ὁριεῖν· ὅση γὰρ ἡ ἐπιφάνεια ᾖ, τοσῦτον καὶ ⏎ τὸν παρεληλυθότα καὶ τὸν μέλλοντα. πάλιν ὁ τόπος τῶν τὸ λευκὸν φήσειεν ἂν εἶναι. ὥσε ένα κυρίως καὶ καθ᾿ αὐτὰ"
tlg001,5,ὥσε,ὥσε,1,11,865,False,"καὶ ὁ τόπος τῶν τοιύτων· ὁ γὰρ νῦν χρόνος συνάπτει πρὸς ἐπιφανείᾳ ὁριεῖν· ὅση γὰρ ἡ ἐπιφάνεια ᾖ, τοσῦτον καὶ ⏎ τὸν παρεληλυθότα καὶ τὸν μέλλοντα. πάλιν ὁ τόπος τῶν τὸ λευκὸν φήσειεν ἂν εἶναι. ὥσε ένα κυρίως καὶ καθ᾿ αὐτὰ ⏎ συνεχῶν ἐςί· τόπον γάρ τινα τὰ τὰ σώματος μόρια και ποσα λέγεται τὰ εἰρημένα, τῶν δὲ καλῶν ἐδὲν καθ' αὐτό,"
tlg001,5,ένα,ένα,1,11,869,False,"καὶ ὁ τόπος τῶν τοιύτων· ὁ γὰρ νῦν χρόνος συνάπτει πρὸς ἐπιφανείᾳ ὁριεῖν· ὅση γὰρ ἡ ἐπιφάνεια ᾖ, τοσῦτον καὶ ⏎ τὸν παρεληλυθότα καὶ τὸν μέλλοντα. πάλιν ὁ τόπος τῶν τὸ λευκὸν φήσειεν ἂν εἶναι. ὥσε ένα κυρίως καὶ καθ᾿ αὐτὰ ⏎ συνεχῶν ἐςί· τόπον γάρ τινα τὰ τὰ σώματος μόρια και ποσα λέγεται τὰ εἰρημένα, τῶν δὲ καλῶν ἐδὲν καθ' αὐτό,"
tlg001,5,καθ᾿,καθ᾿,2,11,884,False,"καὶ ὁ τόπος τῶν τοιύτων· ὁ γὰρ νῦν χρόνος συνάπτει πρὸς ἐπιφανείᾳ ὁριεῖν· ὅση γὰρ ἡ ἐπιφάνεια ᾖ, τοσῦτον καὶ ⏎ τὸν παρεληλυθότα καὶ τὸν μέλλοντα. πάλιν ὁ τόπος τῶν τὸ λευκὸν φήσειεν ἂν εἶναι. ὥσε ένα κυρίως καὶ καθ᾿ αὐτὰ ⏎ συνεχῶν ἐςί· τόπον γάρ τινα τὰ τὰ σώματος μόρια και ποσα λέγεται τὰ εἰρημένα, τῶν δὲ καλῶν ἐδὲν καθ' αὐτό,"
tlg001,5,και,και,2,12,942,False,"τὸν παρεληλυθότα καὶ τὸν μέλλοντα. πάλιν ὁ τόπος τῶν τὸ λευκὸν φήσειεν ἂν εἶναι. ὥσε ένα κυρίως καὶ καθ᾿ αὐτὰ ⏎ συνεχῶν ἐςί· τόπον γάρ τινα τὰ τὰ σώματος μόρια και ποσα λέγεται τὰ εἰρημένα, τῶν δὲ καλῶν ἐδὲν καθ' αὐτό, ⏎ τέχει, ἃ πρός τινὰ κοινὸν ὅρον συνάπτει· ἐκοῦν καὶ τὰ τῇ 10 ἀλλ᾽ εἰ ἄρα, κατὰ συμβεβηκός."
tlg001,5,ποσα,ποσα,1,12,946,False,"τὸν παρεληλυθότα καὶ τὸν μέλλοντα. πάλιν ὁ τόπος τῶν τὸ λευκὸν φήσειεν ἂν εἶναι. ὥσε ένα κυρίως καὶ καθ᾿ αὐτὰ ⏎ συνεχῶν ἐςί· τόπον γάρ τινα τὰ τὰ σώματος μόρια και ποσα λέγεται τὰ εἰρημένα, τῶν δὲ καλῶν ἐδὲν καθ' αὐτό, ⏎ τέχει, ἃ πρός τινὰ κοινὸν ὅρον συνάπτει· ἐκοῦν καὶ τὰ τῇ 10 ἀλλ᾽ εἰ ἄρα, κατὰ συμβεβηκός."
tlg001,5,καλῶν,καλῶν,1,12,979,False,"τὸν παρεληλυθότα καὶ τὸν μέλλοντα. πάλιν ὁ τόπος τῶν τὸ λευκὸν φήσειεν ἂν εἶναι. ὥσε ένα κυρίως καὶ καθ᾿ αὐτὰ ⏎ συνεχῶν ἐςί· τόπον γάρ τινα τὰ τὰ σώματος μόρια και ποσα λέγεται τὰ εἰρημένα, τῶν δὲ καλῶν ἐδὲν καθ' αὐτό, ⏎ τέχει, ἃ πρός τινὰ κοινὸν ὅρον συνάπτει· ἐκοῦν καὶ τὰ τῇ 10 ἀλλ᾽ εἰ ἄρα, κατὰ συμβεβηκός."
tlg001,5,αὐτό,αὐτό,1,12,995,False,"τὸν παρεληλυθότα καὶ τὸν μέλλοντα. πάλιν ὁ τόπος τῶν τὸ λευκὸν φήσειεν ἂν εἶναι. ὥσε ένα κυρίως καὶ καθ᾿ αὐτὰ ⏎ συνεχῶν ἐςί· τόπον γάρ τινα τὰ τὰ σώματος μόρια και ποσα λέγεται τὰ εἰρημένα, τῶν δὲ καλῶν ἐδὲν καθ' αὐτό, ⏎ τέχει, ἃ πρός τινὰ κοινὸν ὅρον συνάπτει· ἐκοῦν καὶ τὰ τῇ 10 ἀλλ᾽ εἰ ἄρα, κατὰ συμβεβηκός."
tlg001,5,τέχει,τέχει,1,13,1001,False,"συνεχῶν ἐςί· τόπον γάρ τινα τὰ τὰ σώματος μόρια και ποσα λέγεται τὰ εἰρημένα, τῶν δὲ καλῶν ἐδὲν καθ' αὐτό, ⏎ τέχει, ἃ πρός τινὰ κοινὸν ὅρον συνάπτει· ἐκοῦν καὶ τὰ τῇ 10 ἀλλ᾽ εἰ ἄρα, κατὰ συμβεβηκός. ⏎ τόπο μόρια, ἃ κατέχει έκαςον τῶν τῇ σώματος μορίων,"
tlg001,5,ἀλλ᾽,ἀλλ᾽,1,13,1061,False,"συνεχῶν ἐςί· τόπον γάρ τινα τὰ τὰ σώματος μόρια και ποσα λέγεται τὰ εἰρημένα, τῶν δὲ καλῶν ἐδὲν καθ' αὐτό, ⏎ τέχει, ἃ πρός τινὰ κοινὸν ὅρον συνάπτει· ἐκοῦν καὶ τὰ τῇ 10 ἀλλ᾽ εἰ ἄρα, κατὰ συμβεβηκός. ⏎ τόπο μόρια, ἃ κατέχει έκαςον τῶν τῇ σώματος μορίων,"
tlg001,5,έκαστον,έκαςον,1,14,1113,False,"τέχει, ἃ πρός τινὰ κοινὸν ὅρον συνάπτει· ἐκοῦν καὶ τὰ τῇ 10 ἀλλ᾽ εἰ ἄρα, κατὰ συμβεβηκός. ⏎ τόπο μόρια, ἃ κατέχει έκαςον τῶν τῇ σώματος μορίων, ⏎ πρὸς τὸν αὐτὸν ὅσον συνάπτει πρὸς ὃν καὶ τὰ τὰ σώμα"
tlg001,5,ὅσον,ὅσον,1,15,1158,False,"τόπο μόρια, ἃ κατέχει έκαςον τῶν τῇ σώματος μορίων, ⏎ πρὸς τὸν αὐτὸν ὅσον συνάπτει πρὸς ὃν καὶ τὰ τὰ σώμα ⏎ τος μόρια. ώςε συνεχὴς ἂν εἴη καὶ ὁ τόπος· πρὸς γὰρ"
tlg001,5,σώμα,σώμα,1,15,1190,False,"τόπο μόρια, ἃ κατέχει έκαςον τῶν τῇ σώματος μορίων, ⏎ πρὸς τὸν αὐτὸν ὅσον συνάπτει πρὸς ὃν καὶ τὰ τὰ σώμα ⏎ τος μόρια. ώςε συνεχὴς ἂν εἴη καὶ ὁ τόπος· πρὸς γὰρ"
tlg001,5,τος,τος,1,16,1195,False,πρὸς τὸν αὐτὸν ὅσον συνάπτει πρὸς ὃν καὶ τὰ τὰ σώμα ⏎ τος μόρια. ώςε συνεχὴς ἂν εἴη καὶ ὁ τόπος· πρὸς γὰρ ⏎ ἕνα κοινὸν ὅρον αὐτὸ τὰ μόρια συνάπτει.
tlg001,5,ώστε,ώςε,1,16,1206,False,πρὸς τὸν αὐτὸν ὅσον συνάπτει πρὸς ὃν καὶ τὰ τὰ σώμα ⏎ τος μόρια. ώςε συνεχὴς ἂν εἴη καὶ ὁ τόπος· πρὸς γὰρ ⏎ ἕνα κοινὸν ὅρον αὐτὸ τὰ μόρια συνάπτει.
tlg001,5,τα,τα,1,19,1290,False,こ ⏎ ​τα ⏎ 15
tlg001,5,α,α,1,22,1299,False,av ⏎ Α ⏎ Α
tlg001,5,α,α,2,23,1301,False,Α ⏎ Α ⏎ Ἔτι τῷ ποσῷ οὐδέν ἐςιν ἐναντίον. ἐπὶ μὲν γὰρ τῶν
tlg001,5,ο,ο,1,25,1402,False,"Ἔτι τῷ ποσῷ οὐδέν ἐςιν ἐναντίον. ἐπὶ μὲν γὰρ τῶν ⏎ ἀφωρισμένων φανερὸν ὅτι οὐδέν ἐςιν ἐναντίον, οἷον ο διπή ⏎ χει ἢ τριπήχει ἢ τῇ ἐπιφανείᾳ ἢ τῶν τοιούτων τινί· οὐδὲν"
tlg001,5,διπή,διπή,1,25,1404,False,"Ἔτι τῷ ποσῷ οὐδέν ἐςιν ἐναντίον. ἐπὶ μὲν γὰρ τῶν ⏎ ἀφωρισμένων φανερὸν ὅτι οὐδέν ἐςιν ἐναντίον, οἷον ο διπή ⏎ χει ἢ τριπήχει ἢ τῇ ἐπιφανείᾳ ἢ τῶν τοιούτων τινί· οὐδὲν"
tlg001,5,χει,χει,1,26,1409,False,"ἀφωρισμένων φανερὸν ὅτι οὐδέν ἐςιν ἐναντίον, οἷον ο διπή ⏎ χει ἢ τριπήχει ἢ τῇ ἐπιφανείᾳ ἢ τῶν τοιούτων τινί· οὐδὲν ⏎ γάρ ἐςιν αὐτοῖς ἐναντίον, εἰ μὴ ἄρα τὸ πολὺ τῷ ὀλίγῳ"
tlg001,5,ἐστὶ,ἐςὶ,1,29,1680,False,"Ἔτι δὲ τὰ μὲν ἐκ θέσιν ἐχόντων πρὸς ἄλληλα τῶν φαίη τις εἶναι ἐναντίον ἢ τὸ μέγα τῷ μικρῷ. τούτων δὲ ⏎ ἐν αὐτοῖς μορίων συνέςηκε, τὰ δὲ ἐκ ἐξ ἐχόντων θέσιν, οὐδὲν ἐςὶ πισὸν ἀλλὰ τῶν πρός τι· οὐδὲν γὰρ αὐτὸ καθ' ⏎ οἷον τὰ μὲν τῆς γραμμῆς μόρια θέσιν ἔχει πρὸς ἄλληλα· αὑτὸ μέγα λέγεται ἢ μικρόν, ἀλλὰ τῷ πρὸς ἕτερον ἀνα"
tlg001,5,πισὸν,πισὸν,1,29,1684,False,"Ἔτι δὲ τὰ μὲν ἐκ θέσιν ἐχόντων πρὸς ἄλληλα τῶν φαίη τις εἶναι ἐναντίον ἢ τὸ μέγα τῷ μικρῷ. τούτων δὲ ⏎ ἐν αὐτοῖς μορίων συνέςηκε, τὰ δὲ ἐκ ἐξ ἐχόντων θέσιν, οὐδὲν ἐςὶ πισὸν ἀλλὰ τῶν πρός τι· οὐδὲν γὰρ αὐτὸ καθ' ⏎ οἷον τὰ μὲν τῆς γραμμῆς μόρια θέσιν ἔχει πρὸς ἄλληλα· αὑτὸ μέγα λέγεται ἢ μικρόν, ἀλλὰ τῷ πρὸς ἕτερον ἀνα"
tlg001,5,ἀνα,ἀνα,1,30,1830,False,"ἐν αὐτοῖς μορίων συνέςηκε, τὰ δὲ ἐκ ἐξ ἐχόντων θέσιν, οὐδὲν ἐςὶ πισὸν ἀλλὰ τῶν πρός τι· οὐδὲν γὰρ αὐτὸ καθ' ⏎ οἷον τὰ μὲν τῆς γραμμῆς μόρια θέσιν ἔχει πρὸς ἄλληλα· αὑτὸ μέγα λέγεται ἢ μικρόν, ἀλλὰ τῷ πρὸς ἕτερον ἀνα ⏎ ἕκαςον γὰρ αὐτῶν κεῖταί πο, καὶ ἔχοις ἂν διαλαβεῖν καὶ φέρεσθαι, οἷον ὄρος μὲν μικρὸν λέγεται, κέγχρος δὲ με"
tlg001,5,φέρεσθαι,φέρεσθαι,1,31,1889,False,"οἷον τὰ μὲν τῆς γραμμῆς μόρια θέσιν ἔχει πρὸς ἄλληλα· αὑτὸ μέγα λέγεται ἢ μικρόν, ἀλλὰ τῷ πρὸς ἕτερον ἀνα ⏎ ἕκαςον γὰρ αὐτῶν κεῖταί πο, καὶ ἔχοις ἂν διαλαβεῖν καὶ φέρεσθαι, οἷον ὄρος μὲν μικρὸν λέγεται, κέγχρος δὲ με ⏎ ἀποδῆναι ὅπου ἔκαςον κεῖται ἐν τῷ ἐπιπέδῳ καὶ πρὸς γάλη τῷ τὴν μὲν τῶν ὁμογενῶν μείζονα εἶναι, τὸ δὲ ἔλατ"
tlg001,5,με,με,1,31,1940,False,"οἷον τὰ μὲν τῆς γραμμῆς μόρια θέσιν ἔχει πρὸς ἄλληλα· αὑτὸ μέγα λέγεται ἢ μικρόν, ἀλλὰ τῷ πρὸς ἕτερον ἀνα ⏎ ἕκαςον γὰρ αὐτῶν κεῖταί πο, καὶ ἔχοις ἂν διαλαβεῖν καὶ φέρεσθαι, οἷον ὄρος μὲν μικρὸν λέγεται, κέγχρος δὲ με ⏎ ἀποδῆναι ὅπου ἔκαςον κεῖται ἐν τῷ ἐπιπέδῳ καὶ πρὸς γάλη τῷ τὴν μὲν τῶν ὁμογενῶν μείζονα εἶναι, τὸ δὲ ἔλατ"
tlg001,5,ἀποδῆναι,ἀποδῆναι,1,32,1943,False,"ἕκαςον γὰρ αὐτῶν κεῖταί πο, καὶ ἔχοις ἂν διαλαβεῖν καὶ φέρεσθαι, οἷον ὄρος μὲν μικρὸν λέγεται, κέγχρος δὲ με ⏎ ἀποδῆναι ὅπου ἔκαςον κεῖται ἐν τῷ ἐπιπέδῳ καὶ πρὸς γάλη τῷ τὴν μὲν τῶν ὁμογενῶν μείζονα εἶναι, τὸ δὲ ἔλατ ⏎ ποῖον μόριον τῶν λοιπῶν συνάπτει. ὡσαύτως δὲ καὶ τα 20 τον τῶν ὁμογενῶν. οὐκοῦν πρὸς ἕτερον ἡ ἀναφορά, ἐπεὶ εἴγε"
tlg001,5,ἔκαστον,ἔκαςον,1,32,1957,False,"ἕκαςον γὰρ αὐτῶν κεῖταί πο, καὶ ἔχοις ἂν διαλαβεῖν καὶ φέρεσθαι, οἷον ὄρος μὲν μικρὸν λέγεται, κέγχρος δὲ με ⏎ ἀποδῆναι ὅπου ἔκαςον κεῖται ἐν τῷ ἐπιπέδῳ καὶ πρὸς γάλη τῷ τὴν μὲν τῶν ὁμογενῶν μείζονα εἶναι, τὸ δὲ ἔλατ ⏎ ποῖον μόριον τῶν λοιπῶν συνάπτει. ὡσαύτως δὲ καὶ τα 20 τον τῶν ὁμογενῶν. οὐκοῦν πρὸς ἕτερον ἡ ἀναφορά, ἐπεὶ εἴγε"
tlg001,5,ἐπιπέδῳ,ἐπιπέδῳ,1,32,1977,False,"ἕκαςον γὰρ αὐτῶν κεῖταί πο, καὶ ἔχοις ἂν διαλαβεῖν καὶ φέρεσθαι, οἷον ὄρος μὲν μικρὸν λέγεται, κέγχρος δὲ με ⏎ ἀποδῆναι ὅπου ἔκαςον κεῖται ἐν τῷ ἐπιπέδῳ καὶ πρὸς γάλη τῷ τὴν μὲν τῶν ὁμογενῶν μείζονα εἶναι, τὸ δὲ ἔλατ ⏎ ποῖον μόριον τῶν λοιπῶν συνάπτει. ὡσαύτως δὲ καὶ τα 20 τον τῶν ὁμογενῶν. οὐκοῦν πρὸς ἕτερον ἡ ἀναφορά, ἐπεὶ εἴγε"
tlg001,5,γάλη,γάλη,1,32,1994,False,"ἕκαςον γὰρ αὐτῶν κεῖταί πο, καὶ ἔχοις ἂν διαλαβεῖν καὶ φέρεσθαι, οἷον ὄρος μὲν μικρὸν λέγεται, κέγχρος δὲ με ⏎ ἀποδῆναι ὅπου ἔκαςον κεῖται ἐν τῷ ἐπιπέδῳ καὶ πρὸς γάλη τῷ τὴν μὲν τῶν ὁμογενῶν μείζονα εἶναι, τὸ δὲ ἔλατ ⏎ ποῖον μόριον τῶν λοιπῶν συνάπτει. ὡσαύτως δὲ καὶ τα 20 τον τῶν ὁμογενῶν. οὐκοῦν πρὸς ἕτερον ἡ ἀναφορά, ἐπεὶ εἴγε"
tlg001,5,ἔλατ,ἔλατ,1,32,2044,False,"ἕκαςον γὰρ αὐτῶν κεῖταί πο, καὶ ἔχοις ἂν διαλαβεῖν καὶ φέρεσθαι, οἷον ὄρος μὲν μικρὸν λέγεται, κέγχρος δὲ με ⏎ ἀποδῆναι ὅπου ἔκαςον κεῖται ἐν τῷ ἐπιπέδῳ καὶ πρὸς γάλη τῷ τὴν μὲν τῶν ὁμογενῶν μείζονα εἶναι, τὸ δὲ ἔλατ ⏎ ποῖον μόριον τῶν λοιπῶν συνάπτει. ὡσαύτως δὲ καὶ τα 20 τον τῶν ὁμογενῶν. οὐκοῦν πρὸς ἕτερον ἡ ἀναφορά, ἐπεὶ εἴγε"
tlg001,5,τα,τα,2,33,2098,False,"ἀποδῆναι ὅπου ἔκαςον κεῖται ἐν τῷ ἐπιπέδῳ καὶ πρὸς γάλη τῷ τὴν μὲν τῶν ὁμογενῶν μείζονα εἶναι, τὸ δὲ ἔλατ ⏎ ποῖον μόριον τῶν λοιπῶν συνάπτει. ὡσαύτως δὲ καὶ τα 20 τον τῶν ὁμογενῶν. οὐκοῦν πρὸς ἕτερον ἡ ἀναφορά, ἐπεὶ εἴγε ⏎ τῇ ἐπιπέδυ μόρια θέσιν ἔχει τινά· ὁμοίως γὰρ ἂν ἀποδος καθ᾽ αὑτὸ μικρὸν ἢ μέγα ἐλέγετο, οὐκ ἄν ποτε τὸ μὲν"
tlg001,5,τον,τον,1,33,2104,False,"ἀποδῆναι ὅπου ἔκαςον κεῖται ἐν τῷ ἐπιπέδῳ καὶ πρὸς γάλη τῷ τὴν μὲν τῶν ὁμογενῶν μείζονα εἶναι, τὸ δὲ ἔλατ ⏎ ποῖον μόριον τῶν λοιπῶν συνάπτει. ὡσαύτως δὲ καὶ τα 20 τον τῶν ὁμογενῶν. οὐκοῦν πρὸς ἕτερον ἡ ἀναφορά, ἐπεὶ εἴγε ⏎ τῇ ἐπιπέδυ μόρια θέσιν ἔχει τινά· ὁμοίως γὰρ ἂν ἀποδος καθ᾽ αὑτὸ μικρὸν ἢ μέγα ἐλέγετο, οὐκ ἄν ποτε τὸ μὲν"
tlg001,5,ἐπεὶ,ἐπεὶ,1,33,2152,False,"ἀποδῆναι ὅπου ἔκαςον κεῖται ἐν τῷ ἐπιπέδῳ καὶ πρὸς γάλη τῷ τὴν μὲν τῶν ὁμογενῶν μείζονα εἶναι, τὸ δὲ ἔλατ ⏎ ποῖον μόριον τῶν λοιπῶν συνάπτει. ὡσαύτως δὲ καὶ τα 20 τον τῶν ὁμογενῶν. οὐκοῦν πρὸς ἕτερον ἡ ἀναφορά, ἐπεὶ εἴγε ⏎ τῇ ἐπιπέδυ μόρια θέσιν ἔχει τινά· ὁμοίως γὰρ ἂν ἀποδος καθ᾽ αὑτὸ μικρὸν ἢ μέγα ἐλέγετο, οὐκ ἄν ποτε τὸ μὲν"
tlg001,5,εἴγε,εἴγε,1,33,2157,False,"ἀποδῆναι ὅπου ἔκαςον κεῖται ἐν τῷ ἐπιπέδῳ καὶ πρὸς γάλη τῷ τὴν μὲν τῶν ὁμογενῶν μείζονα εἶναι, τὸ δὲ ἔλατ ⏎ ποῖον μόριον τῶν λοιπῶν συνάπτει. ὡσαύτως δὲ καὶ τα 20 τον τῶν ὁμογενῶν. οὐκοῦν πρὸς ἕτερον ἡ ἀναφορά, ἐπεὶ εἴγε ⏎ τῇ ἐπιπέδυ μόρια θέσιν ἔχει τινά· ὁμοίως γὰρ ἂν ἀποδος καθ᾽ αὑτὸ μικρὸν ἢ μέγα ἐλέγετο, οὐκ ἄν ποτε τὸ μὲν"
tlg001,5,ἐπιπέδυ,ἐπιπέδυ,1,34,2165,False,"ποῖον μόριον τῶν λοιπῶν συνάπτει. ὡσαύτως δὲ καὶ τα 20 τον τῶν ὁμογενῶν. οὐκοῦν πρὸς ἕτερον ἡ ἀναφορά, ἐπεὶ εἴγε ⏎ τῇ ἐπιπέδυ μόρια θέσιν ἔχει τινά· ὁμοίως γὰρ ἂν ἀποδος καθ᾽ αὑτὸ μικρὸν ἢ μέγα ἐλέγετο, οὐκ ἄν ποτε τὸ μὲν ⏎ θείη ἕκασον ο κεῖται, καὶ ποῖα συνάπτει πρὸς ἄλληλαὶ ὄρος μικρὸν ἐλέγετο, ἡ δὲ κέγχρος μεγάλη. πάλιν ἐν μὲν"
tlg001,5,ἀποδος,ἀποδος,1,34,2210,False,"ποῖον μόριον τῶν λοιπῶν συνάπτει. ὡσαύτως δὲ καὶ τα 20 τον τῶν ὁμογενῶν. οὐκοῦν πρὸς ἕτερον ἡ ἀναφορά, ἐπεὶ εἴγε ⏎ τῇ ἐπιπέδυ μόρια θέσιν ἔχει τινά· ὁμοίως γὰρ ἂν ἀποδος καθ᾽ αὑτὸ μικρὸν ἢ μέγα ἐλέγετο, οὐκ ἄν ποτε τὸ μὲν ⏎ θείη ἕκασον ο κεῖται, καὶ ποῖα συνάπτει πρὸς ἄλληλαὶ ὄρος μικρὸν ἐλέγετο, ἡ δὲ κέγχρος μεγάλη. πάλιν ἐν μὲν"
tlg001,5,καθ᾽,καθ᾽,1,34,2217,False,"ποῖον μόριον τῶν λοιπῶν συνάπτει. ὡσαύτως δὲ καὶ τα 20 τον τῶν ὁμογενῶν. οὐκοῦν πρὸς ἕτερον ἡ ἀναφορά, ἐπεὶ εἴγε ⏎ τῇ ἐπιπέδυ μόρια θέσιν ἔχει τινά· ὁμοίως γὰρ ἂν ἀποδος καθ᾽ αὑτὸ μικρὸν ἢ μέγα ἐλέγετο, οὐκ ἄν ποτε τὸ μὲν ⏎ θείη ἕκασον ο κεῖται, καὶ ποῖα συνάπτει πρὸς ἄλληλαὶ ὄρος μικρὸν ἐλέγετο, ἡ δὲ κέγχρος μεγάλη. πάλιν ἐν μὲν"
tlg001,5,θείη,θείη,1,35,2269,False,"τῇ ἐπιπέδυ μόρια θέσιν ἔχει τινά· ὁμοίως γὰρ ἂν ἀποδος καθ᾽ αὑτὸ μικρὸν ἢ μέγα ἐλέγετο, οὐκ ἄν ποτε τὸ μὲν ⏎ θείη ἕκασον ο κεῖται, καὶ ποῖα συνάπτει πρὸς ἄλληλαὶ ὄρος μικρὸν ἐλέγετο, ἡ δὲ κέγχρος μεγάλη. πάλιν ἐν μὲν ⏎ καὶ τὰ τῆ ςερεῖ δὲ ὡσαύτως, καὶ τὰ τῇ τοπᾶ. ἐπὶ δέ γε τῇ κώμη φαμὲν πολλοὺς ἀνθρώπους εἶναι, ἐν ᾿Αθήναις δὲ"
tlg001,5,ἕκασον,ἕκασον,1,35,2274,False,"τῇ ἐπιπέδυ μόρια θέσιν ἔχει τινά· ὁμοίως γὰρ ἂν ἀποδος καθ᾽ αὑτὸ μικρὸν ἢ μέγα ἐλέγετο, οὐκ ἄν ποτε τὸ μὲν ⏎ θείη ἕκασον ο κεῖται, καὶ ποῖα συνάπτει πρὸς ἄλληλαὶ ὄρος μικρὸν ἐλέγετο, ἡ δὲ κέγχρος μεγάλη. πάλιν ἐν μὲν ⏎ καὶ τὰ τῆ ςερεῖ δὲ ὡσαύτως, καὶ τὰ τῇ τοπᾶ. ἐπὶ δέ γε τῇ κώμη φαμὲν πολλοὺς ἀνθρώπους εἶναι, ἐν ᾿Αθήναις δὲ"
tlg001,5,ο,ο,2,35,2281,False,"τῇ ἐπιπέδυ μόρια θέσιν ἔχει τινά· ὁμοίως γὰρ ἂν ἀποδος καθ᾽ αὑτὸ μικρὸν ἢ μέγα ἐλέγετο, οὐκ ἄν ποτε τὸ μὲν ⏎ θείη ἕκασον ο κεῖται, καὶ ποῖα συνάπτει πρὸς ἄλληλαὶ ὄρος μικρὸν ἐλέγετο, ἡ δὲ κέγχρος μεγάλη. πάλιν ἐν μὲν ⏎ καὶ τὰ τῆ ςερεῖ δὲ ὡσαύτως, καὶ τὰ τῇ τοπᾶ. ἐπὶ δέ γε τῇ κώμη φαμὲν πολλοὺς ἀνθρώπους εἶναι, ἐν ᾿Αθήναις δὲ"
tlg001,5,ἄλληλαὶ,ἄλληλαὶ,1,35,2314,False,"τῇ ἐπιπέδυ μόρια θέσιν ἔχει τινά· ὁμοίως γὰρ ἂν ἀποδος καθ᾽ αὑτὸ μικρὸν ἢ μέγα ἐλέγετο, οὐκ ἄν ποτε τὸ μὲν ⏎ θείη ἕκασον ο κεῖται, καὶ ποῖα συνάπτει πρὸς ἄλληλαὶ ὄρος μικρὸν ἐλέγετο, ἡ δὲ κέγχρος μεγάλη. πάλιν ἐν μὲν ⏎ καὶ τὰ τῆ ςερεῖ δὲ ὡσαύτως, καὶ τὰ τῇ τοπᾶ. ἐπὶ δέ γε τῇ κώμη φαμὲν πολλοὺς ἀνθρώπους εἶναι, ἐν ᾿Αθήναις δὲ"
tlg001,5,τῆ,τῆ,1,36,2384,False,"θείη ἕκασον ο κεῖται, καὶ ποῖα συνάπτει πρὸς ἄλληλαὶ ὄρος μικρὸν ἐλέγετο, ἡ δὲ κέγχρος μεγάλη. πάλιν ἐν μὲν ⏎ καὶ τὰ τῆ ςερεῖ δὲ ὡσαύτως, καὶ τὰ τῇ τοπᾶ. ἐπὶ δέ γε τῇ κώμη φαμὲν πολλοὺς ἀνθρώπους εἶναι, ἐν ᾿Αθήναις δὲ ⏎ τῇ ἀριθμὸ ἐκ ἂν ἔχοι τις ἐπιδεῖξαι ὡς τὰ μόρια αὐτοῦ ὀλίγους πολλαπλασίους αὐτῶν ὄντας, καὶ ἐν μὲν τῇ οἰκίᾳ"
tlg001,5,στερεῖ,ςερεῖ,1,36,2387,False,"θείη ἕκασον ο κεῖται, καὶ ποῖα συνάπτει πρὸς ἄλληλαὶ ὄρος μικρὸν ἐλέγετο, ἡ δὲ κέγχρος μεγάλη. πάλιν ἐν μὲν ⏎ καὶ τὰ τῆ ςερεῖ δὲ ὡσαύτως, καὶ τὰ τῇ τοπᾶ. ἐπὶ δέ γε τῇ κώμη φαμὲν πολλοὺς ἀνθρώπους εἶναι, ἐν ᾿Αθήναις δὲ ⏎ τῇ ἀριθμὸ ἐκ ἂν ἔχοι τις ἐπιδεῖξαι ὡς τὰ μόρια αὐτοῦ ὀλίγους πολλαπλασίους αὐτῶν ὄντας, καὶ ἐν μὲν τῇ οἰκίᾳ"
tlg001,5,τοπᾶ,τοπᾶ,1,36,2415,False,"θείη ἕκασον ο κεῖται, καὶ ποῖα συνάπτει πρὸς ἄλληλαὶ ὄρος μικρὸν ἐλέγετο, ἡ δὲ κέγχρος μεγάλη. πάλιν ἐν μὲν ⏎ καὶ τὰ τῆ ςερεῖ δὲ ὡσαύτως, καὶ τὰ τῇ τοπᾶ. ἐπὶ δέ γε τῇ κώμη φαμὲν πολλοὺς ἀνθρώπους εἶναι, ἐν ᾿Αθήναις δὲ ⏎ τῇ ἀριθμὸ ἐκ ἂν ἔχοι τις ἐπιδεῖξαι ὡς τὰ μόρια αὐτοῦ ὀλίγους πολλαπλασίους αὐτῶν ὄντας, καὶ ἐν μὲν τῇ οἰκίᾳ"
tlg001,5,κώμη,κώμη,1,36,2434,False,"θείη ἕκασον ο κεῖται, καὶ ποῖα συνάπτει πρὸς ἄλληλαὶ ὄρος μικρὸν ἐλέγετο, ἡ δὲ κέγχρος μεγάλη. πάλιν ἐν μὲν ⏎ καὶ τὰ τῆ ςερεῖ δὲ ὡσαύτως, καὶ τὰ τῇ τοπᾶ. ἐπὶ δέ γε τῇ κώμη φαμὲν πολλοὺς ἀνθρώπους εἶναι, ἐν ᾿Αθήναις δὲ ⏎ τῇ ἀριθμὸ ἐκ ἂν ἔχοι τις ἐπιδεῖξαι ὡς τὰ μόρια αὐτοῦ ὀλίγους πολλαπλασίους αὐτῶν ὄντας, καὶ ἐν μὲν τῇ οἰκίᾳ"
tlg001,5,᾿αθήναις,᾿αθήναις,1,36,2473,False,"θείη ἕκασον ο κεῖται, καὶ ποῖα συνάπτει πρὸς ἄλληλαὶ ὄρος μικρὸν ἐλέγετο, ἡ δὲ κέγχρος μεγάλη. πάλιν ἐν μὲν ⏎ καὶ τὰ τῆ ςερεῖ δὲ ὡσαύτως, καὶ τὰ τῇ τοπᾶ. ἐπὶ δέ γε τῇ κώμη φαμὲν πολλοὺς ἀνθρώπους εἶναι, ἐν ᾿Αθήναις δὲ ⏎ τῇ ἀριθμὸ ἐκ ἂν ἔχοι τις ἐπιδεῖξαι ὡς τὰ μόρια αὐτοῦ ὀλίγους πολλαπλασίους αὐτῶν ὄντας, καὶ ἐν μὲν τῇ οἰκίᾳ"
tlg001,5,ἀριθμὸ,ἀριθμὸ,1,37,2488,False,"καὶ τὰ τῆ ςερεῖ δὲ ὡσαύτως, καὶ τὰ τῇ τοπᾶ. ἐπὶ δέ γε τῇ κώμη φαμὲν πολλοὺς ἀνθρώπους εἶναι, ἐν ᾿Αθήναις δὲ ⏎ τῇ ἀριθμὸ ἐκ ἂν ἔχοι τις ἐπιδεῖξαι ὡς τὰ μόρια αὐτοῦ ὀλίγους πολλαπλασίους αὐτῶν ὄντας, καὶ ἐν μὲν τῇ οἰκίᾳ ⏎ θέσιν τινὰ ἔχει πρὸς ἄλληλα ἢ κεῖται που, ἢ ποῖά γε 25 πολλούς, ἐν δὲ τῷ θεάτρῳ ὀλίγους πολλῷ πλείους ὄντας."
tlg001,5,ποῖά,ποῖά,1,38,2637,False,"τῇ ἀριθμὸ ἐκ ἂν ἔχοι τις ἐπιδεῖξαι ὡς τὰ μόρια αὐτοῦ ὀλίγους πολλαπλασίους αὐτῶν ὄντας, καὶ ἐν μὲν τῇ οἰκίᾳ ⏎ θέσιν τινὰ ἔχει πρὸς ἄλληλα ἢ κεῖται που, ἢ ποῖά γε 25 πολλούς, ἐν δὲ τῷ θεάτρῳ ὀλίγους πολλῷ πλείους ὄντας. ⏎ πρὸς ἄλληλα συνάπτει τῶν μορίων. οὐδὲ τὰ τοῦ χρόνο: ἔτι τὸ μὲν δίπηχυ καὶ τρίπηχυ καὶ ἔκαςον τῶν τοιούτων"
tlg001,5,ἔκαστον,ἔκαςον,2,39,2788,False,"θέσιν τινὰ ἔχει πρὸς ἄλληλα ἢ κεῖται που, ἢ ποῖά γε 25 πολλούς, ἐν δὲ τῷ θεάτρῳ ὀλίγους πολλῷ πλείους ὄντας. ⏎ πρὸς ἄλληλα συνάπτει τῶν μορίων. οὐδὲ τὰ τοῦ χρόνο: ἔτι τὸ μὲν δίπηχυ καὶ τρίπηχυ καὶ ἔκαςον τῶν τοιούτων ⏎ ὑπομένει γὰρ οὐδὲν τῶν τῇ χρόνο μορίων· ὃ δὲ μή ἐσιν ποσὸν σημαίνει, τὸ δὲ μέγα ἢ μικρὸν οὐ σημαίνει ποσὸν"
tlg001,5,ἐσιν,ἐσιν,1,40,2856,False,"πρὸς ἄλληλα συνάπτει τῶν μορίων. οὐδὲ τὰ τοῦ χρόνο: ἔτι τὸ μὲν δίπηχυ καὶ τρίπηχυ καὶ ἔκαςον τῶν τοιούτων ⏎ ὑπομένει γὰρ οὐδὲν τῶν τῇ χρόνο μορίων· ὃ δὲ μή ἐσιν ποσὸν σημαίνει, τὸ δὲ μέγα ἢ μικρὸν οὐ σημαίνει ποσὸν ⏎ ὑπομένον, πῶς ἂν τότο θέσιν τινὰ ἔχεις ἀλλὰ μᾶλλον ἀλλὰ μᾶλλον πρός τι πρὸς γὰρ ἕτερον θεωρεῖται τὸ μέγα"
tlg001,5,τότο,τότο,1,41,2932,False,"ὑπομένει γὰρ οὐδὲν τῶν τῇ χρόνο μορίων· ὃ δὲ μή ἐσιν ποσὸν σημαίνει, τὸ δὲ μέγα ἢ μικρὸν οὐ σημαίνει ποσὸν ⏎ ὑπομένον, πῶς ἂν τότο θέσιν τινὰ ἔχεις ἀλλὰ μᾶλλον ἀλλὰ μᾶλλον πρός τι πρὸς γὰρ ἕτερον θεωρεῖται τὸ μέγα ⏎ τάξιν τινὰ εἴποις ἂν ἔχειν τῷ τὰ μὲν πρότερον εἶναι τοῦ καὶ τὸ μικρόν. ὥςε φανερὸν ὅτι ταῦτα τῶν πρός τί ἐςιν."
tlg001,5,ἔχεις,ἔχεις,1,41,2948,False,"ὑπομένει γὰρ οὐδὲν τῶν τῇ χρόνο μορίων· ὃ δὲ μή ἐσιν ποσὸν σημαίνει, τὸ δὲ μέγα ἢ μικρὸν οὐ σημαίνει ποσὸν ⏎ ὑπομένον, πῶς ἂν τότο θέσιν τινὰ ἔχεις ἀλλὰ μᾶλλον ἀλλὰ μᾶλλον πρός τι πρὸς γὰρ ἕτερον θεωρεῖται τὸ μέγα ⏎ τάξιν τινὰ εἴποις ἂν ἔχειν τῷ τὰ μὲν πρότερον εἶναι τοῦ καὶ τὸ μικρόν. ὥςε φανερὸν ὅτι ταῦτα τῶν πρός τί ἐςιν."
tlg001,5,ὕφερον,ὕφερον,1,43,3143,False,"τάξιν τινὰ εἴποις ἂν ἔχειν τῷ τὰ μὲν πρότερον εἶναι τοῦ καὶ τὸ μικρόν. ὥςε φανερὸν ὅτι ταῦτα τῶν πρός τί ἐςιν. ⏎ χρόνο τὸ δὲ ὕφερον. καὶ ἐπὶ τὸ ἀριθμοῦ δὲ ὡσαύτως τῷ 30 ἔτι ἐάν τε τιθῇ τις ταῦτα ποσὰ εἶναι ἐάν τε μὴ τιθῇ, ἐκ ⏎ τὸ ἓν πρότερον ἀριθμεῖσθαι τῶν δύο καὶ τὰ δύο τῶν τρι- ἔςιν αὐτοῖς ἐναντίον ἐδέν: ὃ γὰρ μή ἐςιν αὐτὸ καθ᾽ αὑτὸ"
tlg001,5,καθ᾽,καθ᾽,2,44,3344,False,"χρόνο τὸ δὲ ὕφερον. καὶ ἐπὶ τὸ ἀριθμοῦ δὲ ὡσαύτως τῷ 30 ἔτι ἐάν τε τιθῇ τις ταῦτα ποσὰ εἶναι ἐάν τε μὴ τιθῇ, ἐκ ⏎ τὸ ἓν πρότερον ἀριθμεῖσθαι τῶν δύο καὶ τὰ δύο τῶν τρι- ἔςιν αὐτοῖς ἐναντίον ἐδέν: ὃ γὰρ μή ἐςιν αὐτὸ καθ᾽ αὑτὸ ⏎ ῶν· καὶ οὕτω τάξιν τινὰ ἂν ἔχοι, θέσιν δὲ οὐ πάνυ λά- λαβεῖν ἀλλὰ πρὸς ἕτερον ἀναφέρεται, πῶς ἂν φαίη τις"
tlg001,5,λά,λά,1,45,3404,False,"τὸ ἓν πρότερον ἀριθμεῖσθαι τῶν δύο καὶ τὰ δύο τῶν τρι- ἔςιν αὐτοῖς ἐναντίον ἐδέν: ὃ γὰρ μή ἐςιν αὐτὸ καθ᾽ αὑτὸ ⏎ ῶν· καὶ οὕτω τάξιν τινὰ ἂν ἔχοι, θέσιν δὲ οὐ πάνυ λά- λαβεῖν ἀλλὰ πρὸς ἕτερον ἀναφέρεται, πῶς ἂν φαίη τις ⏎ βοις ἄν. καὶ ὁ λόγος δὲ ὡσαύτως· οὐδὲν γὰρ ὑπομένει τέτῳ τι ἐναντίον; ἔτι δὲ εἰ ἔςαι τὸ μέγα καὶ τὸ μικρὸν"
tlg001,5,βοις,βοις,1,46,3460,False,"ῶν· καὶ οὕτω τάξιν τινὰ ἂν ἔχοι, θέσιν δὲ οὐ πάνυ λά- λαβεῖν ἀλλὰ πρὸς ἕτερον ἀναφέρεται, πῶς ἂν φαίη τις ⏎ βοις ἄν. καὶ ὁ λόγος δὲ ὡσαύτως· οὐδὲν γὰρ ὑπομένει τέτῳ τι ἐναντίον; ἔτι δὲ εἰ ἔςαι τὸ μέγα καὶ τὸ μικρὸν ⏎ τῶν μορίων αὐτοῦ, ἀλλ᾽ εἴρηταί τε καὶ ἐκ ἔςιν ἔτι τοτὸ ἐναντία, συμβήσεται τὸ αὐτὸ ἅμα τὰ ἐναντία ἐπιδέχεσθαι"
tlg001,5,ἀλλ᾽,ἀλλ᾽,2,47,3585,False,"βοις ἄν. καὶ ὁ λόγος δὲ ὡσαύτως· οὐδὲν γὰρ ὑπομένει τέτῳ τι ἐναντίον; ἔτι δὲ εἰ ἔςαι τὸ μέγα καὶ τὸ μικρὸν ⏎ τῶν μορίων αὐτοῦ, ἀλλ᾽ εἴρηταί τε καὶ ἐκ ἔςιν ἔτι τοτὸ ἐναντία, συμβήσεται τὸ αὐτὸ ἅμα τὰ ἐναντία ἐπιδέχεσθαι ⏎ λαβεῖν, ὥςε ἐκ ἂν εἴη θέσις τῶν μορίων αὐτό, εἴγε μηδὲν 35 καὶ αὐτὰ ἑαυτοῖς εἶναι ἐναντία συμβαίνει γάρ ποτε ἅμα"
tlg001,5,τοτὸ,τοτὸ,1,47,3617,False,"βοις ἄν. καὶ ὁ λόγος δὲ ὡσαύτως· οὐδὲν γὰρ ὑπομένει τέτῳ τι ἐναντίον; ἔτι δὲ εἰ ἔςαι τὸ μέγα καὶ τὸ μικρὸν ⏎ τῶν μορίων αὐτοῦ, ἀλλ᾽ εἴρηταί τε καὶ ἐκ ἔςιν ἔτι τοτὸ ἐναντία, συμβήσεται τὸ αὐτὸ ἅμα τὰ ἐναντία ἐπιδέχεσθαι ⏎ λαβεῖν, ὥςε ἐκ ἂν εἴη θέσις τῶν μορίων αὐτό, εἴγε μηδὲν 35 καὶ αὐτὰ ἑαυτοῖς εἶναι ἐναντία συμβαίνει γάρ ποτε ἅμα"
tlg001,5,αὐτό,αὐτό,2,48,3716,False,"τῶν μορίων αὐτοῦ, ἀλλ᾽ εἴρηταί τε καὶ ἐκ ἔςιν ἔτι τοτὸ ἐναντία, συμβήσεται τὸ αὐτὸ ἅμα τὰ ἐναντία ἐπιδέχεσθαι ⏎ λαβεῖν, ὥςε ἐκ ἂν εἴη θέσις τῶν μορίων αὐτό, εἴγε μηδὲν 35 καὶ αὐτὰ ἑαυτοῖς εἶναι ἐναντία συμβαίνει γάρ ποτε ἅμα ⏎ ὑπομένει. τὰ μὲν οὖν ἐκ θέσιν ἐχόντων τῶν μορίων συνέ- τὸ αὐτὸ μέγα τε καὶ μικρὸν εἶναι ἔςι γὰρ πρὸς μὲν τῖτο"
tlg001,5,εἴγε,εἴγε,2,48,3722,False,"τῶν μορίων αὐτοῦ, ἀλλ᾽ εἴρηταί τε καὶ ἐκ ἔςιν ἔτι τοτὸ ἐναντία, συμβήσεται τὸ αὐτὸ ἅμα τὰ ἐναντία ἐπιδέχεσθαι ⏎ λαβεῖν, ὥςε ἐκ ἂν εἴη θέσις τῶν μορίων αὐτό, εἴγε μηδὲν 35 καὶ αὐτὰ ἑαυτοῖς εἶναι ἐναντία συμβαίνει γάρ ποτε ἅμα ⏎ ὑπομένει. τὰ μὲν οὖν ἐκ θέσιν ἐχόντων τῶν μορίων συνέ- τὸ αὐτὸ μέγα τε καὶ μικρὸν εἶναι ἔςι γὰρ πρὸς μὲν τῖτο"
tlg001,5,τῖτο,τῖτο,1,49,3895,False,"λαβεῖν, ὥςε ἐκ ἂν εἴη θέσις τῶν μορίων αὐτό, εἴγε μηδὲν 35 καὶ αὐτὰ ἑαυτοῖς εἶναι ἐναντία συμβαίνει γάρ ποτε ἅμα ⏎ ὑπομένει. τὰ μὲν οὖν ἐκ θέσιν ἐχόντων τῶν μορίων συνέ- τὸ αὐτὸ μέγα τε καὶ μικρὸν εἶναι ἔςι γὰρ πρὸς μὲν τῖτο ⏎ ςηκε, τὰ δὲ ἐκ ἐξ ἐχόντων θέσιν."
tlg001,5,τότο,τότο,2,51,3964,False,"ςηκε, τὰ δὲ ἐκ ἐξ ἐχόντων θέσιν. ⏎ μικρόν, πρὸς ἕτερον δὲ τὸ αὐτὸ τότο μέγα. ὥστε τὸ αὐτὸ ⏎ καὶ μέγα καὶ μικρὸν κατὰ τὸν αὐτὸν χρόνον. εἶναι συμ"
tlg001,5,συμ,συμ,1,52,4037,False,"μικρόν, πρὸς ἕτερον δὲ τὸ αὐτὸ τότο μέγα. ὥστε τὸ αὐτὸ ⏎ καὶ μέγα καὶ μικρὸν κατὰ τὸν αὐτὸν χρόνον. εἶναι συμ ⏎ βαίνει ὥςε ἅμα τὰ ἐναντία ἐπιδέχεσθαι. ἀλλ᾽ ἐδὲν δοκεῖ"
tlg001,5,βαίνει,βαίνει,1,53,4041,False,καὶ μέγα καὶ μικρὸν κατὰ τὸν αὐτὸν χρόνον. εἶναι συμ ⏎ βαίνει ὥςε ἅμα τὰ ἐναντία ἐπιδέχεσθαι. ἀλλ᾽ ἐδὲν δοκεῖ ⏎ αν
tlg001,5,ἀλλ᾽,ἀλλ᾽,3,53,4080,False,καὶ μέγα καὶ μικρὸν κατὰ τὸν αὐτὸν χρόνον. εἶναι συμ ⏎ βαίνει ὥςε ἅμα τὰ ἐναντία ἐπιδέχεσθαι. ἀλλ᾽ ἐδὲν δοκεῖ ⏎ αν
tlg001,5,αν,αν,1,54,4096,False,βαίνει ὥςε ἅμα τὰ ἐναντία ἐπιδέχεσθαι. ἀλλ᾽ ἐδὲν δοκεῖ ⏎ αν ⏎ εκ
tlg001,5,εκ,εκ,1,55,4099,False,αν ⏎ εκ ⏎ τα
tlg001,5,τα,τα,3,56,4102,False,"εκ ⏎ τα ⏎ Κυρίως δὲ ποσὰ ταῦτα μόνα λέγεται τὰ εἰρημένα,"
tlg001,5,τα,τα,4,59,4275,False,τὰ δὲ ἄλλα πάντα κατὰ συμβεβηκός: εἰς ταῦτα γὰρ ⏎ 1. συνεχές C. | 6. ἓν C. 7. πρός τε τὸν BC. | 13. συνεχές C | 14. συνάπτει τα μόρια C. 1 15. δὲ καὶ τὰ C. | 16. ἐξ ἐκ ⏎ C. | 17. ἔχοι ΑΒ. || 19. ο BC. || 28. ἔχει τινά C. I 37. ἐξ ἐκ C.
tlg001,5,αβ,αβ,1,60,4332,False,"1. συνεχές C. | 6. ἓν C. 7. πρός τε τὸν BC. | 13. συνεχές C | 14. συνάπτει τα μόρια C. 1 15. δὲ καὶ τὰ C. | 16. ἐξ ἐκ ⏎ C. | 17. ἔχοι ΑΒ. || 19. ο BC. || 28. ἔχει τινά C. I 37. ἐξ ἐκ C. ⏎ 5. ἐνιαυσιαία 4. || 8. φήσεις B et pr C, φήσει corr C. || κυρίως ποσὰ καθ᾽ αὐτὰ BC. || 9. ἐδὲν αὐτὸ καθ᾽ Β. || 10. εἰ] codices"
tlg001,5,ο,ο,3,60,4343,False,"1. συνεχές C. | 6. ἓν C. 7. πρός τε τὸν BC. | 13. συνεχές C | 14. συνάπτει τα μόρια C. 1 15. δὲ καὶ τὰ C. | 16. ἐξ ἐκ ⏎ C. | 17. ἔχοι ΑΒ. || 19. ο BC. || 28. ἔχει τινά C. I 37. ἐξ ἐκ C. ⏎ 5. ἐνιαυσιαία 4. || 8. φήσεις B et pr C, φήσει corr C. || κυρίως ποσὰ καθ᾽ αὐτὰ BC. || 9. ἐδὲν αὐτὸ καθ᾽ Β. || 10. εἰ] codices"
tlg001,5,ἐνιαυσιαία,ἐνιαυσιαία,1,61,4387,False,"C. | 17. ἔχοι ΑΒ. || 19. ο BC. || 28. ἔχει τινά C. I 37. ἐξ ἐκ C. ⏎ 5. ἐνιαυσιαία 4. || 8. φήσεις B et pr C, φήσει corr C. || κυρίως ποσὰ καθ᾽ αὐτὰ BC. || 9. ἐδὲν αὐτὸ καθ᾽ Β. || 10. εἰ] codices ⏎ *. | κατά om 4. || 14. αὐτῶν ABC. || ἄρα om BC. || 15. τὸν μέγαν pr B. || 19. μείζων pr B, μείζον corr B, μείζον pr C, μείζω"
tlg001,5,καθ᾽,καθ᾽,3,61,4454,False,"C. | 17. ἔχοι ΑΒ. || 19. ο BC. || 28. ἔχει τινά C. I 37. ἐξ ἐκ C. ⏎ 5. ἐνιαυσιαία 4. || 8. φήσεις B et pr C, φήσει corr C. || κυρίως ποσὰ καθ᾽ αὐτὰ BC. || 9. ἐδὲν αὐτὸ καθ᾽ Β. || 10. εἰ] codices ⏎ *. | κατά om 4. || 14. αὐτῶν ABC. || ἄρα om BC. || 15. τὸν μέγαν pr B. || 19. μείζων pr B, μείζον corr B, μείζον pr C, μείζω"
tlg001,5,καθ᾽,καθ᾽,4,61,4484,False,"C. | 17. ἔχοι ΑΒ. || 19. ο BC. || 28. ἔχει τινά C. I 37. ἐξ ἐκ C. ⏎ 5. ἐνιαυσιαία 4. || 8. φήσεις B et pr C, φήσει corr C. || κυρίως ποσὰ καθ᾽ αὐτὰ BC. || 9. ἐδὲν αὐτὸ καθ᾽ Β. || 10. εἰ] codices ⏎ *. | κατά om 4. || 14. αὐτῶν ABC. || ἄρα om BC. || 15. τὸν μέγαν pr B. || 19. μείζων pr B, μείζον corr B, μείζον pr C, μείζω"
tlg001,5,β,β,1,61,4489,False,"C. | 17. ἔχοι ΑΒ. || 19. ο BC. || 28. ἔχει τινά C. I 37. ἐξ ἐκ C. ⏎ 5. ἐνιαυσιαία 4. || 8. φήσεις B et pr C, φήσει corr C. || κυρίως ποσὰ καθ᾽ αὐτὰ BC. || 9. ἐδὲν αὐτὸ καθ᾽ Β. || 10. εἰ] codices ⏎ *. | κατά om 4. || 14. αὐτῶν ABC. || ἄρα om BC. || 15. τὸν μέγαν pr B. || 19. μείζων pr B, μείζον corr B, μείζον pr C, μείζω"
tlg001,5,κατά,κατά,1,62,4516,False,"5. ἐνιαυσιαία 4. || 8. φήσεις B et pr C, φήσει corr C. || κυρίως ποσὰ καθ᾽ αὐτὰ BC. || 9. ἐδὲν αὐτὸ καθ᾽ Β. || 10. εἰ] codices ⏎ *. | κατά om 4. || 14. αὐτῶν ABC. || ἄρα om BC. || 15. τὸν μέγαν pr B. || 19. μείζων pr B, μείζον corr B, μείζον pr C, μείζω ⏎ cori C. || 29. καὶ τὸ om pr C. 32. αναφέροντα pr C, αναφέζονται pr B. Η 36. είναι om B."
tlg001,5,αναφέροντα,αναφέροντα,1,63,4671,False,"*. | κατά om 4. || 14. αὐτῶν ABC. || ἄρα om BC. || 15. τὸν μέγαν pr B. || 19. μείζων pr B, μείζον corr B, μείζον pr C, μείζω ⏎ cori C. || 29. καὶ τὸ om pr C. 32. αναφέροντα pr C, αναφέζονται pr B. Η 36. είναι om B. ⏎ 20:"
tlg001,5,αναφέζονται,αναφέζονται,1,63,4688,False,"*. | κατά om 4. || 14. αὐτῶν ABC. || ἄρα om BC. || 15. τὸν μέγαν pr B. || 19. μείζων pr B, μείζον corr B, μείζον pr C, μείζω ⏎ cori C. || 29. καὶ τὸ om pr C. 32. αναφέροντα pr C, αναφέζονται pr B. Η 36. είναι om B. ⏎ 20:"
tlg001,5,η,η,1,63,4706,False,"*. | κατά om 4. || 14. αὐτῶν ABC. || ἄρα om BC. || 15. τὸν μέγαν pr B. || 19. μείζων pr B, μείζον corr B, μείζον pr C, μείζω ⏎ cori C. || 29. καὶ τὸ om pr C. 32. αναφέροντα pr C, αναφέζονται pr B. Η 36. είναι om B. ⏎ 20:"
tlg001,5,είναι,είναι,1,63,4712,False,"*. | κατά om 4. || 14. αὐτῶν ABC. || ἄρα om BC. || 15. τὸν μέγαν pr B. || 19. μείζων pr B, μείζον corr B, μείζον pr C, μείζω ⏎ cori C. || 29. καὶ τὸ om pr C. 32. αναφέροντα pr C, αναφέζονται pr B. Η 36. είναι om B. ⏎ 20:"
tlg001,6,ατηγοριαι,ατηγοριαι,1,2,4,False,6 ⏎ 1 ΑΤΗΓΟΡΙΑΙ. ⏎ 7
tlg001,6,το,το,1,4,19,False,7 ⏎ · Το ⏎ με
tlg001,6,με,με,1,5,22,False,"· Το ⏎ με ⏎ ἅμα τὰ ἐναντία ἐπιδέχεσθαι, οἷον ἐπὶ τῇ ἐσίας· δεκτική τινὸς γὰρ διπλάσιον λέγεται. ὡσαύτως δὲ καὶ ὅσα ἄλλα"
tlg001,6,δεκτική,δεκτική,1,6,72,False,"με ⏎ ἅμα τὰ ἐναντία ἐπιδέχεσθαι, οἷον ἐπὶ τῇ ἐσίας· δεκτική τινὸς γὰρ διπλάσιον λέγεται. ὡσαύτως δὲ καὶ ὅσα ἄλλα ⏎ μὲν τῶν ἐναντίων δοκεῖ εἶναι, ἀλλ' ἔτι ε ἅμα νοσεῖ καὶ τοιαῦτα. ἔςι δὲ καὶ τὰ τοιαῦτα τῶν πρός τι οἷον ἕξις, διά"
tlg001,6,ε,ε,1,7,172,False,"ἅμα τὰ ἐναντία ἐπιδέχεσθαι, οἷον ἐπὶ τῇ ἐσίας· δεκτική τινὸς γὰρ διπλάσιον λέγεται. ὡσαύτως δὲ καὶ ὅσα ἄλλα ⏎ μὲν τῶν ἐναντίων δοκεῖ εἶναι, ἀλλ' ἔτι ε ἅμα νοσεῖ καὶ τοιαῦτα. ἔςι δὲ καὶ τὰ τοιαῦτα τῶν πρός τι οἷον ἕξις, διά ⏎ ὑγιαίνει, ἀλλ᾽ ἐδὲ λευκὴ καὶ μέλων ἐὶν ἅμε, ἀλλ᾽ οὐδὲ θεσις, αἴσθησις, ἐπιςήμη, θέσις. πάντα γὰρ τὰ εἰρημένα"
tlg001,6,διά,διά,1,7,242,False,"ἅμα τὰ ἐναντία ἐπιδέχεσθαι, οἷον ἐπὶ τῇ ἐσίας· δεκτική τινὸς γὰρ διπλάσιον λέγεται. ὡσαύτως δὲ καὶ ὅσα ἄλλα ⏎ μὲν τῶν ἐναντίων δοκεῖ εἶναι, ἀλλ' ἔτι ε ἅμα νοσεῖ καὶ τοιαῦτα. ἔςι δὲ καὶ τὰ τοιαῦτα τῶν πρός τι οἷον ἕξις, διά ⏎ ὑγιαίνει, ἀλλ᾽ ἐδὲ λευκὴ καὶ μέλων ἐὶν ἅμε, ἀλλ᾽ οὐδὲ θεσις, αἴσθησις, ἐπιςήμη, θέσις. πάντα γὰρ τὰ εἰρημένα"
tlg001,6,ἀλλ᾽,ἀλλ᾽,1,8,256,False,"μὲν τῶν ἐναντίων δοκεῖ εἶναι, ἀλλ' ἔτι ε ἅμα νοσεῖ καὶ τοιαῦτα. ἔςι δὲ καὶ τὰ τοιαῦτα τῶν πρός τι οἷον ἕξις, διά ⏎ ὑγιαίνει, ἀλλ᾽ ἐδὲ λευκὴ καὶ μέλων ἐὶν ἅμε, ἀλλ᾽ οὐδὲ θεσις, αἴσθησις, ἐπιςήμη, θέσις. πάντα γὰρ τὰ εἰρημένα ⏎ τῶν ἄλλων οὐδὲν ἐςιν ὃ ἅμα τὰ ἐαντία πιδέχεται. καὶ αὐτὰ ἅπερ ἐςὶν ἑτέρων εἶναι λέγεται καὶ οὐκ ἄλλο τι' ἡ"
tlg001,6,λευκὴ,λευκὴ,1,8,265,False,"μὲν τῶν ἐναντίων δοκεῖ εἶναι, ἀλλ' ἔτι ε ἅμα νοσεῖ καὶ τοιαῦτα. ἔςι δὲ καὶ τὰ τοιαῦτα τῶν πρός τι οἷον ἕξις, διά ⏎ ὑγιαίνει, ἀλλ᾽ ἐδὲ λευκὴ καὶ μέλων ἐὶν ἅμε, ἀλλ᾽ οὐδὲ θεσις, αἴσθησις, ἐπιςήμη, θέσις. πάντα γὰρ τὰ εἰρημένα ⏎ τῶν ἄλλων οὐδὲν ἐςιν ὃ ἅμα τὰ ἐαντία πιδέχεται. καὶ αὐτὰ ἅπερ ἐςὶν ἑτέρων εἶναι λέγεται καὶ οὐκ ἄλλο τι' ἡ"
tlg001,6,μέλων,μέλων,1,8,275,False,"μὲν τῶν ἐναντίων δοκεῖ εἶναι, ἀλλ' ἔτι ε ἅμα νοσεῖ καὶ τοιαῦτα. ἔςι δὲ καὶ τὰ τοιαῦτα τῶν πρός τι οἷον ἕξις, διά ⏎ ὑγιαίνει, ἀλλ᾽ ἐδὲ λευκὴ καὶ μέλων ἐὶν ἅμε, ἀλλ᾽ οὐδὲ θεσις, αἴσθησις, ἐπιςήμη, θέσις. πάντα γὰρ τὰ εἰρημένα ⏎ τῶν ἄλλων οὐδὲν ἐςιν ὃ ἅμα τὰ ἐαντία πιδέχεται. καὶ αὐτὰ ἅπερ ἐςὶν ἑτέρων εἶναι λέγεται καὶ οὐκ ἄλλο τι' ἡ"
tlg001,6,ἐὶν,ἐὶν,1,8,281,False,"μὲν τῶν ἐναντίων δοκεῖ εἶναι, ἀλλ' ἔτι ε ἅμα νοσεῖ καὶ τοιαῦτα. ἔςι δὲ καὶ τὰ τοιαῦτα τῶν πρός τι οἷον ἕξις, διά ⏎ ὑγιαίνει, ἀλλ᾽ ἐδὲ λευκὴ καὶ μέλων ἐὶν ἅμε, ἀλλ᾽ οὐδὲ θεσις, αἴσθησις, ἐπιςήμη, θέσις. πάντα γὰρ τὰ εἰρημένα ⏎ τῶν ἄλλων οὐδὲν ἐςιν ὃ ἅμα τὰ ἐαντία πιδέχεται. καὶ αὐτὰ ἅπερ ἐςὶν ἑτέρων εἶναι λέγεται καὶ οὐκ ἄλλο τι' ἡ"
tlg001,6,ἅμε,ἅμε,1,8,285,False,"μὲν τῶν ἐναντίων δοκεῖ εἶναι, ἀλλ' ἔτι ε ἅμα νοσεῖ καὶ τοιαῦτα. ἔςι δὲ καὶ τὰ τοιαῦτα τῶν πρός τι οἷον ἕξις, διά ⏎ ὑγιαίνει, ἀλλ᾽ ἐδὲ λευκὴ καὶ μέλων ἐὶν ἅμε, ἀλλ᾽ οὐδὲ θεσις, αἴσθησις, ἐπιςήμη, θέσις. πάντα γὰρ τὰ εἰρημένα ⏎ τῶν ἄλλων οὐδὲν ἐςιν ὃ ἅμα τὰ ἐαντία πιδέχεται. καὶ αὐτὰ ἅπερ ἐςὶν ἑτέρων εἶναι λέγεται καὶ οὐκ ἄλλο τι' ἡ"
tlg001,6,ἀλλ᾽,ἀλλ᾽,2,8,290,False,"μὲν τῶν ἐναντίων δοκεῖ εἶναι, ἀλλ' ἔτι ε ἅμα νοσεῖ καὶ τοιαῦτα. ἔςι δὲ καὶ τὰ τοιαῦτα τῶν πρός τι οἷον ἕξις, διά ⏎ ὑγιαίνει, ἀλλ᾽ ἐδὲ λευκὴ καὶ μέλων ἐὶν ἅμε, ἀλλ᾽ οὐδὲ θεσις, αἴσθησις, ἐπιςήμη, θέσις. πάντα γὰρ τὰ εἰρημένα ⏎ τῶν ἄλλων οὐδὲν ἐςιν ὃ ἅμα τὰ ἐαντία πιδέχεται. καὶ αὐτὰ ἅπερ ἐςὶν ἑτέρων εἶναι λέγεται καὶ οὐκ ἄλλο τι' ἡ"
tlg001,6,θεσις,θεσις,1,8,300,False,"μὲν τῶν ἐναντίων δοκεῖ εἶναι, ἀλλ' ἔτι ε ἅμα νοσεῖ καὶ τοιαῦτα. ἔςι δὲ καὶ τὰ τοιαῦτα τῶν πρός τι οἷον ἕξις, διά ⏎ ὑγιαίνει, ἀλλ᾽ ἐδὲ λευκὴ καὶ μέλων ἐὶν ἅμε, ἀλλ᾽ οὐδὲ θεσις, αἴσθησις, ἐπιςήμη, θέσις. πάντα γὰρ τὰ εἰρημένα ⏎ τῶν ἄλλων οὐδὲν ἐςιν ὃ ἅμα τὰ ἐαντία πιδέχεται. καὶ αὐτὰ ἅπερ ἐςὶν ἑτέρων εἶναι λέγεται καὶ οὐκ ἄλλο τι' ἡ"
tlg001,6,ἐαντία,ἐαντία,1,9,385,False,"ὑγιαίνει, ἀλλ᾽ ἐδὲ λευκὴ καὶ μέλων ἐὶν ἅμε, ἀλλ᾽ οὐδὲ θεσις, αἴσθησις, ἐπιςήμη, θέσις. πάντα γὰρ τὰ εἰρημένα ⏎ τῶν ἄλλων οὐδὲν ἐςιν ὃ ἅμα τὰ ἐαντία πιδέχεται. καὶ αὐτὰ ἅπερ ἐςὶν ἑτέρων εἶναι λέγεται καὶ οὐκ ἄλλο τι' ἡ ⏎ αὐτὰ δ᾽ ἑαυτοῖς συμβαίνει ἐναντία εἶναι εἰ γάρ ἐςι τὸ 5 γὰρ ἕξις τινὸς ἕξις λέγεται καὶ ἡ ἐπιστήμη τινὸς ἐπιςήμη"
tlg001,6,πιδέχεται,πιδέχεται,1,9,392,False,"ὑγιαίνει, ἀλλ᾽ ἐδὲ λευκὴ καὶ μέλων ἐὶν ἅμε, ἀλλ᾽ οὐδὲ θεσις, αἴσθησις, ἐπιςήμη, θέσις. πάντα γὰρ τὰ εἰρημένα ⏎ τῶν ἄλλων οὐδὲν ἐςιν ὃ ἅμα τὰ ἐαντία πιδέχεται. καὶ αὐτὰ ἅπερ ἐςὶν ἑτέρων εἶναι λέγεται καὶ οὐκ ἄλλο τι' ἡ ⏎ αὐτὰ δ᾽ ἑαυτοῖς συμβαίνει ἐναντία εἶναι εἰ γάρ ἐςι τὸ 5 γὰρ ἕξις τινὸς ἕξις λέγεται καὶ ἡ ἐπιστήμη τινὸς ἐπιςήμη"
tlg001,6,δ᾽,δ᾽,1,10,467,False,"τῶν ἄλλων οὐδὲν ἐςιν ὃ ἅμα τὰ ἐαντία πιδέχεται. καὶ αὐτὰ ἅπερ ἐςὶν ἑτέρων εἶναι λέγεται καὶ οὐκ ἄλλο τι' ἡ ⏎ αὐτὰ δ᾽ ἑαυτοῖς συμβαίνει ἐναντία εἶναι εἰ γάρ ἐςι τὸ 5 γὰρ ἕξις τινὸς ἕξις λέγεται καὶ ἡ ἐπιστήμη τινὸς ἐπιςήμη ⏎ μέγα τῷ μικρῷ ἐναντίον, τὸ δ' αὖ ἐςιν ἅμα μέγα καὶ καὶ ἡ θέσις τινὸς θέσις, καὶ τὰ ἄλλὰ δὲ ὡσαύτως. πρός τι"
tlg001,6,αὖ,αὖ,1,11,605,False,"αὐτὰ δ᾽ ἑαυτοῖς συμβαίνει ἐναντία εἶναι εἰ γάρ ἐςι τὸ 5 γὰρ ἕξις τινὸς ἕξις λέγεται καὶ ἡ ἐπιστήμη τινὸς ἐπιςήμη ⏎ μέγα τῷ μικρῷ ἐναντίον, τὸ δ' αὖ ἐςιν ἅμα μέγα καὶ καὶ ἡ θέσις τινὸς θέσις, καὶ τὰ ἄλλὰ δὲ ὡσαύτως. πρός τι ⏎ μικρόν, αὐτὸ ἑαυτῷ εἴη ἂν ἐπὶ τον, ἀλλὰ τῶν ἀδυνάτων ἦν ἐςὶν ὅσα αὐτὰ ἅπερ ἐςὶν ἑτέρων εἶναι λέγεται, ἢ ὅπως"
tlg001,6,ἄλλὰ,ἄλλὰ,1,11,658,False,"αὐτὰ δ᾽ ἑαυτοῖς συμβαίνει ἐναντία εἶναι εἰ γάρ ἐςι τὸ 5 γὰρ ἕξις τινὸς ἕξις λέγεται καὶ ἡ ἐπιστήμη τινὸς ἐπιςήμη ⏎ μέγα τῷ μικρῷ ἐναντίον, τὸ δ' αὖ ἐςιν ἅμα μέγα καὶ καὶ ἡ θέσις τινὸς θέσις, καὶ τὰ ἄλλὰ δὲ ὡσαύτως. πρός τι ⏎ μικρόν, αὐτὸ ἑαυτῷ εἴη ἂν ἐπὶ τον, ἀλλὰ τῶν ἀδυνάτων ἦν ἐςὶν ὅσα αὐτὰ ἅπερ ἐςὶν ἑτέρων εἶναι λέγεται, ἢ ὅπως"
tlg001,6,τον,τον,1,12,713,False,"μέγα τῷ μικρῷ ἐναντίον, τὸ δ' αὖ ἐςιν ἅμα μέγα καὶ καὶ ἡ θέσις τινὸς θέσις, καὶ τὰ ἄλλὰ δὲ ὡσαύτως. πρός τι ⏎ μικρόν, αὐτὸ ἑαυτῷ εἴη ἂν ἐπὶ τον, ἀλλὰ τῶν ἀδυνάτων ἦν ἐςὶν ὅσα αὐτὰ ἅπερ ἐςὶν ἑτέρων εἶναι λέγεται, ἢ ὅπως ⏎ ἐςὶν αὐτὸ ἑαυτῷ εἶναι τι εντίον. οὐκ ἔσιν ἄρα τὸ μέγα σῖν ἄλλως πρὸς ἕτερον, οἷον ὄρος μέγα λέγεται πρὸς ἕτερον"
tlg001,6,ἦν,ἦν,1,12,736,False,"μέγα τῷ μικρῷ ἐναντίον, τὸ δ' αὖ ἐςιν ἅμα μέγα καὶ καὶ ἡ θέσις τινὸς θέσις, καὶ τὰ ἄλλὰ δὲ ὡσαύτως. πρός τι ⏎ μικρόν, αὐτὸ ἑαυτῷ εἴη ἂν ἐπὶ τον, ἀλλὰ τῶν ἀδυνάτων ἦν ἐςὶν ὅσα αὐτὰ ἅπερ ἐςὶν ἑτέρων εἶναι λέγεται, ἢ ὅπως ⏎ ἐςὶν αὐτὸ ἑαυτῷ εἶναι τι εντίον. οὐκ ἔσιν ἄρα τὸ μέγα σῖν ἄλλως πρὸς ἕτερον, οἷον ὄρος μέγα λέγεται πρὸς ἕτερον"
tlg001,6,ὅπως,ὅπως,1,12,787,False,"μέγα τῷ μικρῷ ἐναντίον, τὸ δ' αὖ ἐςιν ἅμα μέγα καὶ καὶ ἡ θέσις τινὸς θέσις, καὶ τὰ ἄλλὰ δὲ ὡσαύτως. πρός τι ⏎ μικρόν, αὐτὸ ἑαυτῷ εἴη ἂν ἐπὶ τον, ἀλλὰ τῶν ἀδυνάτων ἦν ἐςὶν ὅσα αὐτὰ ἅπερ ἐςὶν ἑτέρων εἶναι λέγεται, ἢ ὅπως ⏎ ἐςὶν αὐτὸ ἑαυτῷ εἶναι τι εντίον. οὐκ ἔσιν ἄρα τὸ μέγα σῖν ἄλλως πρὸς ἕτερον, οἷον ὄρος μέγα λέγεται πρὸς ἕτερον"
tlg001,6,εντίον,εντίον,1,13,817,False,"μικρόν, αὐτὸ ἑαυτῷ εἴη ἂν ἐπὶ τον, ἀλλὰ τῶν ἀδυνάτων ἦν ἐςὶν ὅσα αὐτὰ ἅπερ ἐςὶν ἑτέρων εἶναι λέγεται, ἢ ὅπως ⏎ ἐςὶν αὐτὸ ἑαυτῷ εἶναι τι εντίον. οὐκ ἔσιν ἄρα τὸ μέγα σῖν ἄλλως πρὸς ἕτερον, οἷον ὄρος μέγα λέγεται πρὸς ἕτερον ⏎ τῷ μικρῷ ἐναντίον, καὶ τὸ πολὺ τῷ ὀλίγῳ, ὥστε εἰ καὶ πρός τι γὰρ μέγα λέγεται τὸ ὄρος· καὶ τὸ ὅμοιον τινὶ ὅμοιον"
tlg001,6,ἔσιν,ἔσιν,1,13,829,False,"μικρόν, αὐτὸ ἑαυτῷ εἴη ἂν ἐπὶ τον, ἀλλὰ τῶν ἀδυνάτων ἦν ἐςὶν ὅσα αὐτὰ ἅπερ ἐςὶν ἑτέρων εἶναι λέγεται, ἢ ὅπως ⏎ ἐςὶν αὐτὸ ἑαυτῷ εἶναι τι εντίον. οὐκ ἔσιν ἄρα τὸ μέγα σῖν ἄλλως πρὸς ἕτερον, οἷον ὄρος μέγα λέγεται πρὸς ἕτερον ⏎ τῷ μικρῷ ἐναντίον, καὶ τὸ πολὺ τῷ ὀλίγῳ, ὥστε εἰ καὶ πρός τι γὰρ μέγα λέγεται τὸ ὄρος· καὶ τὸ ὅμοιον τινὶ ὅμοιον"
tlg001,6,σῖν,σῖν,1,13,846,False,"μικρόν, αὐτὸ ἑαυτῷ εἴη ἂν ἐπὶ τον, ἀλλὰ τῶν ἀδυνάτων ἦν ἐςὶν ὅσα αὐτὰ ἅπερ ἐςὶν ἑτέρων εἶναι λέγεται, ἢ ὅπως ⏎ ἐςὶν αὐτὸ ἑαυτῷ εἶναι τι εντίον. οὐκ ἔσιν ἄρα τὸ μέγα σῖν ἄλλως πρὸς ἕτερον, οἷον ὄρος μέγα λέγεται πρὸς ἕτερον ⏎ τῷ μικρῷ ἐναντίον, καὶ τὸ πολὺ τῷ ὀλίγῳ, ὥστε εἰ καὶ πρός τι γὰρ μέγα λέγεται τὸ ὄρος· καὶ τὸ ὅμοιον τινὶ ὅμοιον"
tlg001,6,αὐτά,αὐτά,1,16,1032,False,"μὴ τῶν πρός τι ⏎ αὐτά τις ἐρεῖ ἀλλὰ τοῦ ποσοῦ, οὐδὲν λέγεται, καὶ τὰ ἄλλα δὲ τὰ τοιαῦτα· ὡσαύτως πρός τι λέ ⏎ ἐναντίον ἕξει"
tlg001,6,λέ,λέ,1,16,1120,False,"μὴ τῶν πρός τι ⏎ αὐτά τις ἐρεῖ ἀλλὰ τοῦ ποσοῦ, οὐδὲν λέγεται, καὶ τὰ ἄλλα δὲ τὰ τοιαῦτα· ὡσαύτως πρός τι λέ ⏎ ἐναντίον ἕξει"
tlg001,6,γεται,γεται,1,18,1137,False,"ἐναντίον ἕξει ⏎ γεται. ἔτι δὲ καὶ ἡ ἀνάκλισις καὶ ἡ στάσις καὶ ἡ καθέ ⏎ δρα θέσεις τινές, ἡ δὲ θέσις τῶν πρός τι. τὸ δὲ ἀνακεῖσθαι"
tlg001,6,καθέ,καθέ,1,18,1186,False,"ἐναντίον ἕξει ⏎ γεται. ἔτι δὲ καὶ ἡ ἀνάκλισις καὶ ἡ στάσις καὶ ἡ καθέ ⏎ δρα θέσεις τινές, ἡ δὲ θέσις τῶν πρός τι. τὸ δὲ ἀνακεῖσθαι"
tlg001,6,δρα,δρα,1,19,1191,False,"γεται. ἔτι δὲ καὶ ἡ ἀνάκλισις καὶ ἡ στάσις καὶ ἡ καθέ ⏎ δρα θέσεις τινές, ἡ δὲ θέσις τῶν πρός τι. τὸ δὲ ἀνακεῖσθαι ⏎ ἢ ἑςάναι ἢ καθῆσθαι αὐτὰ μὲν οὐκ εἰσὶ θέσεις, παρωνύ"
tlg001,6,εἰσὶ,εἰσὶ,1,20,1283,False,"δρα θέσεις τινές, ἡ δὲ θέσις τῶν πρός τι. τὸ δὲ ἀνακεῖσθαι ⏎ ἢ ἑςάναι ἢ καθῆσθαι αὐτὰ μὲν οὐκ εἰσὶ θέσεις, παρωνύ ⏎ μως δὲ ἀπὸ τῶν εἰρημένων θέσεων λέγεται."
tlg001,6,παρωνύ,παρωνύ,1,20,1296,False,"δρα θέσεις τινές, ἡ δὲ θέσις τῶν πρός τι. τὸ δὲ ἀνακεῖσθαι ⏎ ἢ ἑςάναι ἢ καθῆσθαι αὐτὰ μὲν οὐκ εἰσὶ θέσεις, παρωνύ ⏎ μως δὲ ἀπὸ τῶν εἰρημένων θέσεων λέγεται."
tlg001,6,μως,μως,1,21,1303,False,"ἢ ἑςάναι ἢ καθῆσθαι αὐτὰ μὲν οὐκ εἰσὶ θέσεις, παρωνύ ⏎ μως δὲ ἀπὸ τῶν εἰρημένων θέσεων λέγεται. ⏎ 10"
tlg001,6,μαλιστα,μαλιστα,1,23,1347,False,"10 ⏎ Μαλιστα δὲ ἡ ἐναντιότης τοῦ ποσοῦ περὶ τὸν τόπον ⏎ δικα ὑπάρχειν. τὸ γὰρ ἄνω τῷ κάτω ἐναντίον τιθέασι, τὴν"
tlg001,6,δικα,δικα,1,24,1396,False,"Μαλιστα δὲ ἡ ἐναντιότης τοῦ ποσοῦ περὶ τὸν τόπον ⏎ δικα ὑπάρχειν. τὸ γὰρ ἄνω τῷ κάτω ἐναντίον τιθέασι, τὴν ⏎ πρὸς τὸ μέσον χώραν κάτω λέγοντες· διὰ τὸ πλείςην τῷ"
tlg001,6,τιθέασι,τιθέασι,1,24,1439,False,"Μαλιστα δὲ ἡ ἐναντιότης τοῦ ποσοῦ περὶ τὸν τόπον ⏎ δικα ὑπάρχειν. τὸ γὰρ ἄνω τῷ κάτω ἐναντίον τιθέασι, τὴν ⏎ πρὸς τὸ μέσον χώραν κάτω λέγοντες· διὰ τὸ πλείςην τῷ"
tlg001,6,ἐοίκασι,ἐοίκασι,1,26,1551,False,πρὸς τὸ μέσον χώραν κάτω λέγοντες· διὰ τὸ πλείςην τῷ ⏎ μέσῳ διάςασιν πρὸς τὰ πέρατα τοῦ κόσμου εἶναι ἐοίκασι 15 ⏎ δὲ καὶ τὸν τῶν ἄλλων ἐναντίων ὁρισμὸν ἀπὸ τούτων ἐπιτ
tlg001,6,ἐπιτ,ἐπιτ,1,27,1611,False,μέσῳ διάςασιν πρὸς τὰ πέρατα τοῦ κόσμου εἶναι ἐοίκασι 15 ⏎ δὲ καὶ τὸν τῶν ἄλλων ἐναντίων ὁρισμὸν ἀπὸ τούτων ἐπιτ ⏎ φέρειν· τὰ γὰρ πλεῖςον ἀλλήλων διεςηκότα τῶν ἐν τῷ
tlg001,6,φέρειν,φέρειν,1,28,1616,False,δὲ καὶ τὸν τῶν ἄλλων ἐναντίων ὁρισμὸν ἀπὸ τούτων ἐπιτ ⏎ φέρειν· τὰ γὰρ πλεῖςον ἀλλήλων διεςηκότα τῶν ἐν τῷ ⏎ αὐτῷ γένει ἐναντία ὁρίζονται.
tlg001,6,οὐδ᾽,οὐδ᾽,1,33,1815,False,"ἧττον, οἷον τὸ δίπηχυ· οὐ γάρ ἐςιν ἕτερον ἑτέρου μᾶλλον 20 ⏎ δίπηχυ. οὐδ᾽ ἐπὶ τὸ ἀριθμοῦ, οἷον τα τρία τῶν πέντε ἐδὲν ⏎ μᾶλλον τὰ τρία, οὐδὲ τὰ πέντε τῶν τριῶν. οὐδὲ χρόνος"
tlg001,6,ἀριθμοῦ,ἀριθμοῦ,1,33,1827,False,"ἧττον, οἷον τὸ δίπηχυ· οὐ γάρ ἐςιν ἕτερον ἑτέρου μᾶλλον 20 ⏎ δίπηχυ. οὐδ᾽ ἐπὶ τὸ ἀριθμοῦ, οἷον τα τρία τῶν πέντε ἐδὲν ⏎ μᾶλλον τὰ τρία, οὐδὲ τὰ πέντε τῶν τριῶν. οὐδὲ χρόνος"
tlg001,6,τα,τα,1,33,1841,False,"ἧττον, οἷον τὸ δίπηχυ· οὐ γάρ ἐςιν ἕτερον ἑτέρου μᾶλλον 20 ⏎ δίπηχυ. οὐδ᾽ ἐπὶ τὸ ἀριθμοῦ, οἷον τα τρία τῶν πέντε ἐδὲν ⏎ μᾶλλον τὰ τρία, οὐδὲ τὰ πέντε τῶν τριῶν. οὐδὲ χρόνος"
tlg001,6,οὐδ᾽,οὐδ᾽,2,35,1960,False,"μᾶλλον τὰ τρία, οὐδὲ τὰ πέντε τῶν τριῶν. οὐδὲ χρόνος ⏎ ἕτερος ἑτέρου μᾶλλον χρόνος εἶναι λέγεται. οὐδ᾽ ἐπὶ τῶν ⏎ εἰρημένων ὅλως ἐδενὸς τὸ μᾶλλον καὶ τὸ ἧττον λέγεται. ὥςε"
tlg001,6,ἔκαστον,ἔκαςον,1,39,2140,False,"Ἴδιον δὲ μάλιςα τοῦ ποσοῦ τὸ ἴσον τε καὶ ἄνισον ⏎ λέγεσθαι. ἔκαςον γὰρ τῶν εἰρημένων ποσῶν ἴσον τε καὶ ⏎ ἄνισον λέγεται, οἷον σῶμα καὶ ἴσον καὶ ἄνισον λέγεται,"
tlg001,6,μή,μή,1,43,2366,False,"ἄλλων τῶν ῥηθέντων ἕκαστον ἴσον τε καὶ ἄνισον λέγεται. ⏎ τῶν δὲ λοιπῶν ὅσα μή ἐςι ποσά, οὐ πάνυ ἂν δόξαι ἴσα ⏎ τε καὶ ἄνισα λέγεσθαι, οἷον ἡ διάθεσις ἐ πάνυ. ἴση τε καὶ"
tlg001,6,ἀλλ᾽,ἀλλ᾽,3,46,2535,False,"ἄνισος λέγεται, ἀλλὰ μᾶλλον ὁμοία, καὶ τὸ λευκὸν ἴσον ⏎ τε καὶ ἄνισον οὐ πάνυ, ἀλλ᾽ ὅμοιον. ὥστε τοῦ ποσοῦ μά- ⏎ λιςα ἂν εἴη ἴδιον τὸ ἴσον τε καὶ ἄνισον λέγεσθαι."
tlg001,6,τοῦθ᾽,τοῦθ᾽,1,50,2733,False,"ἑτέρων εἶναι λέγεται, ἢ ὁπωσοῦν ἄλλως πρὸς ἕτερον, οἷον ⏎ τὸ μεῖζον τοῦθ᾽ ὅπερ ἐςὶν ἑτέρα λέγεται· τινὸς γὰρ λέγεται ⏎ μεῖζον· καὶ τὸ διπλάσιον τῦθ᾽ ὅπερ ἐςὶν ἑτέρου λέγεται"
tlg001,6,ἑτέρα,ἑτέρα,1,50,2749,False,"ἑτέρων εἶναι λέγεται, ἢ ὁπωσοῦν ἄλλως πρὸς ἕτερον, οἷον ⏎ τὸ μεῖζον τοῦθ᾽ ὅπερ ἐςὶν ἑτέρα λέγεται· τινὸς γὰρ λέγεται ⏎ μεῖζον· καὶ τὸ διπλάσιον τῦθ᾽ ὅπερ ἐςὶν ἑτέρου λέγεται"
tlg001,6,τῦθ᾽,τῦθ᾽,1,51,2807,False,τὸ μεῖζον τοῦθ᾽ ὅπερ ἐςὶν ἑτέρα λέγεται· τινὸς γὰρ λέγεται ⏎ μεῖζον· καὶ τὸ διπλάσιον τῦθ᾽ ὅπερ ἐςὶν ἑτέρου λέγεται ⏎ 25
tlg001,6,ἐπί,ἐπί,1,55,2942,False,"Ὑπάρχει δὲ καὶ ἐναντιότης ἐν τοῖς πρός τι, οἷον ⏎ ἀρετὴ κακίᾳ ἐναντίον, ἑκάτερον ὂν τῶν πρός τι, καὶ ἐπί ⏎ ζήμη ἀγνοίᾳ. οὐ πᾶσι δὲ τοῖς πρός τι ὑπάρχει τὸ ἐναν"
tlg001,6,ζήμη,ζήμη,1,56,2946,False,"ἀρετὴ κακίᾳ ἐναντίον, ἑκάτερον ὂν τῶν πρός τι, καὶ ἐπί ⏎ ζήμη ἀγνοίᾳ. οὐ πᾶσι δὲ τοῖς πρός τι ὑπάρχει τὸ ἐναν ⏎ τίον· τῷ γὰρ διπλασίῳ οὐδέν ἐςιν ἐναντίον, οὐδὲ τῷ τρι"
tlg001,6,ἐναν,ἐναν,1,56,2994,False,"ἀρετὴ κακίᾳ ἐναντίον, ἑκάτερον ὂν τῶν πρός τι, καὶ ἐπί ⏎ ζήμη ἀγνοίᾳ. οὐ πᾶσι δὲ τοῖς πρός τι ὑπάρχει τὸ ἐναν ⏎ τίον· τῷ γὰρ διπλασίῳ οὐδέν ἐςιν ἐναντίον, οὐδὲ τῷ τρι"
tlg001,6,τίον,τίον,1,57,2999,False,"ζήμη ἀγνοίᾳ. οὐ πᾶσι δὲ τοῖς πρός τι ὑπάρχει τὸ ἐναν ⏎ τίον· τῷ γὰρ διπλασίῳ οὐδέν ἐςιν ἐναντίον, οὐδὲ τῷ τρι ⏎ πλασίῳ, οὐδὲ τῶν τοιούτων οὐδενί."
tlg001,6,τρι,τρι,1,57,3050,False,"ζήμη ἀγνοίᾳ. οὐ πᾶσι δὲ τοῖς πρός τι ὑπάρχει τὸ ἐναν ⏎ τίον· τῷ γὰρ διπλασίῳ οὐδέν ἐςιν ἐναντίον, οὐδὲ τῷ τρι ⏎ πλασίῳ, οὐδὲ τῶν τοιούτων οὐδενί."
tlg001,6,πλασίῳ,πλασίῳ,1,58,3054,False,"τίον· τῷ γὰρ διπλασίῳ οὐδέν ἐςιν ἐναντίον, οὐδὲ τῷ τρι ⏎ πλασίῳ, οὐδὲ τῶν τοιούτων οὐδενί. ⏎ ."
tlg001,6,ἄνισαν,ἄνισαν,1,62,3215,False,"τὰ πρός τι· ὅμοιον γὰρ καὶ ἀνόμοιον μᾶλλον καὶ ἧττον ⏎ λέγεται, καὶ ἴσον καὶ ἄνισαν μᾶλλον καὶ ἧττον λέγεται, ⏎ ἑκάτερον αὐτῶν πρός τι ὅν· τό τε γὰρ ὅμοιον τινὶ ὅμοιον"
tlg001,6,ὅν,ὅν,1,63,3271,False,"λέγεται, καὶ ἴσον καὶ ἄνισαν μᾶλλον καὶ ἧττον λέγεται, ⏎ ἑκάτερον αὐτῶν πρός τι ὅν· τό τε γὰρ ὅμοιον τινὶ ὅμοιον ⏎ λέγεται καὶ τὸ ἀνόμοιον τινὶ ἀνόμοιον. οὐ πάντα δὲ τὰ"
tlg001,6,διπλά,διπλά,1,65,3405,False,"λέγεται καὶ τὸ ἀνόμοιον τινὶ ἀνόμοιον. οὐ πάντα δὲ τὰ ⏎ πρός τι ἐπιδέχεται τὸ μᾶλλον καὶ ἧττον· τὸ γὰρ διπλά ⏎ σιον οὐ λέγεται μᾶλλον καὶ ἧττον διπλάσιον, οὐδὲ τῶν"
tlg001,6,σιον,σιον,1,66,3411,False,"πρός τι ἐπιδέχεται τὸ μᾶλλον καὶ ἧττον· τὸ γὰρ διπλά ⏎ σιον οὐ λέγεται μᾶλλον καὶ ἧττον διπλάσιον, οὐδὲ τῶν ⏎ τοιούτων οὐδέν."
tlg001,6,κα,κα,1,68,3480,False,"τοιούτων οὐδέν. ⏎ κα. Πάντα δὲ τὰ πρός τι πρὸς ἀντιςρέφοντα λέγεται, οἷον ⏎ ὁ δοῦλος δεσπότου δοῦλος λέγεται καὶ ὁ δεσπότης δού"
tlg001,6,δού,δού,1,69,3584,False,"κα. Πάντα δὲ τὰ πρός τι πρὸς ἀντιςρέφοντα λέγεται, οἷον ⏎ ὁ δοῦλος δεσπότου δοῦλος λέγεται καὶ ὁ δεσπότης δού ⏎ λου δεσπότης, καὶ τὸ διπλάσιον ἡμίσεις διπλάσιον καὶ τὸ"
tlg001,6,λου,λου,1,70,3588,False,"ὁ δοῦλος δεσπότου δοῦλος λέγεται καὶ ὁ δεσπότης δού ⏎ λου δεσπότης, καὶ τὸ διπλάσιον ἡμίσεις διπλάσιον καὶ τὸ ⏎ ἥμισυ διπλασίου ἥμισυ, καὶ τὸ μεῖζον ἐλάττονος μεῖζον"
tlg001,6,ἡμίσεις,ἡμίσεις,1,70,3619,False,"ὁ δοῦλος δεσπότου δοῦλος λέγεται καὶ ὁ δεσπότης δού ⏎ λου δεσπότης, καὶ τὸ διπλάσιον ἡμίσεις διπλάσιον καὶ τὸ ⏎ ἥμισυ διπλασίου ἥμισυ, καὶ τὸ μεῖζον ἐλάττονος μεῖζον"
tlg001,6,ἐπισήμῃ,ἐπισήμῃ,1,75,3870,False,"ἡ ἐπιστήμη ἐπιστητοῦ λέγεται ἐπιστήμη καὶ τὸ ἐπιστητὸν ⏎ 35 ἐπισήμῃ ἐπιζητόν, καὶ ἡ αἴσθησις αἰσθητοῦ αἴσθησις καὶ ⏎ τὸ αἰσθητὸν αἰσθήσει αἰσθητόν. οὐ μὴν ἀλλ᾽ ἐνίοτε ἐ δόξει"
tlg001,6,ἐπιζητόν,ἐπιζητόν,1,75,3878,False,"ἡ ἐπιστήμη ἐπιστητοῦ λέγεται ἐπιστήμη καὶ τὸ ἐπιστητὸν ⏎ 35 ἐπισήμῃ ἐπιζητόν, καὶ ἡ αἴσθησις αἰσθητοῦ αἴσθησις καὶ ⏎ τὸ αἰσθητὸν αἰσθήσει αἰσθητόν. οὐ μὴν ἀλλ᾽ ἐνίοτε ἐ δόξει"
tlg001,6,ἀλλ᾽,ἀλλ᾽,4,76,3963,False,"35 ἐπισήμῃ ἐπιζητόν, καὶ ἡ αἴσθησις αἰσθητοῦ αἴσθησις καὶ ⏎ τὸ αἰσθητὸν αἰσθήσει αἰσθητόν. οὐ μὴν ἀλλ᾽ ἐνίοτε ἐ δόξει ⏎ ἀντιστρέφειν, ἐὰν μὴ οἰκείως πρὸς ὁ λέγεται ἀποδοθῇ,"
tlg001,6,β,β,1,80,4157,False,"ὄρνιθος, οὐκ ἀντιστρέφει ὄρνις πτεροῦ. οὐ γὰρ οἰκείως τὸ ⏎ 5. αὐτοῖς Β. || 6. ἅμα] ἅμα καὶ Β. || 7. αὐτὸ] καὶ αὐτὸ Β. || 8. τι om BC. || 14. το] τὴν pr 4. Η 16. ἐναντίον pr 4. || ⏎ 19. καὶ τὸ ἧττον BC. | 22. τὰ] πέντε ή Β, om C. || πέντε] τρία Β. | ἐδὲ] ἐδέ γε Β. Η 27. ποσῶν] ποσῶν καὶ AC. || 29. χρόνος]"
tlg001,6,β,β,2,80,4179,False,"ὄρνιθος, οὐκ ἀντιστρέφει ὄρνις πτεροῦ. οὐ γὰρ οἰκείως τὸ ⏎ 5. αὐτοῖς Β. || 6. ἅμα] ἅμα καὶ Β. || 7. αὐτὸ] καὶ αὐτὸ Β. || 8. τι om BC. || 14. το] τὴν pr 4. Η 16. ἐναντίον pr 4. || ⏎ 19. καὶ τὸ ἧττον BC. | 22. τὰ] πέντε ή Β, om C. || πέντε] τρία Β. | ἐδὲ] ἐδέ γε Β. Η 27. ποσῶν] ποσῶν καὶ AC. || 29. χρόνος]"
tlg001,6,β,β,3,80,4203,False,"ὄρνιθος, οὐκ ἀντιστρέφει ὄρνις πτεροῦ. οὐ γὰρ οἰκείως τὸ ⏎ 5. αὐτοῖς Β. || 6. ἅμα] ἅμα καὶ Β. || 7. αὐτὸ] καὶ αὐτὸ Β. || 8. τι om BC. || 14. το] τὴν pr 4. Η 16. ἐναντίον pr 4. || ⏎ 19. καὶ τὸ ἧττον BC. | 22. τὰ] πέντε ή Β, om C. || πέντε] τρία Β. | ἐδὲ] ἐδέ γε Β. Η 27. ποσῶν] ποσῶν καὶ AC. || 29. χρόνος]"
tlg001,6,το,το,2,80,4229,False,"ὄρνιθος, οὐκ ἀντιστρέφει ὄρνις πτεροῦ. οὐ γὰρ οἰκείως τὸ ⏎ 5. αὐτοῖς Β. || 6. ἅμα] ἅμα καὶ Β. || 7. αὐτὸ] καὶ αὐτὸ Β. || 8. τι om BC. || 14. το] τὴν pr 4. Η 16. ἐναντίον pr 4. || ⏎ 19. καὶ τὸ ἧττον BC. | 22. τὰ] πέντε ή Β, om C. || πέντε] τρία Β. | ἐδὲ] ἐδέ γε Β. Η 27. ποσῶν] ποσῶν καὶ AC. || 29. χρόνος]"
tlg001,6,η,η,1,80,4243,False,"ὄρνιθος, οὐκ ἀντιστρέφει ὄρνις πτεροῦ. οὐ γὰρ οἰκείως τὸ ⏎ 5. αὐτοῖς Β. || 6. ἅμα] ἅμα καὶ Β. || 7. αὐτὸ] καὶ αὐτὸ Β. || 8. τι om BC. || 14. το] τὴν pr 4. Η 16. ἐναντίον pr 4. || ⏎ 19. καὶ τὸ ἧττον BC. | 22. τὰ] πέντε ή Β, om C. || πέντε] τρία Β. | ἐδὲ] ἐδέ γε Β. Η 27. ποσῶν] ποσῶν καὶ AC. || 29. χρόνος]"
tlg001,6,ή,ή,1,81,4304,False,"5. αὐτοῖς Β. || 6. ἅμα] ἅμα καὶ Β. || 7. αὐτὸ] καὶ αὐτὸ Β. || 8. τι om BC. || 14. το] τὴν pr 4. Η 16. ἐναντίον pr 4. || ⏎ 19. καὶ τὸ ἧττον BC. | 22. τὰ] πέντε ή Β, om C. || πέντε] τρία Β. | ἐδὲ] ἐδέ γε Β. Η 27. ποσῶν] ποσῶν καὶ AC. || 29. χρόνος] ⏎ ἀριθμὸς BC. | ἄνισος] ἄνισος λέγεται, καὶ χρόνος καὶ ἴσος καὶ ἄνισος BC. || 31. μή ἐςι] ἐςὶν ἐ C. ‖ ἴσον τε καὶ ἄνισον ABC. || 34. πάνυ]"
tlg001,6,β,β,4,81,4306,False,"5. αὐτοῖς Β. || 6. ἅμα] ἅμα καὶ Β. || 7. αὐτὸ] καὶ αὐτὸ Β. || 8. τι om BC. || 14. το] τὴν pr 4. Η 16. ἐναντίον pr 4. || ⏎ 19. καὶ τὸ ἧττον BC. | 22. τὰ] πέντε ή Β, om C. || πέντε] τρία Β. | ἐδὲ] ἐδέ γε Β. Η 27. ποσῶν] ποσῶν καὶ AC. || 29. χρόνος] ⏎ ἀριθμὸς BC. | ἄνισος] ἄνισος λέγεται, καὶ χρόνος καὶ ἴσος καὶ ἄνισος BC. || 31. μή ἐςι] ἐςὶν ἐ C. ‖ ἴσον τε καὶ ἄνισον ABC. || 34. πάνυ]"
tlg001,6,β,β,5,81,4330,False,"5. αὐτοῖς Β. || 6. ἅμα] ἅμα καὶ Β. || 7. αὐτὸ] καὶ αὐτὸ Β. || 8. τι om BC. || 14. το] τὴν pr 4. Η 16. ἐναντίον pr 4. || ⏎ 19. καὶ τὸ ἧττον BC. | 22. τὰ] πέντε ή Β, om C. || πέντε] τρία Β. | ἐδὲ] ἐδέ γε Β. Η 27. ποσῶν] ποσῶν καὶ AC. || 29. χρόνος] ⏎ ἀριθμὸς BC. | ἄνισος] ἄνισος λέγεται, καὶ χρόνος καὶ ἴσος καὶ ἄνισος BC. || 31. μή ἐςι] ἐςὶν ἐ C. ‖ ἴσον τε καὶ ἄνισον ABC. || 34. πάνυ]"
tlg001,6,ἐδέ,ἐδέ,1,81,4340,False,"5. αὐτοῖς Β. || 6. ἅμα] ἅμα καὶ Β. || 7. αὐτὸ] καὶ αὐτὸ Β. || 8. τι om BC. || 14. το] τὴν pr 4. Η 16. ἐναντίον pr 4. || ⏎ 19. καὶ τὸ ἧττον BC. | 22. τὰ] πέντε ή Β, om C. || πέντε] τρία Β. | ἐδὲ] ἐδέ γε Β. Η 27. ποσῶν] ποσῶν καὶ AC. || 29. χρόνος] ⏎ ἀριθμὸς BC. | ἄνισος] ἄνισος λέγεται, καὶ χρόνος καὶ ἴσος καὶ ἄνισος BC. || 31. μή ἐςι] ἐςὶν ἐ C. ‖ ἴσον τε καὶ ἄνισον ABC. || 34. πάνυ]"
tlg001,6,β,β,6,81,4347,False,"5. αὐτοῖς Β. || 6. ἅμα] ἅμα καὶ Β. || 7. αὐτὸ] καὶ αὐτὸ Β. || 8. τι om BC. || 14. το] τὴν pr 4. Η 16. ἐναντίον pr 4. || ⏎ 19. καὶ τὸ ἧττον BC. | 22. τὰ] πέντε ή Β, om C. || πέντε] τρία Β. | ἐδὲ] ἐδέ γε Β. Η 27. ποσῶν] ποσῶν καὶ AC. || 29. χρόνος] ⏎ ἀριθμὸς BC. | ἄνισος] ἄνισος λέγεται, καὶ χρόνος καὶ ἴσος καὶ ἄνισος BC. || 31. μή ἐςι] ἐςὶν ἐ C. ‖ ἴσον τε καὶ ἄνισον ABC. || 34. πάνυ]"
tlg001,6,η,η,2,81,4350,False,"5. αὐτοῖς Β. || 6. ἅμα] ἅμα καὶ Β. || 7. αὐτὸ] καὶ αὐτὸ Β. || 8. τι om BC. || 14. το] τὴν pr 4. Η 16. ἐναντίον pr 4. || ⏎ 19. καὶ τὸ ἧττον BC. | 22. τὰ] πέντε ή Β, om C. || πέντε] τρία Β. | ἐδὲ] ἐδέ γε Β. Η 27. ποσῶν] ποσῶν καὶ AC. || 29. χρόνος] ⏎ ἀριθμὸς BC. | ἄνισος] ἄνισος λέγεται, καὶ χρόνος καὶ ἴσος καὶ ἄνισος BC. || 31. μή ἐςι] ἐςὶν ἐ C. ‖ ἴσον τε καὶ ἄνισον ABC. || 34. πάνυ]"
tlg001,6,μή,μή,2,82,4472,False,"19. καὶ τὸ ἧττον BC. | 22. τὰ] πέντε ή Β, om C. || πέντε] τρία Β. | ἐδὲ] ἐδέ γε Β. Η 27. ποσῶν] ποσῶν καὶ AC. || 29. χρόνος] ⏎ ἀριθμὸς BC. | ἄνισος] ἄνισος λέγεται, καὶ χρόνος καὶ ἴσος καὶ ἄνισος BC. || 31. μή ἐςι] ἐςὶν ἐ C. ‖ ἴσον τε καὶ ἄνισον ABC. || 34. πάνυ] ⏎ πάνυ λέγεται C. || 38. τινὸς] μεῖζον τινὸς ΑΒ."
tlg001,6,αβ,αβ,1,83,4572,False,"ἀριθμὸς BC. | ἄνισος] ἄνισος λέγεται, καὶ χρόνος καὶ ἴσος καὶ ἄνισος BC. || 31. μή ἐςι] ἐςὶν ἐ C. ‖ ἴσον τε καὶ ἄνισον ABC. || 34. πάνυ] ⏎ πάνυ λέγεται C. || 38. τινὸς] μεῖζον τινὸς ΑΒ. ⏎ 11. ἔςι Β. || 12. ἀνακεκλίσθαι corr 4. || 16. ἀρετῆ κακία C. || 19. ἐδενί] τινί C. || 24. ἀνόμοιον τινὶ ἀνόμοιον] ἄνισον τινὶ ἄνισον Β, ἀνόμοιον τιν ἀνότα"
tlg001,6,β,β,7,84,4584,False,"πάνυ λέγεται C. || 38. τινὸς] μεῖζον τινὸς ΑΒ. ⏎ 11. ἔςι Β. || 12. ἀνακεκλίσθαι corr 4. || 16. ἀρετῆ κακία C. || 19. ἐδενί] τινί C. || 24. ἀνόμοιον τινὶ ἀνόμοιον] ἄνισον τινὶ ἄνισον Β, ἀνόμοιον τιν ἀνότα ⏎ μοιαν καὶ τὸ ἄνισον τιν ἄνισον C. || τὰ πρός τι om 4. || 25. καὶ τὸ ἧττον C. || 26. ἐκ ἐπιδέχεται τὸ μᾶλλον καὶ (τὸ C) ἧττον, ἐδὲ AC. II 30. ἡμίσεως BC."
tlg001,6,ἀρετῆ,ἀρετῆ,1,84,4622,False,"πάνυ λέγεται C. || 38. τινὸς] μεῖζον τινὸς ΑΒ. ⏎ 11. ἔςι Β. || 12. ἀνακεκλίσθαι corr 4. || 16. ἀρετῆ κακία C. || 19. ἐδενί] τινί C. || 24. ἀνόμοιον τινὶ ἀνόμοιον] ἄνισον τινὶ ἄνισον Β, ἀνόμοιον τιν ἀνότα ⏎ μοιαν καὶ τὸ ἄνισον τιν ἄνισον C. || τὰ πρός τι om 4. || 25. καὶ τὸ ἧττον C. || 26. ἐκ ἐπιδέχεται τὸ μᾶλλον καὶ (τὸ C) ἧττον, ἐδὲ AC. II 30. ἡμίσεως BC."
tlg001,6,τινί,τινί,1,84,4651,False,"πάνυ λέγεται C. || 38. τινὸς] μεῖζον τινὸς ΑΒ. ⏎ 11. ἔςι Β. || 12. ἀνακεκλίσθαι corr 4. || 16. ἀρετῆ κακία C. || 19. ἐδενί] τινί C. || 24. ἀνόμοιον τινὶ ἀνόμοιον] ἄνισον τινὶ ἄνισον Β, ἀνόμοιον τιν ἀνότα ⏎ μοιαν καὶ τὸ ἄνισον τιν ἄνισον C. || τὰ πρός τι om 4. || 25. καὶ τὸ ἧττον C. || 26. ἐκ ἐπιδέχεται τὸ μᾶλλον καὶ (τὸ C) ἧττον, ἐδὲ AC. II 30. ἡμίσεως BC."
tlg001,6,β,β,8,84,4709,False,"πάνυ λέγεται C. || 38. τινὸς] μεῖζον τινὸς ΑΒ. ⏎ 11. ἔςι Β. || 12. ἀνακεκλίσθαι corr 4. || 16. ἀρετῆ κακία C. || 19. ἐδενί] τινί C. || 24. ἀνόμοιον τινὶ ἀνόμοιον] ἄνισον τινὶ ἄνισον Β, ἀνόμοιον τιν ἀνότα ⏎ μοιαν καὶ τὸ ἄνισον τιν ἄνισον C. || τὰ πρός τι om 4. || 25. καὶ τὸ ἧττον C. || 26. ἐκ ἐπιδέχεται τὸ μᾶλλον καὶ (τὸ C) ἧττον, ἐδὲ AC. II 30. ἡμίσεως BC."
tlg001,6,τιν,τιν,1,84,4721,False,"πάνυ λέγεται C. || 38. τινὸς] μεῖζον τινὸς ΑΒ. ⏎ 11. ἔςι Β. || 12. ἀνακεκλίσθαι corr 4. || 16. ἀρετῆ κακία C. || 19. ἐδενί] τινί C. || 24. ἀνόμοιον τινὶ ἀνόμοιον] ἄνισον τινὶ ἄνισον Β, ἀνόμοιον τιν ἀνότα ⏎ μοιαν καὶ τὸ ἄνισον τιν ἄνισον C. || τὰ πρός τι om 4. || 25. καὶ τὸ ἧττον C. || 26. ἐκ ἐπιδέχεται τὸ μᾶλλον καὶ (τὸ C) ἧττον, ἐδὲ AC. II 30. ἡμίσεως BC."
tlg001,6,ἀνότα,ἀνότα,1,84,4725,False,"πάνυ λέγεται C. || 38. τινὸς] μεῖζον τινὸς ΑΒ. ⏎ 11. ἔςι Β. || 12. ἀνακεκλίσθαι corr 4. || 16. ἀρετῆ κακία C. || 19. ἐδενί] τινί C. || 24. ἀνόμοιον τινὶ ἀνόμοιον] ἄνισον τινὶ ἄνισον Β, ἀνόμοιον τιν ἀνότα ⏎ μοιαν καὶ τὸ ἄνισον τιν ἄνισον C. || τὰ πρός τι om 4. || 25. καὶ τὸ ἧττον C. || 26. ἐκ ἐπιδέχεται τὸ μᾶλλον καὶ (τὸ C) ἧττον, ἐδὲ AC. II 30. ἡμίσεως BC."
tlg001,6,μοιαν,μοιαν,1,85,4731,False,"11. ἔςι Β. || 12. ἀνακεκλίσθαι corr 4. || 16. ἀρετῆ κακία C. || 19. ἐδενί] τινί C. || 24. ἀνόμοιον τινὶ ἀνόμοιον] ἄνισον τινὶ ἄνισον Β, ἀνόμοιον τιν ἀνότα ⏎ μοιαν καὶ τὸ ἄνισον τιν ἄνισον C. || τὰ πρός τι om 4. || 25. καὶ τὸ ἧττον C. || 26. ἐκ ἐπιδέχεται τὸ μᾶλλον καὶ (τὸ C) ἧττον, ἐδὲ AC. II 30. ἡμίσεως BC."
tlg001,6,τιν,τιν,2,85,4751,False,"11. ἔςι Β. || 12. ἀνακεκλίσθαι corr 4. || 16. ἀρετῆ κακία C. || 19. ἐδενί] τινί C. || 24. ἀνόμοιον τινὶ ἀνόμοιον] ἄνισον τινὶ ἄνισον Β, ἀνόμοιον τιν ἀνότα ⏎ μοιαν καὶ τὸ ἄνισον τιν ἄνισον C. || τὰ πρός τι om 4. || 25. καὶ τὸ ἧττον C. || 26. ἐκ ἐπιδέχεται τὸ μᾶλλον καὶ (τὸ C) ἧττον, ἐδὲ AC. II 30. ἡμίσεως BC."
tlg001,7,κατηγοριαι,κατηγοριαι,1,1,0,False,ΚΑΤΗΓΟΡΙΑΙ. ⏎ 7
tlg001,7,αντ,αντ,1,3,14,False,"7 ⏎ αντ ⏎ """
tlg001,7,λέγε,λέγε,1,8,75,False,"1 ⏎ γεται, ἐὰν δέ γε μὴ οἰκείως ἀποδοθῇ πρὸς ὅ ποτε λέγε ⏎ ται, περιαιρουμένων μὲν τῶν ἄλλων, καταλειπομένου δὲ"
tlg001,7,ται,ται,1,9,80,False,"γεται, ἐὰν δέ γε μὴ οἰκείως ἀποδοθῇ πρὸς ὅ ποτε λέγε ⏎ ται, περιαιρουμένων μὲν τῶν ἄλλων, καταλειπομένου δὲ ⏎ μόνου τοῦ πρὸς ὁ ἀπεδόθη, οὐ ῥηθήσεται πρὸς αὐτό, ἀπο-"
tlg001,7,ὄρνιθός,ὄρνιθός,1,11,232,False,"μόνου τοῦ πρὸς ὁ ἀπεδόθη, οὐ ῥηθήσεται πρὸς αὐτό, ἀπο- ⏎ δεδόσθω γὰρ ὁ δοῦλος ἀνθρώπου καὶ τὸ πτερὸν ὄρνιθός, ⏎ καὶ περιηρήσθω τοῦ ἀνθρώπου τὸ δεσπότην αὐτὸν εἶναι· οὐ"
tlg001,7,περιηρήσθω,περιηρήσθω,1,12,245,False,"δεδόσθω γὰρ ὁ δοῦλος ἀνθρώπου καὶ τὸ πτερὸν ὄρνιθός, ⏎ καὶ περιηρήσθω τοῦ ἀνθρώπου τὸ δεσπότην αὐτὸν εἶναι· οὐ ⏎ γὰρ ἔτι ὁ δοῦλος πρὸς ἄνθρωπον ῥηθήσεται· μὴ γὰρ ὄντος"
tlg001,7,περι,περι,1,14,404,False,γὰρ ἔτι ὁ δοῦλος πρὸς ἄνθρωπον ῥηθήσεται· μὴ γὰρ ὄντος ⏎ δεσπότου οὐδὲ δοῦλός· ἐςιν. ὡσαύτως καὶ τοῦ ὄρνιθος περι ⏎ χρήσθω τὸ πτερωτῷ εἶναι· οὐ γὰρ ἔτι ἔσαι τὸ πτερὸν τῶν
tlg001,7,χρήσθω,χρήσθω,1,15,409,False,δεσπότου οὐδὲ δοῦλός· ἐςιν. ὡσαύτως καὶ τοῦ ὄρνιθος περι ⏎ χρήσθω τὸ πτερωτῷ εἶναι· οὐ γὰρ ἔτι ἔσαι τὸ πτερὸν τῶν ⏎ πρός τι μὴ γὰρ ὄντος πτερωτοῦ οὐδὲ πτερὸν ἔςαι τινός.
tlg001,7,πτερωτῷ,πτερωτῷ,1,15,419,False,δεσπότου οὐδὲ δοῦλός· ἐςιν. ὡσαύτως καὶ τοῦ ὄρνιθος περι ⏎ χρήσθω τὸ πτερωτῷ εἶναι· οὐ γὰρ ἔτι ἔσαι τὸ πτερὸν τῶν ⏎ πρός τι μὴ γὰρ ὄντος πτερωτοῦ οὐδὲ πτερὸν ἔςαι τινός.
tlg001,7,ἔσαι,ἔσαι,1,15,445,False,δεσπότου οὐδὲ δοῦλός· ἐςιν. ὡσαύτως καὶ τοῦ ὄρνιθος περι ⏎ χρήσθω τὸ πτερωτῷ εἶναι· οὐ γὰρ ἔτι ἔσαι τὸ πτερὸν τῶν ⏎ πρός τι μὴ γὰρ ὄντος πτερωτοῦ οὐδὲ πτερὸν ἔςαι τινός.
tlg001,7,καν,καν,1,17,570,False,"πρός τι μὴ γὰρ ὄντος πτερωτοῦ οὐδὲ πτερὸν ἔςαι τινός. ⏎ ὥςε δεῖ μὲν ἀποδιδόναι πρὸς ὅ ποτε οἰκείως λέγεται. καν ⏎ μὲν ὄνομα ᾗ κείμενον, ῥᾳδία ἡ ἀπόδοσις γίνεται μὴ ἔνα"
tlg001,7,ἔνα,ἔνα,1,18,624,False,"ὥςε δεῖ μὲν ἀποδιδόναι πρὸς ὅ ποτε οἰκείως λέγεται. καν ⏎ μὲν ὄνομα ᾗ κείμενον, ῥᾳδία ἡ ἀπόδοσις γίνεται μὴ ἔνα ⏎ τος δὲ ἀναγκαῖον ἴσως ὀνοματοποιεῖν. οὕτω δὲ ἀποδιδο"
tlg001,7,τος,τος,1,19,628,False,"μὲν ὄνομα ᾗ κείμενον, ῥᾳδία ἡ ἀπόδοσις γίνεται μὴ ἔνα ⏎ τος δὲ ἀναγκαῖον ἴσως ὀνοματοποιεῖν. οὕτω δὲ ἀποδιδο ⏎ μένων φανερὸν ὅτι πάντα τα πρός τι πρὸς ἀντιςρέφοντα"
tlg001,7,ἀποδιδο,ἀποδιδο,1,19,673,False,"μὲν ὄνομα ᾗ κείμενον, ῥᾳδία ἡ ἀπόδοσις γίνεται μὴ ἔνα ⏎ τος δὲ ἀναγκαῖον ἴσως ὀνοματοποιεῖν. οὕτω δὲ ἀποδιδο ⏎ μένων φανερὸν ὅτι πάντα τα πρός τι πρὸς ἀντιςρέφοντα"
tlg001,7,μένων,μένων,1,20,681,False,τος δὲ ἀναγκαῖον ἴσως ὀνοματοποιεῖν. οὕτω δὲ ἀποδιδο ⏎ μένων φανερὸν ὅτι πάντα τα πρός τι πρὸς ἀντιςρέφοντα ⏎ λέγεται.
tlg001,7,τα,τα,1,20,705,False,τος δὲ ἀναγκαῖον ἴσως ὀνοματοποιεῖν. οὕτω δὲ ἀποδιδο ⏎ μένων φανερὸν ὅτι πάντα τα πρός τι πρὸς ἀντιςρέφοντα ⏎ λέγεται.
tlg001,7,ὄρεις,ὄρεις,1,22,787,False,"λέγεται. ⏎ πρῶτον ἀποδέδοται πτερὸν ὄρνιθος· οὐ γὰρ τῇ ὄρεις, ταύτη ⏎ τὸ πτερὸν αὐτοῦ λέγεται, ἀλλ᾽ ᾗ πτερωτόν ἐςι πολλῶν"
tlg001,7,ταύτη,ταύτη,1,22,794,False,"λέγεται. ⏎ πρῶτον ἀποδέδοται πτερὸν ὄρνιθος· οὐ γὰρ τῇ ὄρεις, ταύτη ⏎ τὸ πτερὸν αὐτοῦ λέγεται, ἀλλ᾽ ᾗ πτερωτόν ἐςι πολλῶν"
tlg001,7,ἀλλ᾽,ἀλλ᾽,1,23,825,False,"πρῶτον ἀποδέδοται πτερὸν ὄρνιθος· οὐ γὰρ τῇ ὄρεις, ταύτη ⏎ τὸ πτερὸν αὐτοῦ λέγεται, ἀλλ᾽ ᾗ πτερωτόν ἐςι πολλῶν ⏎ γὰρ καὶ ἄλλων πτερά ἐςιν, ἃ οὐκ εἰσὶν ὄρνιθες, ὥςε ἐὰν"
tlg001,7,πτερωτού,πτερωτού,1,25,955,False,"γὰρ καὶ ἄλλων πτερά ἐςιν, ἃ οὐκ εἰσὶν ὄρνιθες, ὥςε ἐὰν ⏎ ἀποδοθῇ οἰκείως, καὶ ἀντιςρέφει, οἷον τὸ πτερὸν πτερωτού ⏎ πτερὸν καὶ τὸ πτερωτὸν πτερῷ πτερωτόν. ἐνίοτε δὲ καὶ ὄνο- 5"
tlg001,7,ὄνο,ὄνο,1,26,1017,False,"ἀποδοθῇ οἰκείως, καὶ ἀντιςρέφει, οἷον τὸ πτερὸν πτερωτού ⏎ πτερὸν καὶ τὸ πτερωτὸν πτερῷ πτερωτόν. ἐνίοτε δὲ καὶ ὄνο- 5 ⏎ ματοποιεῖν ἴσως ἀναγκαῖον, ἐὰν μὴ κείμενον ἢ ὄνομα πρὸς ὃ"
tlg001,7,ματοποιεῖν,ματοποιεῖν,1,27,1024,False,"πτερὸν καὶ τὸ πτερωτὸν πτερῷ πτερωτόν. ἐνίοτε δὲ καὶ ὄνο- 5 ⏎ ματοποιεῖν ἴσως ἀναγκαῖον, ἐὰν μὴ κείμενον ἢ ὄνομα πρὸς ὃ ⏎ οἰκείως ἂν ἀποδοθείη, οἷον τὸ πηδάλιον το πλοίς ἐὰν ἀπο-"
tlg001,7,το,το,1,28,1121,False,"ματοποιεῖν ἴσως ἀναγκαῖον, ἐὰν μὴ κείμενον ἢ ὄνομα πρὸς ὃ ⏎ οἰκείως ἂν ἀποδοθείη, οἷον τὸ πηδάλιον το πλοίς ἐὰν ἀπο- ⏎ δοθῇ, οὐκ οἰκεία ἡ ἀπόδοσις γίνεται· οὐ γὰρ ᾗ πλοῖον,"
tlg001,7,πλοίς,πλοίς,1,28,1124,False,"ματοποιεῖν ἴσως ἀναγκαῖον, ἐὰν μὴ κείμενον ἢ ὄνομα πρὸς ὃ ⏎ οἰκείως ἂν ἀποδοθείη, οἷον τὸ πηδάλιον το πλοίς ἐὰν ἀπο- ⏎ δοθῇ, οὐκ οἰκεία ἡ ἀπόδοσις γίνεται· οὐ γὰρ ᾗ πλοῖον,"
tlg001,7,ἀλλ᾽,ἀλλ᾽,2,32,1321,False,"ἔςι πηδάλια. διὸ οὐκ ἀντιςρέφει· τὸ γὰρ πλοῖον 3 λέγε- ⏎ ται πηδαλίου πλοῖον, ἀλλ᾽ ἴσως οἰκειοτέρα ἂν ἡ ἀπόδοσις ⏎ εἴη, εἰ οὕτω πως ἀποδοθείη, τὸ πηδάλιον πηδαλιωτά της"
tlg001,7,πηδαλιωτά,πηδαλιωτά,1,33,1396,False,"ται πηδαλίου πλοῖον, ἀλλ᾽ ἴσως οἰκειοτέρα ἂν ἡ ἀπόδοσις ⏎ εἴη, εἰ οὕτω πως ἀποδοθείη, τὸ πηδάλιον πηδαλιωτά της ⏎ δάλιον, ἢ ὁπωσοῦν ἄλλως ὄνομα γὰρ οὐ κεῖται. καὶ ἀν-"
tlg001,7,της,της,1,33,1406,False,"ται πηδαλίου πλοῖον, ἀλλ᾽ ἴσως οἰκειοτέρα ἂν ἡ ἀπόδοσις ⏎ εἴη, εἰ οὕτω πως ἀποδοθείη, τὸ πηδάλιον πηδαλιωτά της ⏎ δάλιον, ἢ ὁπωσοῦν ἄλλως ὄνομα γὰρ οὐ κεῖται. καὶ ἀν-"
tlg001,7,δάλιον,δάλιον,1,34,1410,False,"εἴη, εἰ οὕτω πως ἀποδοθείη, τὸ πηδάλιον πηδαλιωτά της ⏎ δάλιον, ἢ ὁπωσοῦν ἄλλως ὄνομα γὰρ οὐ κεῖται. καὶ ἀν- ⏎ τιςρέφει γε, ἐὰν οἰκείως αποδοθῇ τὸ γὰρ πηδαλιωτὸν"
tlg001,7,αποδοθῇ,αποδοθῇ,1,35,1488,False,"δάλιον, ἢ ὁπωσοῦν ἄλλως ὄνομα γὰρ οὐ κεῖται. καὶ ἀν- ⏎ τιςρέφει γε, ἐὰν οἰκείως αποδοθῇ τὸ γὰρ πηδαλιωτὸν ⏎ πηδαλίῳ πηδαλιωτόν. ὡσαύτως δὲ καὶ ἐπὶ τῶν ἄλλων; 15 –"
tlg001,7,κεφαλωτό,κεφαλωτό,1,37,1608,False,"πηδαλίῳ πηδαλιωτόν. ὡσαύτως δὲ καὶ ἐπὶ τῶν ἄλλων; 15 – ⏎ οἷον ἡ κεφαλὴ οἰκειοτέρως ἂν ἀποδοθείη κεφαλωτό ἢ ζων ⏎ ἀποδιδομένη· οὐ γὰρ ἡ ζῷον, κεφαλὴν ἔχει· πολλὰ γὰρ"
tlg001,7,ζων,ζων,1,37,1619,False,"πηδαλίῳ πηδαλιωτόν. ὡσαύτως δὲ καὶ ἐπὶ τῶν ἄλλων; 15 – ⏎ οἷον ἡ κεφαλὴ οἰκειοτέρως ἂν ἀποδοθείη κεφαλωτό ἢ ζων ⏎ ἀποδιδομένη· οὐ γὰρ ἡ ζῷον, κεφαλὴν ἔχει· πολλὰ γὰρ"
tlg001,7,τιθείη,τιθείη,1,41,1806,False,"λάβοι οἷς μὴ κεῖται ὀνόματα, εἰ ἀπὸ τῶν πρώτων καὶ ⏎ τοῖς πρὸς αὐτὰ ἀντιςρέφουσι τιθείη τὰ ὀνόματα, ὥσπερ ⏎ ἐπὶ τῶν προειρημένων ἀπὸ τὸ πτερὸ τὸ πτερωτὸν καὶ ἀπὸ"
tlg001,7,πτερὸ,πτερὸ,1,42,1859,False,"τοῖς πρὸς αὐτὰ ἀντιςρέφουσι τιθείη τὰ ὀνόματα, ὥσπερ ⏎ ἐπὶ τῶν προειρημένων ἀπὸ τὸ πτερὸ τὸ πτερωτὸν καὶ ἀπὸ ⏎ τοῦ πηδαλίου τὸ πηδαλιωτόν. πάντα οὖν τὰ πρός τι, ἐάν"
tlg001,7,ὁμολογο,ὁμολογο,1,46,2092,False,"ἐάν γε πρὸς τὸ τυχὸν ἀποδιδῶται καὶ μὴ πρὸς αὐτὸ ὁ ⏎ λέγεται, οὐκ ἀντιςρέφει. λέγω δὲ ὅτι οὐδὲ τῶν ὁμολογο- 25 ⏎ μένως πρὸς ἀντιςρέφοντα λεγομένων, καὶ ὀνομάτων αὐτοῖς"
tlg001,7,μένως,μένως,1,47,2104,False,"λέγεται, οὐκ ἀντιςρέφει. λέγω δὲ ὅτι οὐδὲ τῶν ὁμολογο- 25 ⏎ μένως πρὸς ἀντιςρέφοντα λεγομένων, καὶ ὀνομάτων αὐτοῖς ⏎ κειμένων, ἰδὲν ἀντιςρέφει, ἐὰν πρός τι τῶν συμβεβηκότων"
tlg001,7,ἀλλ᾿,ἀλλ᾿,1,50,2291,False,"ἀποδιδῶται καὶ μὴ πρὸς αὐτὸ ὃ λέγεται, οἷον ὁ δοῦλος ⏎ ἐὰν μὴ δεσπότε ἀποδοθῇ ἀλλ᾿ ἀνθρώπε ἢ δίποδος ἢ ὁτου ⏎ οὖν τῶν τοιούτων, οὐκ ἀντιςρέφει· οὐ γὰρ οἰκεία ἡ ἀπό- 30"
tlg001,7,δίποδος,δίποδος,1,50,2306,False,"ἀποδιδῶται καὶ μὴ πρὸς αὐτὸ ὃ λέγεται, οἷον ὁ δοῦλος ⏎ ἐὰν μὴ δεσπότε ἀποδοθῇ ἀλλ᾿ ἀνθρώπε ἢ δίποδος ἢ ὁτου ⏎ οὖν τῶν τοιούτων, οὐκ ἀντιςρέφει· οὐ γὰρ οἰκεία ἡ ἀπό- 30"
tlg001,7,ὁτου,ὁτου,1,50,2316,False,"ἀποδιδῶται καὶ μὴ πρὸς αὐτὸ ὃ λέγεται, οἷον ὁ δοῦλος ⏎ ἐὰν μὴ δεσπότε ἀποδοθῇ ἀλλ᾿ ἀνθρώπε ἢ δίποδος ἢ ὁτου ⏎ οὖν τῶν τοιούτων, οὐκ ἀντιςρέφει· οὐ γὰρ οἰκεία ἡ ἀπό- 30"
tlg001,7,ἐσιν,ἐσιν,1,52,2385,False,"οὖν τῶν τοιούτων, οὐκ ἀντιςρέφει· οὐ γὰρ οἰκεία ἡ ἀπό- 30 ⏎ δοσίς ἐσιν. ἔτι δ᾽ ἐὰν μέν τι οἰκείως ἀποδεδομένον ἢ πρὸς ⏎ ὁ λέγεται, πάντων περιαιρουμένων τῶν ἄλλων ὅσα συμ-"
tlg001,7,δ᾽,δ᾽,1,52,2395,False,"οὖν τῶν τοιούτων, οὐκ ἀντιςρέφει· οὐ γὰρ οἰκεία ἡ ἀπό- 30 ⏎ δοσίς ἐσιν. ἔτι δ᾽ ἐὰν μέν τι οἰκείως ἀποδεδομένον ἢ πρὸς ⏎ ὁ λέγεται, πάντων περιαιρουμένων τῶν ἄλλων ὅσα συμ-"
tlg001,7,εἰκείως,εἰκείως,1,55,2549,False,"βεβηκότα ἐςί, καταλειπομένου δὲ μόνου τούτου πρὸς ὃ ⏎ ἀπεδόθη εἰκείως, ἀεὶ πρὸς αὐτὸ ῥηθήσεται, οἷον ὁ δοῦλος ⏎ ἐὰν πρὸς δεσπότην λέγηται, περιαιρουμένων τῶν ἄλλων"
tlg001,7,δεσπότη,δεσπότη,1,57,2680,False,"ἐὰν πρὸς δεσπότην λέγηται, περιαιρουμένων τῶν ἄλλων ⏎ ἁπάντων ὅσα συμβεβηκότα ἐπὶ τῷ δεσπότη, οἷον τὸ δί- ⏎ ποδι εἶναι καὶ τὸ ἐπιςήμης δεκτικῷ καὶ τὸ ἀνθρώπῳ, καὶ"
tlg001,7,ταλειπομένου,ταλειπομένου,1,59,2756,False,"ποδι εἶναι καὶ τὸ ἐπιςήμης δεκτικῷ καὶ τὸ ἀνθρώπῳ, καὶ ⏎ ταλειπομένου δὲ μόνου τοῦ δεσπότην εἶναι, ἀεὶ ὁ δοῦλος ⏎ πρὸς αὐτὸ ῥηθήσεται· ὁ γὰρ δοῦλος δεσπότου δοῦλος λέ-"
tlg001,7,το,το,2,61,2865,False,πρὸς αὐτὸ ῥηθήσεται· ὁ γὰρ δοῦλος δεσπότου δοῦλος λέ- ⏎ ΤΟ ⏎ 1
tlg001,7,ἄλ,ἄλ,1,68,3135,False,"ὄντος δοῦλος ἐςι, καὶ δούλου ὄντος δεσπότης ἐςίν· ὁμοίως ⏎ δὲ τούτοις καὶ τὰ ἄλλα καὶ συναναιρεῖ δὲ ταῦτα ἄλ ⏎ ληλα· μὴ γὰρ ὄντος διπλασίου ἐκ ἔςιν ἥμισυ, καὶ ἡμί"
tlg001,7,ληλα,ληλα,1,69,3138,False,"δὲ τούτοις καὶ τὰ ἄλλα καὶ συναναιρεῖ δὲ ταῦτα ἄλ ⏎ ληλα· μὴ γὰρ ὄντος διπλασίου ἐκ ἔςιν ἥμισυ, καὶ ἡμί ⏎ σεος μὴ ὄντος ἐκ ἔςι διπλάσιον· ὡσαύτως δὲ καὶ ἐπὶ τῶν"
tlg001,7,ἡμί,ἡμί,1,69,3186,False,"δὲ τούτοις καὶ τὰ ἄλλα καὶ συναναιρεῖ δὲ ταῦτα ἄλ ⏎ ληλα· μὴ γὰρ ὄντος διπλασίου ἐκ ἔςιν ἥμισυ, καὶ ἡμί ⏎ σεος μὴ ὄντος ἐκ ἔςι διπλάσιον· ὡσαύτως δὲ καὶ ἐπὶ τῶν"
tlg001,7,σεος,σεος,1,70,3190,False,"ληλα· μὴ γὰρ ὄντος διπλασίου ἐκ ἔςιν ἥμισυ, καὶ ἡμί ⏎ σεος μὴ ὄντος ἐκ ἔςι διπλάσιον· ὡσαύτως δὲ καὶ ἐπὶ τῶν ⏎ ἄλλων ὅσα τοιαῦτα. ἐκ ἐπὶ πάντων δὲ τῶν πρός τι ἀληθὲς"
tlg001,7,προϋπαρ,προϋπαρ,1,73,3403,False,δοκεῖ τὸ ἅμα τῇ φύσει εἶναι· τὸ γὰρ ἐπιςητὸν πρότερον ἂν ⏎ δόξειε τῆς ἐπιςήμης εἶναι. ὡς γὰρ ἐπὶ τὸ πολὺ προϋπαρ ⏎ χόντων τῶν πραγμάτων τὰς ἐπιςήμας λαμβάνομεν· ἐπ᾿
tlg001,7,χόντων,χόντων,1,74,3411,False,δόξειε τῆς ἐπιςήμης εἶναι. ὡς γὰρ ἐπὶ τὸ πολὺ προϋπαρ ⏎ χόντων τῶν πραγμάτων τὰς ἐπιςήμας λαμβάνομεν· ἐπ᾿ ⏎ ὀλίγων γὰρ ἂν ἢ ἐπ᾽ οὐδενὸς ἴδοι τις ἂν ἅμα τῷ ἐπιζητῷ
tlg001,7,ἐπ᾿,ἐπ᾿,1,74,3457,False,δόξειε τῆς ἐπιςήμης εἶναι. ὡς γὰρ ἐπὶ τὸ πολὺ προϋπαρ ⏎ χόντων τῶν πραγμάτων τὰς ἐπιςήμας λαμβάνομεν· ἐπ᾿ ⏎ ὀλίγων γὰρ ἂν ἢ ἐπ᾽ οὐδενὸς ἴδοι τις ἂν ἅμα τῷ ἐπιζητῷ
tlg001,7,ἐπ᾽,ἐπ᾽,1,75,3477,False,χόντων τῶν πραγμάτων τὰς ἐπιςήμας λαμβάνομεν· ἐπ᾿ ⏎ ὀλίγων γὰρ ἂν ἢ ἐπ᾽ οὐδενὸς ἴδοι τις ἂν ἅμα τῷ ἐπιζητῷ ⏎ τὴν ἐπισήμην γινομένην. ἔτι τὸ μὲν ἐπιζητὸν ἀναιρεθὲν συν
tlg001,7,ἐπιζητῷ,ἐπιζητῷ,1,75,3508,False,χόντων τῶν πραγμάτων τὰς ἐπιςήμας λαμβάνομεν· ἐπ᾿ ⏎ ὀλίγων γὰρ ἂν ἢ ἐπ᾽ οὐδενὸς ἴδοι τις ἂν ἅμα τῷ ἐπιζητῷ ⏎ τὴν ἐπισήμην γινομένην. ἔτι τὸ μὲν ἐπιζητὸν ἀναιρεθὲν συν
tlg001,7,ἐπισήμην,ἐπισήμην,1,76,3520,False,"ὀλίγων γὰρ ἂν ἢ ἐπ᾽ οὐδενὸς ἴδοι τις ἂν ἅμα τῷ ἐπιζητῷ ⏎ τὴν ἐπισήμην γινομένην. ἔτι τὸ μὲν ἐπιζητὸν ἀναιρεθὲν συν ⏎ αναιρεῖ τὴν ἐπιςήμην, ἡ δὲ ἐπιςήμη τὸ ἐπιζητὸν οὐ συν-"
tlg001,7,ἐπιζητὸν,ἐπιζητὸν,1,76,3551,False,"ὀλίγων γὰρ ἂν ἢ ἐπ᾽ οὐδενὸς ἴδοι τις ἂν ἅμα τῷ ἐπιζητῷ ⏎ τὴν ἐπισήμην γινομένην. ἔτι τὸ μὲν ἐπιζητὸν ἀναιρεθὲν συν ⏎ αναιρεῖ τὴν ἐπιςήμην, ἡ δὲ ἐπιςήμη τὸ ἐπιζητὸν οὐ συν-"
tlg001,7,συν,συν,1,76,3570,False,"ὀλίγων γὰρ ἂν ἢ ἐπ᾽ οὐδενὸς ἴδοι τις ἂν ἅμα τῷ ἐπιζητῷ ⏎ τὴν ἐπισήμην γινομένην. ἔτι τὸ μὲν ἐπιζητὸν ἀναιρεθὲν συν ⏎ αναιρεῖ τὴν ἐπιςήμην, ἡ δὲ ἐπιςήμη τὸ ἐπιζητὸν οὐ συν-"
tlg001,7,αναιρεῖ,αναιρεῖ,1,77,3574,False,"τὴν ἐπισήμην γινομένην. ἔτι τὸ μὲν ἐπιζητὸν ἀναιρεθὲν συν ⏎ αναιρεῖ τὴν ἐπιςήμην, ἡ δὲ ἐπιςήμη τὸ ἐπιζητὸν οὐ συν- ⏎ αναιρεῖ ἐπιζητοῦ μὲν γὰρ μὴ ὄντος οὐκ ἔςιν ἐπιςήμη"
tlg001,7,ἐπιζητὸν,ἐπιζητὸν,2,77,3612,False,"τὴν ἐπισήμην γινομένην. ἔτι τὸ μὲν ἐπιζητὸν ἀναιρεθὲν συν ⏎ αναιρεῖ τὴν ἐπιςήμην, ἡ δὲ ἐπιςήμη τὸ ἐπιζητὸν οὐ συν- ⏎ αναιρεῖ ἐπιζητοῦ μὲν γὰρ μὴ ὄντος οὐκ ἔςιν ἐπιςήμη"
tlg001,7,ἐπιζητοῦ,ἐπιζητοῦ,1,78,3637,False,"αναιρεῖ τὴν ἐπιςήμην, ἡ δὲ ἐπιςήμη τὸ ἐπιζητὸν οὐ συν- ⏎ αναιρεῖ ἐπιζητοῦ μὲν γὰρ μὴ ὄντος οὐκ ἔςιν ἐπιςήμη ⏎ (οὐδενὸς γὰρ ἔςαι ἐπισήμη), ἐπιςήμης δὲ μὴ οὔσης ἐδὲν"
tlg001,7,ἐπισήμη,ἐπισήμη,1,79,3698,False,"αναιρεῖ ἐπιζητοῦ μὲν γὰρ μὴ ὄντος οὐκ ἔςιν ἐπιςήμη ⏎ (οὐδενὸς γὰρ ἔςαι ἐπισήμη), ἐπιςήμης δὲ μὴ οὔσης ἐδὲν ⏎ κωλύει ἐπιςητὸν εἶναι, οἷον καὶ ὁ τοῦ κύκλου τετραγω"
tlg001,7,τετραγω,τετραγω,1,80,3779,False,"(οὐδενὸς γὰρ ἔςαι ἐπισήμη), ἐπιςήμης δὲ μὴ οὔσης ἐδὲν ⏎ κωλύει ἐπιςητὸν εἶναι, οἷον καὶ ὁ τοῦ κύκλου τετραγω ⏎ νισμὸς εἶχε ἔςιν ἐπιζητόν, ἐπισήμη μὲν αὐτοῦ οὐκ ἔςιν"
tlg001,7,νισμὸς,νισμὸς,1,81,3787,False,"κωλύει ἐπιςητὸν εἶναι, οἷον καὶ ὁ τοῦ κύκλου τετραγω ⏎ νισμὸς εἶχε ἔςιν ἐπιζητόν, ἐπισήμη μὲν αὐτοῦ οὐκ ἔςιν ⏎ οὐδέπω, αὐτὸς δὲ ἐπιζητόν ἐςιν. ἔτι ζῴου μὲν ἀναιρεθέντος"
tlg001,7,εἶχε,εἶχε,1,81,3794,False,"κωλύει ἐπιςητὸν εἶναι, οἷον καὶ ὁ τοῦ κύκλου τετραγω ⏎ νισμὸς εἶχε ἔςιν ἐπιζητόν, ἐπισήμη μὲν αὐτοῦ οὐκ ἔςιν ⏎ οὐδέπω, αὐτὸς δὲ ἐπιζητόν ἐςιν. ἔτι ζῴου μὲν ἀναιρεθέντος"
tlg001,7,ἐπιζητόν,ἐπιζητόν,1,81,3804,False,"κωλύει ἐπιςητὸν εἶναι, οἷον καὶ ὁ τοῦ κύκλου τετραγω ⏎ νισμὸς εἶχε ἔςιν ἐπιζητόν, ἐπισήμη μὲν αὐτοῦ οὐκ ἔςιν ⏎ οὐδέπω, αὐτὸς δὲ ἐπιζητόν ἐςιν. ἔτι ζῴου μὲν ἀναιρεθέντος"
tlg001,7,ἐπισήμη,ἐπισήμη,2,81,3814,False,"κωλύει ἐπιςητὸν εἶναι, οἷον καὶ ὁ τοῦ κύκλου τετραγω ⏎ νισμὸς εἶχε ἔςιν ἐπιζητόν, ἐπισήμη μὲν αὐτοῦ οὐκ ἔςιν ⏎ οὐδέπω, αὐτὸς δὲ ἐπιζητόν ἐςιν. ἔτι ζῴου μὲν ἀναιρεθέντος"
tlg001,7,ἐπιζητόν,ἐπιζητόν,2,82,3858,False,"νισμὸς εἶχε ἔςιν ἐπιζητόν, ἐπισήμη μὲν αὐτοῦ οὐκ ἔςιν ⏎ οὐδέπω, αὐτὸς δὲ ἐπιζητόν ἐςιν. ἔτι ζῴου μὲν ἀναιρεθέντος ⏎ οὐκ ἔςαι ἐπιςήμη, τῶν δ᾽ ἐπιζητῶν πολλὰ ἐνδέχεται"
tlg001,7,δ᾽,δ᾽,2,83,3921,False,"οὐδέπω, αὐτὸς δὲ ἐπιζητόν ἐςιν. ἔτι ζῴου μὲν ἀναιρεθέντος ⏎ οὐκ ἔςαι ἐπιςήμη, τῶν δ᾽ ἐπιζητῶν πολλὰ ἐνδέχεται ⏎ 35 εἶναι. ὁμοίως δὲ τούτοις καὶ τὰ ἐπὶ τῆς αἰσθήσεως ἔχει."
tlg001,7,ἐπιζητῶν,ἐπιζητῶν,1,83,3924,False,"οὐδέπω, αὐτὸς δὲ ἐπιζητόν ἐςιν. ἔτι ζῴου μὲν ἀναιρεθέντος ⏎ οὐκ ἔςαι ἐπιςήμη, τῶν δ᾽ ἐπιζητῶν πολλὰ ἐνδέχεται ⏎ 35 εἶναι. ὁμοίως δὲ τούτοις καὶ τὰ ἐπὶ τῆς αἰσθήσεως ἔχει."
tlg001,7,όρνιθος,όρνιθος,1,90,4259,False,: ⏎ 2. αὐτῆς corr. 4. 1 3. όρνιθος 4. ΙΙ. 7. τε om B. Η 13. γὰρ αὐτῇ ἐ C. 1. 19. λαμβάνει Β. ΙΙ 20. αὐτὰ] & pr B. || 31. εἴη ⏎ C. Η 36. ἁπάντων om. C. Η 37. τῷ ἀνθρώπῳ pr 4C. 39. ξηθήσεται BC.
tlg001,7,ιι,ιι,1,90,4270,False,: ⏎ 2. αὐτῆς corr. 4. 1 3. όρνιθος 4. ΙΙ. 7. τε om B. Η 13. γὰρ αὐτῇ ἐ C. 1. 19. λαμβάνει Β. ΙΙ 20. αὐτὰ] & pr B. || 31. εἴη ⏎ C. Η 36. ἁπάντων om. C. Η 37. τῷ ἀνθρώπῳ pr 4C. 39. ξηθήσεται BC.
tlg001,7,η,η,1,90,4286,False,: ⏎ 2. αὐτῆς corr. 4. 1 3. όρνιθος 4. ΙΙ. 7. τε om B. Η 13. γὰρ αὐτῇ ἐ C. 1. 19. λαμβάνει Β. ΙΙ 20. αὐτὰ] & pr B. || 31. εἴη ⏎ C. Η 36. ἁπάντων om. C. Η 37. τῷ ἀνθρώπῳ pr 4C. 39. ξηθήσεται BC.
tlg001,7,αὐτῇ,αὐτῇ,1,90,4296,False,: ⏎ 2. αὐτῆς corr. 4. 1 3. όρνιθος 4. ΙΙ. 7. τε om B. Η 13. γὰρ αὐτῇ ἐ C. 1. 19. λαμβάνει Β. ΙΙ 20. αὐτὰ] & pr B. || 31. εἴη ⏎ C. Η 36. ἁπάντων om. C. Η 37. τῷ ἀνθρώπῳ pr 4C. 39. ξηθήσεται BC.
tlg001,7,β,β,1,90,4322,False,: ⏎ 2. αὐτῆς corr. 4. 1 3. όρνιθος 4. ΙΙ. 7. τε om B. Η 13. γὰρ αὐτῇ ἐ C. 1. 19. λαμβάνει Β. ΙΙ 20. αὐτὰ] & pr B. || 31. εἴη ⏎ C. Η 36. ἁπάντων om. C. Η 37. τῷ ἀνθρώπῳ pr 4C. 39. ξηθήσεται BC.
tlg001,7,ιι,ιι,2,90,4325,False,: ⏎ 2. αὐτῆς corr. 4. 1 3. όρνιθος 4. ΙΙ. 7. τε om B. Η 13. γὰρ αὐτῇ ἐ C. 1. 19. λαμβάνει Β. ΙΙ 20. αὐτὰ] & pr B. || 31. εἴη ⏎ C. Η 36. ἁπάντων om. C. Η 37. τῷ ἀνθρώπῳ pr 4C. 39. ξηθήσεται BC.
tlg001,7,η,η,2,91,4360,False,"2. αὐτῆς corr. 4. 1 3. όρνιθος 4. ΙΙ. 7. τε om B. Η 13. γὰρ αὐτῇ ἐ C. 1. 19. λαμβάνει Β. ΙΙ 20. αὐτὰ] & pr B. || 31. εἴη ⏎ C. Η 36. ἁπάντων om. C. Η 37. τῷ ἀνθρώπῳ pr 4C. 39. ξηθήσεται BC. ⏎ 5. δεσπότηι αὐτῶι Β. || 6. F om. Α. || 7. καὶ] δὲ καὶ BC. || 8. τὸ corr 4. ] πτερωτῶν αὐτῶι Β, πτερωτὸν C. Η 14. ξηθήσεται"
tlg001,7,η,η,3,91,4381,False,"2. αὐτῆς corr. 4. 1 3. όρνιθος 4. ΙΙ. 7. τε om B. Η 13. γὰρ αὐτῇ ἐ C. 1. 19. λαμβάνει Β. ΙΙ 20. αὐτὰ] & pr B. || 31. εἴη ⏎ C. Η 36. ἁπάντων om. C. Η 37. τῷ ἀνθρώπῳ pr 4C. 39. ξηθήσεται BC. ⏎ 5. δεσπότηι αὐτῶι Β. || 6. F om. Α. || 7. καὶ] δὲ καὶ BC. || 8. τὸ corr 4. ] πτερωτῶν αὐτῶι Β, πτερωτὸν C. Η 14. ξηθήσεται"
tlg001,7,ξηθήσεται,ξηθήσεται,1,91,4409,False,"2. αὐτῆς corr. 4. 1 3. όρνιθος 4. ΙΙ. 7. τε om B. Η 13. γὰρ αὐτῇ ἐ C. 1. 19. λαμβάνει Β. ΙΙ 20. αὐτὰ] & pr B. || 31. εἴη ⏎ C. Η 36. ἁπάντων om. C. Η 37. τῷ ἀνθρώπῳ pr 4C. 39. ξηθήσεται BC. ⏎ 5. δεσπότηι αὐτῶι Β. || 6. F om. Α. || 7. καὶ] δὲ καὶ BC. || 8. τὸ corr 4. ] πτερωτῶν αὐτῶι Β, πτερωτὸν C. Η 14. ξηθήσεται"
tlg001,7,δεσπότηι,δεσπότηι,1,92,4426,False,"C. Η 36. ἁπάντων om. C. Η 37. τῷ ἀνθρώπῳ pr 4C. 39. ξηθήσεται BC. ⏎ 5. δεσπότηι αὐτῶι Β. || 6. F om. Α. || 7. καὶ] δὲ καὶ BC. || 8. τὸ corr 4. ] πτερωτῶν αὐτῶι Β, πτερωτὸν C. Η 14. ξηθήσεται ⏎ Β. Ι 16. ἔσω, ἐπ᾿ ἐνίων δὲ ἐκ ἀληθές C. Η 26. ἂν post τις om B. 29. μὲν om BC. | ἔται 4C. Ι. 30. γὰρ ἔτι ἔται Β."
tlg001,7,αὐτῶι,αὐτῶι,1,92,4435,False,"C. Η 36. ἁπάντων om. C. Η 37. τῷ ἀνθρώπῳ pr 4C. 39. ξηθήσεται BC. ⏎ 5. δεσπότηι αὐτῶι Β. || 6. F om. Α. || 7. καὶ] δὲ καὶ BC. || 8. τὸ corr 4. ] πτερωτῶν αὐτῶι Β, πτερωτὸν C. Η 14. ξηθήσεται ⏎ Β. Ι 16. ἔσω, ἐπ᾿ ἐνίων δὲ ἐκ ἀληθές C. Η 26. ἂν post τις om B. 29. μὲν om BC. | ἔται 4C. Ι. 30. γὰρ ἔτι ἔται Β."
tlg001,7,β,β,2,92,4441,False,"C. Η 36. ἁπάντων om. C. Η 37. τῷ ἀνθρώπῳ pr 4C. 39. ξηθήσεται BC. ⏎ 5. δεσπότηι αὐτῶι Β. || 6. F om. Α. || 7. καὶ] δὲ καὶ BC. || 8. τὸ corr 4. ] πτερωτῶν αὐτῶι Β, πτερωτὸν C. Η 14. ξηθήσεται ⏎ Β. Ι 16. ἔσω, ἐπ᾿ ἐνίων δὲ ἐκ ἀληθές C. Η 26. ἂν post τις om B. 29. μὲν om BC. | ἔται 4C. Ι. 30. γὰρ ἔτι ἔται Β."
tlg001,7,α,α,1,92,4456,False,"C. Η 36. ἁπάντων om. C. Η 37. τῷ ἀνθρώπῳ pr 4C. 39. ξηθήσεται BC. ⏎ 5. δεσπότηι αὐτῶι Β. || 6. F om. Α. || 7. καὶ] δὲ καὶ BC. || 8. τὸ corr 4. ] πτερωτῶν αὐτῶι Β, πτερωτὸν C. Η 14. ξηθήσεται ⏎ Β. Ι 16. ἔσω, ἐπ᾿ ἐνίων δὲ ἐκ ἀληθές C. Η 26. ἂν post τις om B. 29. μὲν om BC. | ἔται 4C. Ι. 30. γὰρ ἔτι ἔται Β."
tlg001,7,πτερωτῶν,πτερωτῶν,1,92,4500,False,"C. Η 36. ἁπάντων om. C. Η 37. τῷ ἀνθρώπῳ pr 4C. 39. ξηθήσεται BC. ⏎ 5. δεσπότηι αὐτῶι Β. || 6. F om. Α. || 7. καὶ] δὲ καὶ BC. || 8. τὸ corr 4. ] πτερωτῶν αὐτῶι Β, πτερωτὸν C. Η 14. ξηθήσεται ⏎ Β. Ι 16. ἔσω, ἐπ᾿ ἐνίων δὲ ἐκ ἀληθές C. Η 26. ἂν post τις om B. 29. μὲν om BC. | ἔται 4C. Ι. 30. γὰρ ἔτι ἔται Β."
tlg001,7,αὐτῶι,αὐτῶι,2,92,4509,False,"C. Η 36. ἁπάντων om. C. Η 37. τῷ ἀνθρώπῳ pr 4C. 39. ξηθήσεται BC. ⏎ 5. δεσπότηι αὐτῶι Β. || 6. F om. Α. || 7. καὶ] δὲ καὶ BC. || 8. τὸ corr 4. ] πτερωτῶν αὐτῶι Β, πτερωτὸν C. Η 14. ξηθήσεται ⏎ Β. Ι 16. ἔσω, ἐπ᾿ ἐνίων δὲ ἐκ ἀληθές C. Η 26. ἂν post τις om B. 29. μὲν om BC. | ἔται 4C. Ι. 30. γὰρ ἔτι ἔται Β."
tlg001,7,β,β,3,92,4515,False,"C. Η 36. ἁπάντων om. C. Η 37. τῷ ἀνθρώπῳ pr 4C. 39. ξηθήσεται BC. ⏎ 5. δεσπότηι αὐτῶι Β. || 6. F om. Α. || 7. καὶ] δὲ καὶ BC. || 8. τὸ corr 4. ] πτερωτῶν αὐτῶι Β, πτερωτὸν C. Η 14. ξηθήσεται ⏎ Β. Ι 16. ἔσω, ἐπ᾿ ἐνίων δὲ ἐκ ἀληθές C. Η 26. ἂν post τις om B. 29. μὲν om BC. | ἔται 4C. Ι. 30. γὰρ ἔτι ἔται Β."
tlg001,7,η,η,4,92,4530,False,"C. Η 36. ἁπάντων om. C. Η 37. τῷ ἀνθρώπῳ pr 4C. 39. ξηθήσεται BC. ⏎ 5. δεσπότηι αὐτῶι Β. || 6. F om. Α. || 7. καὶ] δὲ καὶ BC. || 8. τὸ corr 4. ] πτερωτῶν αὐτῶι Β, πτερωτὸν C. Η 14. ξηθήσεται ⏎ Β. Ι 16. ἔσω, ἐπ᾿ ἐνίων δὲ ἐκ ἀληθές C. Η 26. ἂν post τις om B. 29. μὲν om BC. | ἔται 4C. Ι. 30. γὰρ ἔτι ἔται Β."
tlg001,7,ξηθήσεται,ξηθήσεται,2,92,4536,False,"C. Η 36. ἁπάντων om. C. Η 37. τῷ ἀνθρώπῳ pr 4C. 39. ξηθήσεται BC. ⏎ 5. δεσπότηι αὐτῶι Β. || 6. F om. Α. || 7. καὶ] δὲ καὶ BC. || 8. τὸ corr 4. ] πτερωτῶν αὐτῶι Β, πτερωτὸν C. Η 14. ξηθήσεται ⏎ Β. Ι 16. ἔσω, ἐπ᾿ ἐνίων δὲ ἐκ ἀληθές C. Η 26. ἂν post τις om B. 29. μὲν om BC. | ἔται 4C. Ι. 30. γὰρ ἔτι ἔται Β."
tlg001,7,β,β,4,93,4546,False,"5. δεσπότηι αὐτῶι Β. || 6. F om. Α. || 7. καὶ] δὲ καὶ BC. || 8. τὸ corr 4. ] πτερωτῶν αὐτῶι Β, πτερωτὸν C. Η 14. ξηθήσεται ⏎ Β. Ι 16. ἔσω, ἐπ᾿ ἐνίων δὲ ἐκ ἀληθές C. Η 26. ἂν post τις om B. 29. μὲν om BC. | ἔται 4C. Ι. 30. γὰρ ἔτι ἔται Β. ⏎ 31. οἷόν τι καὶ C. I 33. αὐτὰ Β. ΙΙ. δὲ] δὲ τὰ C. Ι 39. ἀνήρηται Β."
tlg001,7,ι,ι,1,93,4549,False,"5. δεσπότηι αὐτῶι Β. || 6. F om. Α. || 7. καὶ] δὲ καὶ BC. || 8. τὸ corr 4. ] πτερωτῶν αὐτῶι Β, πτερωτὸν C. Η 14. ξηθήσεται ⏎ Β. Ι 16. ἔσω, ἐπ᾿ ἐνίων δὲ ἐκ ἀληθές C. Η 26. ἂν post τις om B. 29. μὲν om BC. | ἔται 4C. Ι. 30. γὰρ ἔτι ἔται Β. ⏎ 31. οἷόν τι καὶ C. I 33. αὐτὰ Β. ΙΙ. δὲ] δὲ τὰ C. Ι 39. ἀνήρηται Β."
tlg001,7,ἔσω,ἔσω,1,93,4555,False,"5. δεσπότηι αὐτῶι Β. || 6. F om. Α. || 7. καὶ] δὲ καὶ BC. || 8. τὸ corr 4. ] πτερωτῶν αὐτῶι Β, πτερωτὸν C. Η 14. ξηθήσεται ⏎ Β. Ι 16. ἔσω, ἐπ᾿ ἐνίων δὲ ἐκ ἀληθές C. Η 26. ἂν post τις om B. 29. μὲν om BC. | ἔται 4C. Ι. 30. γὰρ ἔτι ἔται Β. ⏎ 31. οἷόν τι καὶ C. I 33. αὐτὰ Β. ΙΙ. δὲ] δὲ τὰ C. Ι 39. ἀνήρηται Β."
tlg001,7,ἐπ᾿,ἐπ᾿,2,93,4560,False,"5. δεσπότηι αὐτῶι Β. || 6. F om. Α. || 7. καὶ] δὲ καὶ BC. || 8. τὸ corr 4. ] πτερωτῶν αὐτῶι Β, πτερωτὸν C. Η 14. ξηθήσεται ⏎ Β. Ι 16. ἔσω, ἐπ᾿ ἐνίων δὲ ἐκ ἀληθές C. Η 26. ἂν post τις om B. 29. μὲν om BC. | ἔται 4C. Ι. 30. γὰρ ἔτι ἔται Β. ⏎ 31. οἷόν τι καὶ C. I 33. αὐτὰ Β. ΙΙ. δὲ] δὲ τὰ C. Ι 39. ἀνήρηται Β."
tlg001,7,η,η,5,93,4586,False,"5. δεσπότηι αὐτῶι Β. || 6. F om. Α. || 7. καὶ] δὲ καὶ BC. || 8. τὸ corr 4. ] πτερωτῶν αὐτῶι Β, πτερωτὸν C. Η 14. ξηθήσεται ⏎ Β. Ι 16. ἔσω, ἐπ᾿ ἐνίων δὲ ἐκ ἀληθές C. Η 26. ἂν post τις om B. 29. μὲν om BC. | ἔται 4C. Ι. 30. γὰρ ἔτι ἔται Β. ⏎ 31. οἷόν τι καὶ C. I 33. αὐτὰ Β. ΙΙ. δὲ] δὲ τὰ C. Ι 39. ἀνήρηται Β."
tlg001,7,ἔται,ἔται,1,93,4627,False,"5. δεσπότηι αὐτῶι Β. || 6. F om. Α. || 7. καὶ] δὲ καὶ BC. || 8. τὸ corr 4. ] πτερωτῶν αὐτῶι Β, πτερωτὸν C. Η 14. ξηθήσεται ⏎ Β. Ι 16. ἔσω, ἐπ᾿ ἐνίων δὲ ἐκ ἀληθές C. Η 26. ἂν post τις om B. 29. μὲν om BC. | ἔται 4C. Ι. 30. γὰρ ἔτι ἔται Β. ⏎ 31. οἷόν τι καὶ C. I 33. αὐτὰ Β. ΙΙ. δὲ] δὲ τὰ C. Ι 39. ἀνήρηται Β."
tlg001,7,ι,ι,2,93,4636,False,"5. δεσπότηι αὐτῶι Β. || 6. F om. Α. || 7. καὶ] δὲ καὶ BC. || 8. τὸ corr 4. ] πτερωτῶν αὐτῶι Β, πτερωτὸν C. Η 14. ξηθήσεται ⏎ Β. Ι 16. ἔσω, ἐπ᾿ ἐνίων δὲ ἐκ ἀληθές C. Η 26. ἂν post τις om B. 29. μὲν om BC. | ἔται 4C. Ι. 30. γὰρ ἔτι ἔται Β. ⏎ 31. οἷόν τι καὶ C. I 33. αὐτὰ Β. ΙΙ. δὲ] δὲ τὰ C. Ι 39. ἀνήρηται Β."
tlg001,7,ἔται,ἔται,2,93,4651,False,"5. δεσπότηι αὐτῶι Β. || 6. F om. Α. || 7. καὶ] δὲ καὶ BC. || 8. τὸ corr 4. ] πτερωτῶν αὐτῶι Β, πτερωτὸν C. Η 14. ξηθήσεται ⏎ Β. Ι 16. ἔσω, ἐπ᾿ ἐνίων δὲ ἐκ ἀληθές C. Η 26. ἂν post τις om B. 29. μὲν om BC. | ἔται 4C. Ι. 30. γὰρ ἔτι ἔται Β. ⏎ 31. οἷόν τι καὶ C. I 33. αὐτὰ Β. ΙΙ. δὲ] δὲ τὰ C. Ι 39. ἀνήρηται Β."
tlg001,7,β,β,5,93,4656,False,"5. δεσπότηι αὐτῶι Β. || 6. F om. Α. || 7. καὶ] δὲ καὶ BC. || 8. τὸ corr 4. ] πτερωτῶν αὐτῶι Β, πτερωτὸν C. Η 14. ξηθήσεται ⏎ Β. Ι 16. ἔσω, ἐπ᾿ ἐνίων δὲ ἐκ ἀληθές C. Η 26. ἂν post τις om B. 29. μὲν om BC. | ἔται 4C. Ι. 30. γὰρ ἔτι ἔται Β. ⏎ 31. οἷόν τι καὶ C. I 33. αὐτὰ Β. ΙΙ. δὲ] δὲ τὰ C. Ι 39. ἀνήρηται Β."
tlg001,7,β,β,6,94,4689,False,"Β. Ι 16. ἔσω, ἐπ᾿ ἐνίων δὲ ἐκ ἀληθές C. Η 26. ἂν post τις om B. 29. μὲν om BC. | ἔται 4C. Ι. 30. γὰρ ἔτι ἔται Β. ⏎ 31. οἷόν τι καὶ C. I 33. αὐτὰ Β. ΙΙ. δὲ] δὲ τὰ C. Ι 39. ἀνήρηται Β."
tlg001,7,ιι,ιι,3,94,4692,False,"Β. Ι 16. ἔσω, ἐπ᾿ ἐνίων δὲ ἐκ ἀληθές C. Η 26. ἂν post τις om B. 29. μὲν om BC. | ἔται 4C. Ι. 30. γὰρ ἔτι ἔται Β. ⏎ 31. οἷόν τι καὶ C. I 33. αὐτὰ Β. ΙΙ. δὲ] δὲ τὰ C. Ι 39. ἀνήρηται Β."
tlg001,7,ι,ι,3,94,4709,False,"Β. Ι 16. ἔσω, ἐπ᾿ ἐνίων δὲ ἐκ ἀληθές C. Η 26. ἂν post τις om B. 29. μὲν om BC. | ἔται 4C. Ι. 30. γὰρ ἔτι ἔται Β. ⏎ 31. οἷόν τι καὶ C. I 33. αὐτὰ Β. ΙΙ. δὲ] δὲ τὰ C. Ι 39. ἀνήρηται Β."
tlg001,7,β,β,7,94,4724,False,"Β. Ι 16. ἔσω, ἐπ᾿ ἐνίων δὲ ἐκ ἀληθές C. Η 26. ἂν post τις om B. 29. μὲν om BC. | ἔται 4C. Ι. 30. γὰρ ἔτι ἔται Β. ⏎ 31. οἷόν τι καὶ C. I 33. αὐτὰ Β. ΙΙ. δὲ] δὲ τὰ C. Ι 39. ἀνήρηται Β."
tlg001,8,κατηγοριαι,κατηγοριαι,1,3,6,False,".00 ⏎ ΚΑΤΗΓΟΡΙΑΙ. ⏎ ρεῖται καὶ τὸ σῶμα (τῶν γὰρ αἰσθητῶν τὸ σῶμα), σώς πρός τί πως ἔχειν, κἀκεῖνο οἶδε πρὸς ὁ τοῦτό πως ἔχει"
tlg001,8,σώς,σώς,1,4,65,False,"ΚΑΤΗΓΟΡΙΑΙ. ⏎ ρεῖται καὶ τὸ σῶμα (τῶν γὰρ αἰσθητῶν τὸ σῶμα), σώς πρός τί πως ἔχειν, κἀκεῖνο οἶδε πρὸς ὁ τοῦτό πως ἔχει ⏎ ματος δὲ μὴ ὄντος ἀναιρεῖται καὶ ἡ αἴσθησις, ώςε συν εἰ γὰρ οὐκ οἶδεν ὅλως πρὸς ὁ τοῦτό πως ἔχει, οὐδ' εἰ"
tlg001,8,ματος,ματος,1,5,123,False,"ρεῖται καὶ τὸ σῶμα (τῶν γὰρ αἰσθητῶν τὸ σῶμα), σώς πρός τί πως ἔχειν, κἀκεῖνο οἶδε πρὸς ὁ τοῦτό πως ἔχει ⏎ ματος δὲ μὴ ὄντος ἀναιρεῖται καὶ ἡ αἴσθησις, ώςε συν εἰ γὰρ οὐκ οἶδεν ὅλως πρὸς ὁ τοῦτό πως ἔχει, οὐδ' εἰ ⏎ αναιρεῖ τὸ αἰσθητὸν τὴν αἴσθησιν. ἡ δέ γε αἴσθησις τὸ πρός τί πως ἔχει εἴσεται. καὶ ἐπὶ τῶν καθ᾽ ἕκαςα δὲ δῆ"
tlg001,8,ώστε,ώςε,1,5,168,False,"ρεῖται καὶ τὸ σῶμα (τῶν γὰρ αἰσθητῶν τὸ σῶμα), σώς πρός τί πως ἔχειν, κἀκεῖνο οἶδε πρὸς ὁ τοῦτό πως ἔχει ⏎ ματος δὲ μὴ ὄντος ἀναιρεῖται καὶ ἡ αἴσθησις, ώςε συν εἰ γὰρ οὐκ οἶδεν ὅλως πρὸς ὁ τοῦτό πως ἔχει, οὐδ' εἰ ⏎ αναιρεῖ τὸ αἰσθητὸν τὴν αἴσθησιν. ἡ δέ γε αἴσθησις τὸ πρός τί πως ἔχει εἴσεται. καὶ ἐπὶ τῶν καθ᾽ ἕκαςα δὲ δῆ"
tlg001,8,συν,συν,1,5,172,False,"ρεῖται καὶ τὸ σῶμα (τῶν γὰρ αἰσθητῶν τὸ σῶμα), σώς πρός τί πως ἔχειν, κἀκεῖνο οἶδε πρὸς ὁ τοῦτό πως ἔχει ⏎ ματος δὲ μὴ ὄντος ἀναιρεῖται καὶ ἡ αἴσθησις, ώςε συν εἰ γὰρ οὐκ οἶδεν ὅλως πρὸς ὁ τοῦτό πως ἔχει, οὐδ' εἰ ⏎ αναιρεῖ τὸ αἰσθητὸν τὴν αἴσθησιν. ἡ δέ γε αἴσθησις τὸ πρός τί πως ἔχει εἴσεται. καὶ ἐπὶ τῶν καθ᾽ ἕκαςα δὲ δῆ"
tlg001,8,αναιρεῖ,αναιρεῖ,1,6,229,False,"ματος δὲ μὴ ὄντος ἀναιρεῖται καὶ ἡ αἴσθησις, ώςε συν εἰ γὰρ οὐκ οἶδεν ὅλως πρὸς ὁ τοῦτό πως ἔχει, οὐδ' εἰ ⏎ αναιρεῖ τὸ αἰσθητὸν τὴν αἴσθησιν. ἡ δέ γε αἴσθησις τὸ πρός τί πως ἔχει εἴσεται. καὶ ἐπὶ τῶν καθ᾽ ἕκαςα δὲ δῆ ⏎ αἰσθητὸν οὐ συναναιρεῖ ζών γὰρ ἀναιρεθέντος αἴσθησις μὲν λον τὸ τοιοῦτον, οἷον τόδε τι εἰ οἶδε ἀφωρισμένως ὅτι ἔτι ."
tlg001,8,καθ᾽,καθ᾽,1,6,321,False,"ματος δὲ μὴ ὄντος ἀναιρεῖται καὶ ἡ αἴσθησις, ώςε συν εἰ γὰρ οὐκ οἶδεν ὅλως πρὸς ὁ τοῦτό πως ἔχει, οὐδ' εἰ ⏎ αναιρεῖ τὸ αἰσθητὸν τὴν αἴσθησιν. ἡ δέ γε αἴσθησις τὸ πρός τί πως ἔχει εἴσεται. καὶ ἐπὶ τῶν καθ᾽ ἕκαςα δὲ δῆ ⏎ αἰσθητὸν οὐ συναναιρεῖ ζών γὰρ ἀναιρεθέντος αἴσθησις μὲν λον τὸ τοιοῦτον, οἷον τόδε τι εἰ οἶδε ἀφωρισμένως ὅτι ἔτι ."
tlg001,8,δῆ,δῆ,1,6,335,False,"ματος δὲ μὴ ὄντος ἀναιρεῖται καὶ ἡ αἴσθησις, ώςε συν εἰ γὰρ οὐκ οἶδεν ὅλως πρὸς ὁ τοῦτό πως ἔχει, οὐδ' εἰ ⏎ αναιρεῖ τὸ αἰσθητὸν τὴν αἴσθησιν. ἡ δέ γε αἴσθησις τὸ πρός τί πως ἔχει εἴσεται. καὶ ἐπὶ τῶν καθ᾽ ἕκαςα δὲ δῆ ⏎ αἰσθητὸν οὐ συναναιρεῖ ζών γὰρ ἀναιρεθέντος αἴσθησις μὲν λον τὸ τοιοῦτον, οἷον τόδε τι εἰ οἶδε ἀφωρισμένως ὅτι ἔτι ."
tlg001,8,ζών,ζών,1,7,361,False,"αναιρεῖ τὸ αἰσθητὸν τὴν αἴσθησιν. ἡ δέ γε αἴσθησις τὸ πρός τί πως ἔχει εἴσεται. καὶ ἐπὶ τῶν καθ᾽ ἕκαςα δὲ δῆ ⏎ αἰσθητὸν οὐ συναναιρεῖ ζών γὰρ ἀναιρεθέντος αἴσθησις μὲν λον τὸ τοιοῦτον, οἷον τόδε τι εἰ οἶδε ἀφωρισμένως ὅτι ἔτι . ⏎ ἀναιρεῖται, αἰσθητὸν δὲ ἔςαι, οἷον σῶμα, θερμόν, γλυκύ, 5 διπλάσιον, καὶ ὅτε διπλάσιόν ἐςιν εὐθὺς ἀφωρισμένως οι"
tlg001,8,λον,λον,1,7,395,False,"αναιρεῖ τὸ αἰσθητὸν τὴν αἴσθησιν. ἡ δέ γε αἴσθησις τὸ πρός τί πως ἔχει εἴσεται. καὶ ἐπὶ τῶν καθ᾽ ἕκαςα δὲ δῆ ⏎ αἰσθητὸν οὐ συναναιρεῖ ζών γὰρ ἀναιρεθέντος αἴσθησις μὲν λον τὸ τοιοῦτον, οἷον τόδε τι εἰ οἶδε ἀφωρισμένως ὅτι ἔτι . ⏎ ἀναιρεῖται, αἰσθητὸν δὲ ἔςαι, οἷον σῶμα, θερμόν, γλυκύ, 5 διπλάσιον, καὶ ὅτε διπλάσιόν ἐςιν εὐθὺς ἀφωρισμένως οι"
tlg001,8,διπλάσιόν,διπλάσιόν,1,8,532,False,"αἰσθητὸν οὐ συναναιρεῖ ζών γὰρ ἀναιρεθέντος αἴσθησις μὲν λον τὸ τοιοῦτον, οἷον τόδε τι εἰ οἶδε ἀφωρισμένως ὅτι ἔτι . ⏎ ἀναιρεῖται, αἰσθητὸν δὲ ἔςαι, οἷον σῶμα, θερμόν, γλυκύ, 5 διπλάσιον, καὶ ὅτε διπλάσιόν ἐςιν εὐθὺς ἀφωρισμένως οι ⏎ πικρόν, καὶ τἆλλα πάντα ὅσα ἐςὶν αἰσθητά. ἔτι ἡ μὲν δεν· εἰ γὰρ μηδενὸς τῶν ἀφωρισμένων οἶδεν αὐτὸ διπλά-"
tlg001,8,οι,οι,1,8,565,False,"αἰσθητὸν οὐ συναναιρεῖ ζών γὰρ ἀναιρεθέντος αἴσθησις μὲν λον τὸ τοιοῦτον, οἷον τόδε τι εἰ οἶδε ἀφωρισμένως ὅτι ἔτι . ⏎ ἀναιρεῖται, αἰσθητὸν δὲ ἔςαι, οἷον σῶμα, θερμόν, γλυκύ, 5 διπλάσιον, καὶ ὅτε διπλάσιόν ἐςιν εὐθὺς ἀφωρισμένως οι ⏎ πικρόν, καὶ τἆλλα πάντα ὅσα ἐςὶν αἰσθητά. ἔτι ἡ μὲν δεν· εἰ γὰρ μηδενὸς τῶν ἀφωρισμένων οἶδεν αὐτὸ διπλά-"
tlg001,8,δεν,δεν,1,9,620,False,"ἀναιρεῖται, αἰσθητὸν δὲ ἔςαι, οἷον σῶμα, θερμόν, γλυκύ, 5 διπλάσιον, καὶ ὅτε διπλάσιόν ἐςιν εὐθὺς ἀφωρισμένως οι ⏎ πικρόν, καὶ τἆλλα πάντα ὅσα ἐςὶν αἰσθητά. ἔτι ἡ μὲν δεν· εἰ γὰρ μηδενὸς τῶν ἀφωρισμένων οἶδεν αὐτὸ διπλά- ⏎ αἴσθησις ἅμα τῷ αἰσθητικῷ γίνεται· ἅμα γὰρ τῷ ζῴῳ σιον, οὐδ' εἰ διπλάσιον ἐςιν ὅλως οἶδεν. ὡσαύτως δὲ καὶ"
tlg001,8,αἴσθητόν,αἴσθητόν,1,11,811,False,"αἴσθησις ἅμα τῷ αἰσθητικῷ γίνεται· ἅμα γὰρ τῷ ζῴῳ σιον, οὐδ' εἰ διπλάσιον ἐςιν ὅλως οἶδεν. ὡσαύτως δὲ καὶ ⏎ γίνεται καὶ αἴσθησις· τὸ δέ γε αἴσθητόν ἐςι καὶ πρὸ τοῦ τόδε τι εἰ οἶδεν ὅτι κάλλιόν ἐςι, καὶ ὅτου κάλλιόν ἐςιν ⏎ ζῷον ἢ αἴσθησιν εἶναι· πῦρ γὰρ καὶ ὕδωρ καὶ τὰ τοιαῦτα, εὐθὺς ἀφωρισμένως ἀναγκαῖον εἰδέναι διὰ ταῦτα. οὐκ ἀστ"
tlg001,8,ἀστ,ἀστ,1,12,999,False,"γίνεται καὶ αἴσθησις· τὸ δέ γε αἴσθητόν ἐςι καὶ πρὸ τοῦ τόδε τι εἰ οἶδεν ὅτι κάλλιόν ἐςι, καὶ ὅτου κάλλιόν ἐςιν ⏎ ζῷον ἢ αἴσθησιν εἶναι· πῦρ γὰρ καὶ ὕδωρ καὶ τὰ τοιαῦτα, εὐθὺς ἀφωρισμένως ἀναγκαῖον εἰδέναι διὰ ταῦτα. οὐκ ἀστ ⏎ ἐξ ὧν καὶ τὸ ζῷον συνίςαται, ἔτι καὶ πρὸ τῆ ζῷον ὅλως 10 ρίςως δὲ εἴσεται ὅτι τῖτό ἐςι χείρονος κάλλιον· ὑπόληψις"
tlg001,8,τῆ,τῆ,1,13,1044,False,"ζῷον ἢ αἴσθησιν εἶναι· πῦρ γὰρ καὶ ὕδωρ καὶ τὰ τοιαῦτα, εὐθὺς ἀφωρισμένως ἀναγκαῖον εἰδέναι διὰ ταῦτα. οὐκ ἀστ ⏎ ἐξ ὧν καὶ τὸ ζῷον συνίςαται, ἔτι καὶ πρὸ τῆ ζῷον ὅλως 10 ρίςως δὲ εἴσεται ὅτι τῖτό ἐςι χείρονος κάλλιον· ὑπόληψις ⏎ εἶναι ἡ αἴσθησιν, ὥςε πρότερον ἂν τῆς αἰσθήσεως τὸ αἰσθη- γὰρ τὸ τοιοῦτο γίνεται, οὐκ ἐπισήμη: ὁ γὰρ ἔτι ἀκριβῶς"
tlg001,8,ρίστως,ρίςως,1,13,1060,False,"ζῷον ἢ αἴσθησιν εἶναι· πῦρ γὰρ καὶ ὕδωρ καὶ τὰ τοιαῦτα, εὐθὺς ἀφωρισμένως ἀναγκαῖον εἰδέναι διὰ ταῦτα. οὐκ ἀστ ⏎ ἐξ ὧν καὶ τὸ ζῷον συνίςαται, ἔτι καὶ πρὸ τῆ ζῷον ὅλως 10 ρίςως δὲ εἴσεται ὅτι τῖτό ἐςι χείρονος κάλλιον· ὑπόληψις ⏎ εἶναι ἡ αἴσθησιν, ὥςε πρότερον ἂν τῆς αἰσθήσεως τὸ αἰσθη- γὰρ τὸ τοιοῦτο γίνεται, οὐκ ἐπισήμη: ὁ γὰρ ἔτι ἀκριβῶς"
tlg001,8,τῖτό,τῖτό,1,13,1081,False,"ζῷον ἢ αἴσθησιν εἶναι· πῦρ γὰρ καὶ ὕδωρ καὶ τὰ τοιαῦτα, εὐθὺς ἀφωρισμένως ἀναγκαῖον εἰδέναι διὰ ταῦτα. οὐκ ἀστ ⏎ ἐξ ὧν καὶ τὸ ζῷον συνίςαται, ἔτι καὶ πρὸ τῆ ζῷον ὅλως 10 ρίςως δὲ εἴσεται ὅτι τῖτό ἐςι χείρονος κάλλιον· ὑπόληψις ⏎ εἶναι ἡ αἴσθησιν, ὥςε πρότερον ἂν τῆς αἰσθήσεως τὸ αἰσθη- γὰρ τὸ τοιοῦτο γίνεται, οὐκ ἐπισήμη: ὁ γὰρ ἔτι ἀκριβῶς"
tlg001,8,χείρονος,χείρονος,1,13,1090,False,"ζῷον ἢ αἴσθησιν εἶναι· πῦρ γὰρ καὶ ὕδωρ καὶ τὰ τοιαῦτα, εὐθὺς ἀφωρισμένως ἀναγκαῖον εἰδέναι διὰ ταῦτα. οὐκ ἀστ ⏎ ἐξ ὧν καὶ τὸ ζῷον συνίςαται, ἔτι καὶ πρὸ τῆ ζῷον ὅλως 10 ρίςως δὲ εἴσεται ὅτι τῖτό ἐςι χείρονος κάλλιον· ὑπόληψις ⏎ εἶναι ἡ αἴσθησιν, ὥςε πρότερον ἂν τῆς αἰσθήσεως τὸ αἰσθη- γὰρ τὸ τοιοῦτο γίνεται, οὐκ ἐπισήμη: ὁ γὰρ ἔτι ἀκριβῶς"
tlg001,8,ἐπισήμη,ἐπισήμη,1,14,1203,False,"ἐξ ὧν καὶ τὸ ζῷον συνίςαται, ἔτι καὶ πρὸ τῆ ζῷον ὅλως 10 ρίςως δὲ εἴσεται ὅτι τῖτό ἐςι χείρονος κάλλιον· ὑπόληψις ⏎ εἶναι ἡ αἴσθησιν, ὥςε πρότερον ἂν τῆς αἰσθήσεως τὸ αἰσθη- γὰρ τὸ τοιοῦτο γίνεται, οὐκ ἐπισήμη: ὁ γὰρ ἔτι ἀκριβῶς ⏎ τὸν εἶναι δόξειεν."
tlg001,8,χείρονος,χείρονος,2,16,1265,False,"τὸν εἶναι δόξειεν. ⏎ εἴσεται ὅτι ἐςὶ χείρονος κάλλιον. εἰ γὰρ οὕτως ἔτυχεν, ⏎ οὐδέν ἐςι χεῖρον αὐτό. ὥςε φανερὸν ὅτι ἀναγκαῖόν ἐςιν,"
tlg001,8,αὐτό,αὐτό,1,17,1321,False,"εἴσεται ὅτι ἐςὶ χείρονος κάλλιον. εἰ γὰρ οὕτως ἔτυχεν, ⏎ οὐδέν ἐςι χεῖρον αὐτό. ὥςε φανερὸν ὅτι ἀναγκαῖόν ἐςιν, ⏎ ἂν εἰδῇ τις τῶν πρός τι ἀφωρισμένως, κἀκεῖνο πρὸς ὃ"
tlg001,8,ἔκαστον,ἔκαςον,1,20,1476,False,"λέγεται ἀφωρισμένως εἰδέναι. τὴν δέ γε κεφαλὴν καὶ τὴν ⏎ χεῖρα καὶ ἔκαςον τῶν τοιούτων, ἅ εἰσιν οὐσίαι, αὐτὸ μὲν ⏎ ὅπερ ἐςὶν ὡρισμένως ἔςιν εἰδέναι, πρὸς ἃ δὲ λέγεται, οὐκ"
tlg001,8,ἅ,ἅ,1,20,1497,False,"λέγεται ἀφωρισμένως εἰδέναι. τὴν δέ γε κεφαλὴν καὶ τὴν ⏎ χεῖρα καὶ ἔκαςον τῶν τοιούτων, ἅ εἰσιν οὐσίαι, αὐτὸ μὲν ⏎ ὅπερ ἐςὶν ὡρισμένως ἔςιν εἰδέναι, πρὸς ἃ δὲ λέγεται, οὐκ"
tlg001,8,εἰσιν,εἰσιν,1,20,1499,False,"λέγεται ἀφωρισμένως εἰδέναι. τὴν δέ γε κεφαλὴν καὶ τὴν ⏎ χεῖρα καὶ ἔκαςον τῶν τοιούτων, ἅ εἰσιν οὐσίαι, αὐτὸ μὲν ⏎ ὅπερ ἐςὶν ὡρισμένως ἔςιν εἰδέναι, πρὸς ἃ δὲ λέγεται, οὐκ"
tlg001,8,τίς,τίς,1,24,1717,False,ἔςιν εἰδέναι ὡρισμένως. ὥςε ἐκ ἂν εἴη ταῦτα τῶν πρός τι ⏎ εἰ δὲ μή ἐςι ταῦτα τῶν πρός τίς ἀληθὲς ἂν εἴη λέγειν ⏎ ὅτι ἐδεμία ἐσία τῶν πρός τί ἐςιν. ἴσως δὲ χαλεπὸν ὑπὲρ
tlg001,8,ἐφ᾽,ἐφ᾽,1,27,1882,False,τῶν τοιούτων σφοδρῶς ἀποφαίνεσθαι μὴ πολλάκις ἐπε- ⏎ σκεμμένον· τὸ μέντοι διηπορηκέναι ἐφ᾽ ἑκάςου αὐτῶν οὐκ ⏎ ἄχρηςόν ἔςιν.
tlg001,8,ἄχρηστόν,ἄχρηςόν,1,28,1903,False,σκεμμένον· τὸ μέντοι διηπορηκέναι ἐφ᾽ ἑκάςου αὐτῶν οὐκ ⏎ ἄχρηςόν ἔςιν. ⏎ ४
tlg001,8,δ,δ,1,30,1919,False,४ ⏎ δ' ⏎ Α
tlg001,8,α,α,1,31,1922,False,δ' ⏎ Α ⏎ αν
tlg001,8,αν,αν,1,32,1924,False,Α ⏎ αν ⏎ στα Ἔχει δὲ ἀπορίαν πότερον οὐδεμία ουσία τῶν πρός τι
tlg001,8,στα,στα,1,33,1927,False,"αν ⏎ στα Ἔχει δὲ ἀπορίαν πότερον οὐδεμία ουσία τῶν πρός τι ⏎ λέγεται, καθάπερ δοκεῖ, ἢ τοῦτο ἐνδέχεται κατά τινας"
tlg001,8,ουσία,ουσία,1,33,1963,False,"αν ⏎ στα Ἔχει δὲ ἀπορίαν πότερον οὐδεμία ουσία τῶν πρός τι ⏎ λέγεται, καθάπερ δοκεῖ, ἢ τοῦτο ἐνδέχεται κατά τινας"
tlg001,8,ἔπε,ἔπε,1,36,2115,False,"τῶν δευτέρων ἐσιῶν. ἐπὶ μὲν γὰρ τῶν πρώτων ἐσιῶν ἀλη- 15 ⏎ θές ἐςιν ἔτε γὰρ τὰ ὅλα ἔπε τὰ μέρη πρός τι λέγεται. ⏎ ὁ γάρ τις ἄνθρωπος οὐ λέγεται τινός τις ἄνθρωπος, οὐδὲ"
tlg001,8,τινός,τινός,1,37,2174,False,"θές ἐςιν ἔτε γὰρ τὰ ὅλα ἔπε τὰ μέρη πρός τι λέγεται. ⏎ ὁ γάρ τις ἄνθρωπος οὐ λέγεται τινός τις ἄνθρωπος, οὐδὲ ⏎ ὁ τὶς βοῦς τινός τις βοῦς. ὡσαύτως δὲ καὶ τὰ μέρη· ἡ"
tlg001,8,τινός,τινός,2,38,2210,False,"ὁ γάρ τις ἄνθρωπος οὐ λέγεται τινός τις ἄνθρωπος, οὐδὲ ⏎ ὁ τὶς βοῦς τινός τις βοῦς. ὡσαύτως δὲ καὶ τὰ μέρη· ἡ ⏎ γάρ τις χεὶρ οὐ λέγεται τινός τις χεὶρ ἀλλά τινος χείρ,"
tlg001,8,τινός,τινός,3,39,2276,False,"ὁ τὶς βοῦς τινός τις βοῦς. ὡσαύτως δὲ καὶ τὰ μέρη· ἡ ⏎ γάρ τις χεὶρ οὐ λέγεται τινός τις χεὶρ ἀλλά τινος χείρ, ⏎ καὶ ἡ τὶς κεφαλὴ οὐ λέγεται τινός τις κεφαλὴ ἀλλά 20"
tlg001,8,τινός,τινός,4,40,2336,False,"γάρ τις χεὶρ οὐ λέγεται τινός τις χεὶρ ἀλλά τινος χείρ, ⏎ καὶ ἡ τὶς κεφαλὴ οὐ λέγεται τινός τις κεφαλὴ ἀλλά 20 ⏎ τινος κεφαλή. ὡσαύτως δὲ καὶ ἐπὶ τῶν δευτέρων οὐσιῶν,"
tlg001,8,ἄνω,ἄνω,1,42,2467,False,"τινος κεφαλή. ὡσαύτως δὲ καὶ ἐπὶ τῶν δευτέρων οὐσιῶν, ⏎ ἐπί γε τῶν πλείσων, οἷον ὁ ἄνθρωπος ἐ λέγεται τινὸς ἄνω ⏎ θρωπος, ἐδὲ ὁ βοῦς τινὸς βοῦς, ἐδὲ τὸ ξύλον τινὸς ξύλον,"
tlg001,8,θρωπος,θρωπος,1,43,2471,False,"ἐπί γε τῶν πλείσων, οἷον ὁ ἄνθρωπος ἐ λέγεται τινὸς ἄνω ⏎ θρωπος, ἐδὲ ὁ βοῦς τινὸς βοῦς, ἐδὲ τὸ ξύλον τινὸς ξύλον, ⏎ ἀλλά τινος κτῆμα λέγεται. ἐπὶ μὲν ἔν τῶν τοιούτων φα-"
tlg001,8,ἔν,ἔν,1,44,2562,False,"θρωπος, ἐδὲ ὁ βοῦς τινὸς βοῦς, ἐδὲ τὸ ξύλον τινὸς ξύλον, ⏎ ἀλλά τινος κτῆμα λέγεται. ἐπὶ μὲν ἔν τῶν τοιούτων φα- ⏎ νερὸν ὅτι οὐκ ἔςι τῶν πρός τι· ἐπ᾿ ἐνίων δὲ τῶν δευτέρων 25 : Ποιότητα δὲ λέγω καθ᾽ ἣν ποιοί τινες εἶναι λέγονται. 8"
tlg001,8,ἐπ᾿,ἐπ᾿,1,45,2613,False,"ἀλλά τινος κτῆμα λέγεται. ἐπὶ μὲν ἔν τῶν τοιούτων φα- ⏎ νερὸν ὅτι οὐκ ἔςι τῶν πρός τι· ἐπ᾿ ἐνίων δὲ τῶν δευτέρων 25 : Ποιότητα δὲ λέγω καθ᾽ ἣν ποιοί τινες εἶναι λέγονται. 8 ⏎ οὐσιῶν ἔχει ἀμφισβήτησιν, οἷον ἡ κεφαλὴ τινὸς λέγεται ἔτι δὲ ἡ ποιότης τῶν πλεοναχῶς λεγομένων. ἓν μὲν οὖν"
tlg001,8,καθ᾽,καθ᾽,2,45,2661,False,"ἀλλά τινος κτῆμα λέγεται. ἐπὶ μὲν ἔν τῶν τοιούτων φα- ⏎ νερὸν ὅτι οὐκ ἔςι τῶν πρός τι· ἐπ᾿ ἐνίων δὲ τῶν δευτέρων 25 : Ποιότητα δὲ λέγω καθ᾽ ἣν ποιοί τινες εἶναι λέγονται. 8 ⏎ οὐσιῶν ἔχει ἀμφισβήτησιν, οἷον ἡ κεφαλὴ τινὸς λέγεται ἔτι δὲ ἡ ποιότης τῶν πλεοναχῶς λεγομένων. ἓν μὲν οὖν"
tlg001,8,ἔκαστον,ἔκαςον,2,47,2847,False,"οὐσιῶν ἔχει ἀμφισβήτησιν, οἷον ἡ κεφαλὴ τινὸς λέγεται ἔτι δὲ ἡ ποιότης τῶν πλεοναχῶς λεγομένων. ἓν μὲν οὖν ⏎ κεφαλὴ καὶ ἡ χεὶρ τινὸς λέγεται χεὶρ καὶ ἔκαςον τῶν εἶδος ποιότητος ἕξις καὶ διάθεσις λεγέσθωσαν. διαφέρει δὲ ⏎ τοιέτων, ὥτε ταῦτα τῶν πρός τι δόξειεν ἂν εἶναι. εἰ μὲν ἕξις διαθέσεως τῷ πολὺ χρονιώτερον εἶναι καὶ μονιμώτερον."
tlg001,8,ὥτε,ὥτε,1,48,2925,False,"κεφαλὴ καὶ ἡ χεὶρ τινὸς λέγεται χεὶρ καὶ ἔκαςον τῶν εἶδος ποιότητος ἕξις καὶ διάθεσις λεγέσθωσαν. διαφέρει δὲ ⏎ τοιέτων, ὥτε ταῦτα τῶν πρός τι δόξειεν ἂν εἶναι. εἰ μὲν ἕξις διαθέσεως τῷ πολὺ χρονιώτερον εἶναι καὶ μονιμώτερον. ⏎ ἦν ἱκανῶς ὁ τῶν πρός τι ὁρισμὸς ἀποδέδοται, ἢ τῶν πάνυ τοιαῦται δὲ αἵ τε ἐπιςῆμαι καὶ αἱ ἀρεταί· ἥ τε γὰρ ἐπισ"
tlg001,8,ἦν,ἦν,1,49,3030,False,"τοιέτων, ὥτε ταῦτα τῶν πρός τι δόξειεν ἂν εἶναι. εἰ μὲν ἕξις διαθέσεως τῷ πολὺ χρονιώτερον εἶναι καὶ μονιμώτερον. ⏎ ἦν ἱκανῶς ὁ τῶν πρός τι ὁρισμὸς ἀποδέδοται, ἢ τῶν πάνυ τοιαῦται δὲ αἵ τε ἐπιςῆμαι καὶ αἱ ἀρεταί· ἥ τε γὰρ ἐπισ ⏎ χαλεπῶν ἢ τῶν ἀδυνάτων ἐςὶ τὸ δεῖξαι ὡς ἐδεμία ἐσία 30 φήμη δοκεῖ τῶν παραμονίμων εἶναι καὶ δυσκινήτων, ἐὰν καὶ"
tlg001,8,ἐπισ,ἐπισ,1,49,3136,False,"τοιέτων, ὥτε ταῦτα τῶν πρός τι δόξειεν ἂν εἶναι. εἰ μὲν ἕξις διαθέσεως τῷ πολὺ χρονιώτερον εἶναι καὶ μονιμώτερον. ⏎ ἦν ἱκανῶς ὁ τῶν πρός τι ὁρισμὸς ἀποδέδοται, ἢ τῶν πάνυ τοιαῦται δὲ αἵ τε ἐπιςῆμαι καὶ αἱ ἀρεταί· ἥ τε γὰρ ἐπισ ⏎ χαλεπῶν ἢ τῶν ἀδυνάτων ἐςὶ τὸ δεῖξαι ὡς ἐδεμία ἐσία 30 φήμη δοκεῖ τῶν παραμονίμων εἶναι καὶ δυσκινήτων, ἐὰν καὶ"
tlg001,8,φήμη,φήμη,1,50,3196,False,"ἦν ἱκανῶς ὁ τῶν πρός τι ὁρισμὸς ἀποδέδοται, ἢ τῶν πάνυ τοιαῦται δὲ αἵ τε ἐπιςῆμαι καὶ αἱ ἀρεταί· ἥ τε γὰρ ἐπισ ⏎ χαλεπῶν ἢ τῶν ἀδυνάτων ἐςὶ τὸ δεῖξαι ὡς ἐδεμία ἐσία 30 φήμη δοκεῖ τῶν παραμονίμων εἶναι καὶ δυσκινήτων, ἐὰν καὶ ⏎ τῶν πρός τι λέγεται· εἰ δὲ μὴ ἱκανῶς, ἀλλ᾽ ἔςι τα πρός μετρίως τις ἐπισήμην λάβῃ, ἐάν περ μὴ μεγάλη μετα"
tlg001,8,ἀλλ᾽,ἀλλ᾽,1,51,3291,False,"χαλεπῶν ἢ τῶν ἀδυνάτων ἐςὶ τὸ δεῖξαι ὡς ἐδεμία ἐσία 30 φήμη δοκεῖ τῶν παραμονίμων εἶναι καὶ δυσκινήτων, ἐὰν καὶ ⏎ τῶν πρός τι λέγεται· εἰ δὲ μὴ ἱκανῶς, ἀλλ᾽ ἔςι τα πρός μετρίως τις ἐπισήμην λάβῃ, ἐάν περ μὴ μεγάλη μετα ⏎ τι οἷς τὸ εἶναι ταὐτόν ἐςι τῷ πρός τί πως ἔχειν, ἴσως ἂν βολὴ γένηται ὑπὸ νόσου ἢ ἄλλου τινὸς τοιούτο: ὡσαύτως"
tlg001,8,τα,τα,1,51,3300,False,"χαλεπῶν ἢ τῶν ἀδυνάτων ἐςὶ τὸ δεῖξαι ὡς ἐδεμία ἐσία 30 φήμη δοκεῖ τῶν παραμονίμων εἶναι καὶ δυσκινήτων, ἐὰν καὶ ⏎ τῶν πρός τι λέγεται· εἰ δὲ μὴ ἱκανῶς, ἀλλ᾽ ἔςι τα πρός μετρίως τις ἐπισήμην λάβῃ, ἐάν περ μὴ μεγάλη μετα ⏎ τι οἷς τὸ εἶναι ταὐτόν ἐςι τῷ πρός τί πως ἔχειν, ἴσως ἂν βολὴ γένηται ὑπὸ νόσου ἢ ἄλλου τινὸς τοιούτο: ὡσαύτως"
tlg001,8,ἐπισήμην,ἐπισήμην,1,51,3320,False,"χαλεπῶν ἢ τῶν ἀδυνάτων ἐςὶ τὸ δεῖξαι ὡς ἐδεμία ἐσία 30 φήμη δοκεῖ τῶν παραμονίμων εἶναι καὶ δυσκινήτων, ἐὰν καὶ ⏎ τῶν πρός τι λέγεται· εἰ δὲ μὴ ἱκανῶς, ἀλλ᾽ ἔςι τα πρός μετρίως τις ἐπισήμην λάβῃ, ἐάν περ μὴ μεγάλη μετα ⏎ τι οἷς τὸ εἶναι ταὐτόν ἐςι τῷ πρός τί πως ἔχειν, ἴσως ἂν βολὴ γένηται ὑπὸ νόσου ἢ ἄλλου τινὸς τοιούτο: ὡσαύτως"
tlg001,8,μετα,μετα,1,51,3353,False,"χαλεπῶν ἢ τῶν ἀδυνάτων ἐςὶ τὸ δεῖξαι ὡς ἐδεμία ἐσία 30 φήμη δοκεῖ τῶν παραμονίμων εἶναι καὶ δυσκινήτων, ἐὰν καὶ ⏎ τῶν πρός τι λέγεται· εἰ δὲ μὴ ἱκανῶς, ἀλλ᾽ ἔςι τα πρός μετρίως τις ἐπισήμην λάβῃ, ἐάν περ μὴ μεγάλη μετα ⏎ τι οἷς τὸ εἶναι ταὐτόν ἐςι τῷ πρός τί πως ἔχειν, ἴσως ἂν βολὴ γένηται ὑπὸ νόσου ἢ ἄλλου τινὸς τοιούτο: ὡσαύτως"
tlg001,8,βολὴ,βολὴ,1,52,3415,False,"τῶν πρός τι λέγεται· εἰ δὲ μὴ ἱκανῶς, ἀλλ᾽ ἔςι τα πρός μετρίως τις ἐπισήμην λάβῃ, ἐάν περ μὴ μεγάλη μετα ⏎ τι οἷς τὸ εἶναι ταὐτόν ἐςι τῷ πρός τί πως ἔχειν, ἴσως ἂν βολὴ γένηται ὑπὸ νόσου ἢ ἄλλου τινὸς τοιούτο: ὡσαύτως ⏎ ῥηθείη τι πρὸς αὐτά. ὁ δὲ πρότερος ὁρισμὸς παρακολουθεῖ δὲ καὶ ἡ ἀρετή, οἷον ἡ δικαιοσύνη καὶ ἡ σωφροσύνη καὶ"
tlg001,8,ἔκαστον,ἔκαςον,3,54,3634,False,"ῥηθείη τι πρὸς αὐτά. ὁ δὲ πρότερος ὁρισμὸς παρακολουθεῖ δὲ καὶ ἡ ἀρετή, οἷον ἡ δικαιοσύνη καὶ ἡ σωφροσύνη καὶ ⏎ μὲν πᾶσι τοῖς πρός τι, οὐ μὴν ταὐτόν γέ ἐςι τῷ πρός τι ἔκαςον τῶν τοιούτων, οὐκ εὐκίνητον δοκεῖ εἶναι οὐδ᾽ εὐμε ⏎ αὐτοῖς εἶναι τὸ αὐτὰ ἅπερ ἐςὶν ἑτέρων λέγεσθαι. ἐκ δὲ 35 τάβολον. διαθέσεις δὲ λέγονται ἅ ἐςιν εὐκίνητα καὶ ταχὺ"
tlg001,8,οὐδ᾽,οὐδ᾽,1,54,3681,False,"ῥηθείη τι πρὸς αὐτά. ὁ δὲ πρότερος ὁρισμὸς παρακολουθεῖ δὲ καὶ ἡ ἀρετή, οἷον ἡ δικαιοσύνη καὶ ἡ σωφροσύνη καὶ ⏎ μὲν πᾶσι τοῖς πρός τι, οὐ μὴν ταὐτόν γέ ἐςι τῷ πρός τι ἔκαςον τῶν τοιούτων, οὐκ εὐκίνητον δοκεῖ εἶναι οὐδ᾽ εὐμε ⏎ αὐτοῖς εἶναι τὸ αὐτὰ ἅπερ ἐςὶν ἑτέρων λέγεσθαι. ἐκ δὲ 35 τάβολον. διαθέσεις δὲ λέγονται ἅ ἐςιν εὐκίνητα καὶ ταχὺ"
tlg001,8,εὐμε,εὐμε,1,54,3686,False,"ῥηθείη τι πρὸς αὐτά. ὁ δὲ πρότερος ὁρισμὸς παρακολουθεῖ δὲ καὶ ἡ ἀρετή, οἷον ἡ δικαιοσύνη καὶ ἡ σωφροσύνη καὶ ⏎ μὲν πᾶσι τοῖς πρός τι, οὐ μὴν ταὐτόν γέ ἐςι τῷ πρός τι ἔκαςον τῶν τοιούτων, οὐκ εὐκίνητον δοκεῖ εἶναι οὐδ᾽ εὐμε ⏎ αὐτοῖς εἶναι τὸ αὐτὰ ἅπερ ἐςὶν ἑτέρων λέγεσθαι. ἐκ δὲ 35 τάβολον. διαθέσεις δὲ λέγονται ἅ ἐςιν εὐκίνητα καὶ ταχὺ"
tlg001,8,τάβολον,τάβολον,1,55,3748,False,"μὲν πᾶσι τοῖς πρός τι, οὐ μὴν ταὐτόν γέ ἐςι τῷ πρός τι ἔκαςον τῶν τοιούτων, οὐκ εὐκίνητον δοκεῖ εἶναι οὐδ᾽ εὐμε ⏎ αὐτοῖς εἶναι τὸ αὐτὰ ἅπερ ἐςὶν ἑτέρων λέγεσθαι. ἐκ δὲ 35 τάβολον. διαθέσεις δὲ λέγονται ἅ ἐςιν εὐκίνητα καὶ ταχὺ ⏎ τούτων δῆλόν ἐςιν ὅτι ἐάν τις εἰδῇ τι ὡρισμένως τῶν πρός μεταβάλλοντα, οἷον θερμότης καὶ κατάψυξις καὶ νόσος"
tlg001,8,ἅ,ἅ,2,55,3779,False,"μὲν πᾶσι τοῖς πρός τι, οὐ μὴν ταὐτόν γέ ἐςι τῷ πρός τι ἔκαςον τῶν τοιούτων, οὐκ εὐκίνητον δοκεῖ εἶναι οὐδ᾽ εὐμε ⏎ αὐτοῖς εἶναι τὸ αὐτὰ ἅπερ ἐςὶν ἑτέρων λέγεσθαι. ἐκ δὲ 35 τάβολον. διαθέσεις δὲ λέγονται ἅ ἐςιν εὐκίνητα καὶ ταχὺ ⏎ τούτων δῆλόν ἐςιν ὅτι ἐάν τις εἰδῇ τι ὡρισμένως τῶν πρός μεταβάλλοντα, οἷον θερμότης καὶ κατάψυξις καὶ νόσος"
tlg001,8,ἐστίν,ἐςίν,1,58,4039,False,"τι, κἀκεῖνο πρὸς ὁ λέγεται ὡρισμένως εἴσεται. φανερὸν καὶ ὑγίεια καὶ ὅσα ἄλλα τοιαῦτα: διάκειται μὲν γάρ ⏎ μὲν οὖν καὶ ἐξ αὐτῶν ἐςίν. εἰ γὰρ οἶδέ τις τόδε τι ὅτι πως κατὰ ταύτας ὁ ἄνθρωπος, ταχὺ δὲ μεταβάλλει ἐκ ⏎ ἔςι τῶν πρός τι, ἔτι δὲ τὸ εἶναι τοῖς πρός τι ταὐτὸν τῷ θερμοῦ ψυχρὸς γενόμενος καὶ ἐκ τοῦ ὑγιαίνειν εἰς τὸ νο"
tlg001,8,α,α,2,60,4234,False,"ἔςι τῶν πρός τι, ἔτι δὲ τὸ εἶναι τοῖς πρός τι ταὐτὸν τῷ θερμοῦ ψυχρὸς γενόμενος καὶ ἐκ τοῦ ὑγιαίνειν εἰς τὸ νο ⏎ Α ⏎ 1. αἰσθητῶν καὶ τὸ BC. Ι 2. ἀνήρηται Β. Ι 5. ἀνήρηται Β, ἀναιρεῖται αἰσθητὸν δὲ ἔ corr C. || ἐςιν C. 1 . 6. αἰσθητά om C. ||"
tlg001,8,ι,ι,1,61,4259,False,"Α ⏎ 1. αἰσθητῶν καὶ τὸ BC. Ι 2. ἀνήρηται Β. Ι 5. ἀνήρηται Β, ἀναιρεῖται αἰσθητὸν δὲ ἔ corr C. || ἐςιν C. 1 . 6. αἰσθητά om C. || ⏎ 7. τῷ ζῴῳ] ζῶιόν τε Β. || 9. ζῷον ἢ om B. II είναι ante ή ponit C. || 10. συνίςαται τὸ αἰσθητόν ἔτι pr B. II. 26. οἷον εἰ ἡ C. ΙΙ"
tlg001,8,ἀνήρηται,ἀνήρηται,1,61,4264,False,"Α ⏎ 1. αἰσθητῶν καὶ τὸ BC. Ι 2. ἀνήρηται Β. Ι 5. ἀνήρηται Β, ἀναιρεῖται αἰσθητὸν δὲ ἔ corr C. || ἐςιν C. 1 . 6. αἰσθητά om C. || ⏎ 7. τῷ ζῴῳ] ζῶιόν τε Β. || 9. ζῷον ἢ om B. II είναι ante ή ponit C. || 10. συνίςαται τὸ αἰσθητόν ἔτι pr B. II. 26. οἷον εἰ ἡ C. ΙΙ"
tlg001,8,β,β,1,61,4273,False,"Α ⏎ 1. αἰσθητῶν καὶ τὸ BC. Ι 2. ἀνήρηται Β. Ι 5. ἀνήρηται Β, ἀναιρεῖται αἰσθητὸν δὲ ἔ corr C. || ἐςιν C. 1 . 6. αἰσθητά om C. || ⏎ 7. τῷ ζῴῳ] ζῶιόν τε Β. || 9. ζῷον ἢ om B. II είναι ante ή ponit C. || 10. συνίςαται τὸ αἰσθητόν ἔτι pr B. II. 26. οἷον εἰ ἡ C. ΙΙ"
tlg001,8,ι,ι,2,61,4276,False,"Α ⏎ 1. αἰσθητῶν καὶ τὸ BC. Ι 2. ἀνήρηται Β. Ι 5. ἀνήρηται Β, ἀναιρεῖται αἰσθητὸν δὲ ἔ corr C. || ἐςιν C. 1 . 6. αἰσθητά om C. || ⏎ 7. τῷ ζῴῳ] ζῶιόν τε Β. || 9. ζῷον ἢ om B. II είναι ante ή ponit C. || 10. συνίςαται τὸ αἰσθητόν ἔτι pr B. II. 26. οἷον εἰ ἡ C. ΙΙ"
tlg001,8,ἀνήρηται,ἀνήρηται,2,61,4281,False,"Α ⏎ 1. αἰσθητῶν καὶ τὸ BC. Ι 2. ἀνήρηται Β. Ι 5. ἀνήρηται Β, ἀναιρεῖται αἰσθητὸν δὲ ἔ corr C. || ἐςιν C. 1 . 6. αἰσθητά om C. || ⏎ 7. τῷ ζῴῳ] ζῶιόν τε Β. || 9. ζῷον ἢ om B. II είναι ante ή ponit C. || 10. συνίςαται τὸ αἰσθητόν ἔτι pr B. II. 26. οἷον εἰ ἡ C. ΙΙ"
tlg001,8,β,β,2,61,4290,False,"Α ⏎ 1. αἰσθητῶν καὶ τὸ BC. Ι 2. ἀνήρηται Β. Ι 5. ἀνήρηται Β, ἀναιρεῖται αἰσθητὸν δὲ ἔ corr C. || ἐςιν C. 1 . 6. αἰσθητά om C. || ⏎ 7. τῷ ζῴῳ] ζῶιόν τε Β. || 9. ζῷον ἢ om B. II είναι ante ή ponit C. || 10. συνίςαται τὸ αἰσθητόν ἔτι pr B. II. 26. οἷον εἰ ἡ C. ΙΙ"
tlg001,8,ἔ,ἔ,1,61,4316,False,"Α ⏎ 1. αἰσθητῶν καὶ τὸ BC. Ι 2. ἀνήρηται Β. Ι 5. ἀνήρηται Β, ἀναιρεῖται αἰσθητὸν δὲ ἔ corr C. || ἐςιν C. 1 . 6. αἰσθητά om C. || ⏎ 7. τῷ ζῴῳ] ζῶιόν τε Β. || 9. ζῷον ἢ om B. II είναι ante ή ponit C. || 10. συνίςαται τὸ αἰσθητόν ἔτι pr B. II. 26. οἷον εἰ ἡ C. ΙΙ"
tlg001,8,ζῶιόν,ζῶιόν,1,62,4372,False,"1. αἰσθητῶν καὶ τὸ BC. Ι 2. ἀνήρηται Β. Ι 5. ἀνήρηται Β, ἀναιρεῖται αἰσθητὸν δὲ ἔ corr C. || ἐςιν C. 1 . 6. αἰσθητά om C. || ⏎ 7. τῷ ζῴῳ] ζῶιόν τε Β. || 9. ζῷον ἢ om B. II είναι ante ή ponit C. || 10. συνίςαται τὸ αἰσθητόν ἔτι pr B. II. 26. οἷον εἰ ἡ C. ΙΙ ⏎ 32. τῷ] τὸ | 34. ταὐτό Β, τοτό C et corr 4. || το BC et corr 4. Ι 35. τῷ pr. C. I 39. τῷ] τὸ Δ."
tlg001,8,β,β,3,62,4381,False,"1. αἰσθητῶν καὶ τὸ BC. Ι 2. ἀνήρηται Β. Ι 5. ἀνήρηται Β, ἀναιρεῖται αἰσθητὸν δὲ ἔ corr C. || ἐςιν C. 1 . 6. αἰσθητά om C. || ⏎ 7. τῷ ζῴῳ] ζῶιόν τε Β. || 9. ζῷον ἢ om B. II είναι ante ή ponit C. || 10. συνίςαται τὸ αἰσθητόν ἔτι pr B. II. 26. οἷον εἰ ἡ C. ΙΙ ⏎ 32. τῷ] τὸ | 34. ταὐτό Β, τοτό C et corr 4. || το BC et corr 4. Ι 35. τῷ pr. C. I 39. τῷ] τὸ Δ."
tlg001,8,είναι,είναι,1,62,4406,False,"1. αἰσθητῶν καὶ τὸ BC. Ι 2. ἀνήρηται Β. Ι 5. ἀνήρηται Β, ἀναιρεῖται αἰσθητὸν δὲ ἔ corr C. || ἐςιν C. 1 . 6. αἰσθητά om C. || ⏎ 7. τῷ ζῴῳ] ζῶιόν τε Β. || 9. ζῷον ἢ om B. II είναι ante ή ponit C. || 10. συνίςαται τὸ αἰσθητόν ἔτι pr B. II. 26. οἷον εἰ ἡ C. ΙΙ ⏎ 32. τῷ] τὸ | 34. ταὐτό Β, τοτό C et corr 4. || το BC et corr 4. Ι 35. τῷ pr. C. I 39. τῷ] τὸ Δ."
tlg001,8,ή,ή,1,62,4417,False,"1. αἰσθητῶν καὶ τὸ BC. Ι 2. ἀνήρηται Β. Ι 5. ἀνήρηται Β, ἀναιρεῖται αἰσθητὸν δὲ ἔ corr C. || ἐςιν C. 1 . 6. αἰσθητά om C. || ⏎ 7. τῷ ζῴῳ] ζῶιόν τε Β. || 9. ζῷον ἢ om B. II είναι ante ή ponit C. || 10. συνίςαται τὸ αἰσθητόν ἔτι pr B. II. 26. οἷον εἰ ἡ C. ΙΙ ⏎ 32. τῷ] τὸ | 34. ταὐτό Β, τοτό C et corr 4. || το BC et corr 4. Ι 35. τῷ pr. C. I 39. τῷ] τὸ Δ."
tlg001,8,ιι,ιι,1,62,4488,False,"1. αἰσθητῶν καὶ τὸ BC. Ι 2. ἀνήρηται Β. Ι 5. ἀνήρηται Β, ἀναιρεῖται αἰσθητὸν δὲ ἔ corr C. || ἐςιν C. 1 . 6. αἰσθητά om C. || ⏎ 7. τῷ ζῴῳ] ζῶιόν τε Β. || 9. ζῷον ἢ om B. II είναι ante ή ponit C. || 10. συνίςαται τὸ αἰσθητόν ἔτι pr B. II. 26. οἷον εἰ ἡ C. ΙΙ ⏎ 32. τῷ] τὸ | 34. ταὐτό Β, τοτό C et corr 4. || το BC et corr 4. Ι 35. τῷ pr. C. I 39. τῷ] τὸ Δ."
tlg001,8,β,β,4,63,4514,False,"7. τῷ ζῴῳ] ζῶιόν τε Β. || 9. ζῷον ἢ om B. II είναι ante ή ponit C. || 10. συνίςαται τὸ αἰσθητόν ἔτι pr B. II. 26. οἷον εἰ ἡ C. ΙΙ ⏎ 32. τῷ] τὸ | 34. ταὐτό Β, τοτό C et corr 4. || το BC et corr 4. Ι 35. τῷ pr. C. I 39. τῷ] τὸ Δ. ⏎ 4. εἰ] εἴ τις C. || 8. ἐσιν ἀφωρισμένως καὶ BC. || 11. τοιῦτον C. || 14. ὃ] ὅτι Β. Η ἐὰν ΑΒ. || 15. εἰδέναι] ἀναγκαῖον εἰδέναι ABC."
tlg001,8,τοτό,τοτό,1,63,4517,False,"7. τῷ ζῴῳ] ζῶιόν τε Β. || 9. ζῷον ἢ om B. II είναι ante ή ponit C. || 10. συνίςαται τὸ αἰσθητόν ἔτι pr B. II. 26. οἷον εἰ ἡ C. ΙΙ ⏎ 32. τῷ] τὸ | 34. ταὐτό Β, τοτό C et corr 4. || το BC et corr 4. Ι 35. τῷ pr. C. I 39. τῷ] τὸ Δ. ⏎ 4. εἰ] εἴ τις C. || 8. ἐσιν ἀφωρισμένως καὶ BC. || 11. τοιῦτον C. || 14. ὃ] ὅτι Β. Η ἐὰν ΑΒ. || 15. εἰδέναι] ἀναγκαῖον εἰδέναι ABC."
tlg001,8,το,το,1,63,4538,False,"7. τῷ ζῴῳ] ζῶιόν τε Β. || 9. ζῷον ἢ om B. II είναι ante ή ponit C. || 10. συνίςαται τὸ αἰσθητόν ἔτι pr B. II. 26. οἷον εἰ ἡ C. ΙΙ ⏎ 32. τῷ] τὸ | 34. ταὐτό Β, τοτό C et corr 4. || το BC et corr 4. Ι 35. τῷ pr. C. I 39. τῷ] τὸ Δ. ⏎ 4. εἰ] εἴ τις C. || 8. ἐσιν ἀφωρισμένως καὶ BC. || 11. τοιῦτον C. || 14. ὃ] ὅτι Β. Η ἐὰν ΑΒ. || 15. εἰδέναι] ἀναγκαῖον εἰδέναι ABC."
tlg001,8,ι,ι,3,63,4555,False,"7. τῷ ζῴῳ] ζῶιόν τε Β. || 9. ζῷον ἢ om B. II είναι ante ή ponit C. || 10. συνίςαται τὸ αἰσθητόν ἔτι pr B. II. 26. οἷον εἰ ἡ C. ΙΙ ⏎ 32. τῷ] τὸ | 34. ταὐτό Β, τοτό C et corr 4. || το BC et corr 4. Ι 35. τῷ pr. C. I 39. τῷ] τὸ Δ. ⏎ 4. εἰ] εἴ τις C. || 8. ἐσιν ἀφωρισμένως καὶ BC. || 11. τοιῦτον C. || 14. ὃ] ὅτι Β. Η ἐὰν ΑΒ. || 15. εἰδέναι] ἀναγκαῖον εἰδέναι ABC."
tlg001,8,δ,δ,2,63,4584,False,"7. τῷ ζῴῳ] ζῶιόν τε Β. || 9. ζῷον ἢ om B. II είναι ante ή ponit C. || 10. συνίςαται τὸ αἰσθητόν ἔτι pr B. II. 26. οἷον εἰ ἡ C. ΙΙ ⏎ 32. τῷ] τὸ | 34. ταὐτό Β, τοτό C et corr 4. || το BC et corr 4. Ι 35. τῷ pr. C. I 39. τῷ] τὸ Δ. ⏎ 4. εἰ] εἴ τις C. || 8. ἐσιν ἀφωρισμένως καὶ BC. || 11. τοιῦτον C. || 14. ὃ] ὅτι Β. Η ἐὰν ΑΒ. || 15. εἰδέναι] ἀναγκαῖον εἰδέναι ABC."
tlg001,8,ἐσιν,ἐσιν,1,64,4610,False,"32. τῷ] τὸ | 34. ταὐτό Β, τοτό C et corr 4. || το BC et corr 4. Ι 35. τῷ pr. C. I 39. τῷ] τὸ Δ. ⏎ 4. εἰ] εἴ τις C. || 8. ἐσιν ἀφωρισμένως καὶ BC. || 11. τοιῦτον C. || 14. ὃ] ὅτι Β. Η ἐὰν ΑΒ. || 15. εἰδέναι] ἀναγκαῖον εἰδέναι ABC. ⏎ 16. απ Β. || 22. ἐπεσκεμμένων pr C. || 28. μονιμώτερον καὶ χρονιώτερον εἶναι C. || 30. ἐὰν καὶ] ἐάν τε Β, ἐὰν Α. [ 38. καταυτὰς Β."
tlg001,8,τοιῦτον,τοιῦτον,1,64,4642,False,"32. τῷ] τὸ | 34. ταὐτό Β, τοτό C et corr 4. || το BC et corr 4. Ι 35. τῷ pr. C. I 39. τῷ] τὸ Δ. ⏎ 4. εἰ] εἴ τις C. || 8. ἐσιν ἀφωρισμένως καὶ BC. || 11. τοιῦτον C. || 14. ὃ] ὅτι Β. Η ἐὰν ΑΒ. || 15. εἰδέναι] ἀναγκαῖον εἰδέναι ABC. ⏎ 16. απ Β. || 22. ἐπεσκεμμένων pr C. || 28. μονιμώτερον καὶ χρονιώτερον εἶναι C. || 30. ἐὰν καὶ] ἐάν τε Β, ἐὰν Α. [ 38. καταυτὰς Β."
tlg001,8,β,β,5,64,4667,False,"32. τῷ] τὸ | 34. ταὐτό Β, τοτό C et corr 4. || το BC et corr 4. Ι 35. τῷ pr. C. I 39. τῷ] τὸ Δ. ⏎ 4. εἰ] εἴ τις C. || 8. ἐσιν ἀφωρισμένως καὶ BC. || 11. τοιῦτον C. || 14. ὃ] ὅτι Β. Η ἐὰν ΑΒ. || 15. εἰδέναι] ἀναγκαῖον εἰδέναι ABC. ⏎ 16. απ Β. || 22. ἐπεσκεμμένων pr C. || 28. μονιμώτερον καὶ χρονιώτερον εἶναι C. || 30. ἐὰν καὶ] ἐάν τε Β, ἐὰν Α. [ 38. καταυτὰς Β."
tlg001,8,η,η,1,64,4670,False,"32. τῷ] τὸ | 34. ταὐτό Β, τοτό C et corr 4. || το BC et corr 4. Ι 35. τῷ pr. C. I 39. τῷ] τὸ Δ. ⏎ 4. εἰ] εἴ τις C. || 8. ἐσιν ἀφωρισμένως καὶ BC. || 11. τοιῦτον C. || 14. ὃ] ὅτι Β. Η ἐὰν ΑΒ. || 15. εἰδέναι] ἀναγκαῖον εἰδέναι ABC. ⏎ 16. απ Β. || 22. ἐπεσκεμμένων pr C. || 28. μονιμώτερον καὶ χρονιώτερον εἶναι C. || 30. ἐὰν καὶ] ἐάν τε Β, ἐὰν Α. [ 38. καταυτὰς Β."
tlg001,8,αβ,αβ,1,64,4676,False,"32. τῷ] τὸ | 34. ταὐτό Β, τοτό C et corr 4. || το BC et corr 4. Ι 35. τῷ pr. C. I 39. τῷ] τὸ Δ. ⏎ 4. εἰ] εἴ τις C. || 8. ἐσιν ἀφωρισμένως καὶ BC. || 11. τοιῦτον C. || 14. ὃ] ὅτι Β. Η ἐὰν ΑΒ. || 15. εἰδέναι] ἀναγκαῖον εἰδέναι ABC. ⏎ 16. απ Β. || 22. ἐπεσκεμμένων pr C. || 28. μονιμώτερον καὶ χρονιώτερον εἶναι C. || 30. ἐὰν καὶ] ἐάν τε Β, ἐὰν Α. [ 38. καταυτὰς Β."
tlg001,8,απ,απ,1,65,4723,False,"4. εἰ] εἴ τις C. || 8. ἐσιν ἀφωρισμένως καὶ BC. || 11. τοιῦτον C. || 14. ὃ] ὅτι Β. Η ἐὰν ΑΒ. || 15. εἰδέναι] ἀναγκαῖον εἰδέναι ABC. ⏎ 16. απ Β. || 22. ἐπεσκεμμένων pr C. || 28. μονιμώτερον καὶ χρονιώτερον εἶναι C. || 30. ἐὰν καὶ] ἐάν τε Β, ἐὰν Α. [ 38. καταυτὰς Β. ⏎ 39. γινόμενος Β."
tlg001,8,β,β,6,65,4726,False,"4. εἰ] εἴ τις C. || 8. ἐσιν ἀφωρισμένως καὶ BC. || 11. τοιῦτον C. || 14. ὃ] ὅτι Β. Η ἐὰν ΑΒ. || 15. εἰδέναι] ἀναγκαῖον εἰδέναι ABC. ⏎ 16. απ Β. || 22. ἐπεσκεμμένων pr C. || 28. μονιμώτερον καὶ χρονιώτερον εἶναι C. || 30. ἐὰν καὶ] ἐάν τε Β, ἐὰν Α. [ 38. καταυτὰς Β. ⏎ 39. γινόμενος Β."
tlg001,8,β,β,7,65,4822,False,"4. εἰ] εἴ τις C. || 8. ἐσιν ἀφωρισμένως καὶ BC. || 11. τοιῦτον C. || 14. ὃ] ὅτι Β. Η ἐὰν ΑΒ. || 15. εἰδέναι] ἀναγκαῖον εἰδέναι ABC. ⏎ 16. απ Β. || 22. ἐπεσκεμμένων pr C. || 28. μονιμώτερον καὶ χρονιώτερον εἶναι C. || 30. ἐὰν καὶ] ἐάν τε Β, ἐὰν Α. [ 38. καταυτὰς Β. ⏎ 39. γινόμενος Β."
tlg001,8,α,α,3,65,4829,False,"4. εἰ] εἴ τις C. || 8. ἐσιν ἀφωρισμένως καὶ BC. || 11. τοιῦτον C. || 14. ὃ] ὅτι Β. Η ἐὰν ΑΒ. || 15. εἰδέναι] ἀναγκαῖον εἰδέναι ABC. ⏎ 16. απ Β. || 22. ἐπεσκεμμένων pr C. || 28. μονιμώτερον καὶ χρονιώτερον εἶναι C. || 30. ἐὰν καὶ] ἐάν τε Β, ἐὰν Α. [ 38. καταυτὰς Β. ⏎ 39. γινόμενος Β."
tlg001,8,καταυτὰς,καταυτὰς,1,65,4838,False,"4. εἰ] εἴ τις C. || 8. ἐσιν ἀφωρισμένως καὶ BC. || 11. τοιῦτον C. || 14. ὃ] ὅτι Β. Η ἐὰν ΑΒ. || 15. εἰδέναι] ἀναγκαῖον εἰδέναι ABC. ⏎ 16. απ Β. || 22. ἐπεσκεμμένων pr C. || 28. μονιμώτερον καὶ χρονιώτερον εἶναι C. || 30. ἐὰν καὶ] ἐάν τε Β, ἐὰν Α. [ 38. καταυτὰς Β. ⏎ 39. γινόμενος Β."
tlg001,8,β,β,8,65,4847,False,"4. εἰ] εἴ τις C. || 8. ἐσιν ἀφωρισμένως καὶ BC. || 11. τοιῦτον C. || 14. ὃ] ὅτι Β. Η ἐὰν ΑΒ. || 15. εἰδέναι] ἀναγκαῖον εἰδέναι ABC. ⏎ 16. απ Β. || 22. ἐπεσκεμμένων pr C. || 28. μονιμώτερον καὶ χρονιώτερον εἶναι C. || 30. ἐὰν καὶ] ἐάν τε Β, ἐὰν Α. [ 38. καταυτὰς Β. ⏎ 39. γινόμενος Β."
tlg001,8,β,β,9,66,4864,False,"16. απ Β. || 22. ἐπεσκεμμένων pr C. || 28. μονιμώτερον καὶ χρονιώτερον εἶναι C. || 30. ἐὰν καὶ] ἐάν τε Β, ἐὰν Α. [ 38. καταυτὰς Β. ⏎ 39. γινόμενος Β."
tlg001,9,α,α,1,1,0,False,Α ⏎ ΚΑΤΗΓΟΡΙΑ Ι.
tlg001,9,κατηγορια,κατηγορια,1,2,2,False,Α ⏎ ΚΑΤΗΓΟΡΙΑ Ι. ⏎ η
tlg001,9,ι,ι,1,2,12,False,Α ⏎ ΚΑΤΗΓΟΡΙΑ Ι. ⏎ η
tlg001,9,η,η,1,3,15,False,ΚΑΤΗΓΟΡΙΑ Ι. ⏎ η ⏎ 15
tlg001,9,αὐς,αὐς,1,6,72,False,"9 ⏎ σεῖν, ὡσαύτως δὲ καὶ ἐπὶ τῶν ἄλλων, εἰ μή τις καὶ αὐς ότητας πεπονθέναι τι· οὔτε γὰρ τὸ μέλι τῷ πεπονθέναι τι ⏎ τῶν τύτων τυγχάνοι διὰ χρόνου πλῆθος ἤδη πεφυσιωμένη λέγεται γλυκύ, ἔτε τῶν ἄλλων τῶν τοιούτων ἐδέν. ὁμοίως"
tlg001,9,ότητας,ότητας,1,6,76,False,"9 ⏎ σεῖν, ὡσαύτως δὲ καὶ ἐπὶ τῶν ἄλλων, εἰ μή τις καὶ αὐς ότητας πεπονθέναι τι· οὔτε γὰρ τὸ μέλι τῷ πεπονθέναι τι ⏎ τῶν τύτων τυγχάνοι διὰ χρόνου πλῆθος ἤδη πεφυσιωμένη λέγεται γλυκύ, ἔτε τῶν ἄλλων τῶν τοιούτων ἐδέν. ὁμοίως"
tlg001,9,τύτων,τύτων,1,7,136,False,"σεῖν, ὡσαύτως δὲ καὶ ἐπὶ τῶν ἄλλων, εἰ μή τις καὶ αὐς ότητας πεπονθέναι τι· οὔτε γὰρ τὸ μέλι τῷ πεπονθέναι τι ⏎ τῶν τύτων τυγχάνοι διὰ χρόνου πλῆθος ἤδη πεφυσιωμένη λέγεται γλυκύ, ἔτε τῶν ἄλλων τῶν τοιούτων ἐδέν. ὁμοίως ⏎ καὶ ἀνίατος ἢ πάνυ δυσκίνητος οὖσα, ἣν ἂν τις ἴσως ἕξιν δὲ τύτοις καὶ ἡ θερμότης καὶ ἡ ψυχρότης παθητικαὶ"
tlg001,9,τύτοις,τύτοις,1,8,299,False,"τῶν τύτων τυγχάνοι διὰ χρόνου πλῆθος ἤδη πεφυσιωμένη λέγεται γλυκύ, ἔτε τῶν ἄλλων τῶν τοιούτων ἐδέν. ὁμοίως ⏎ καὶ ἀνίατος ἢ πάνυ δυσκίνητος οὖσα, ἣν ἂν τις ἴσως ἕξιν δὲ τύτοις καὶ ἡ θερμότης καὶ ἡ ψυχρότης παθητικαὶ ⏎ ἤδη προσαγορεύοι. φανερὸν δὲ ὅτι ταῦτα βούλονται ἕξεις ποιότητες λέγονται· οὐ τῷ αὐτὰ τὰ δεδειγμένα πεπον-"
tlg001,9,βούλονται,βούλονται,1,9,385,False,"καὶ ἀνίατος ἢ πάνυ δυσκίνητος οὖσα, ἣν ἂν τις ἴσως ἕξιν δὲ τύτοις καὶ ἡ θερμότης καὶ ἡ ψυχρότης παθητικαὶ ⏎ ἤδη προσαγορεύοι. φανερὸν δὲ ὅτι ταῦτα βούλονται ἕξεις ποιότητες λέγονται· οὐ τῷ αὐτὰ τὰ δεδειγμένα πεπον- ⏎ λέγειν, ἅ ἐςι πολυχρονιώτερα καὶ δυσκινητότερα· τὶς γὰρ 5 θέναι τι, τῷ δὲ κατὰ τὰς αἰσθήσεις ἑκάςην τῶν εἰρημέ"
tlg001,9,δεδειγμένα,δεδειγμένα,1,9,435,False,"καὶ ἀνίατος ἢ πάνυ δυσκίνητος οὖσα, ἣν ἂν τις ἴσως ἕξιν δὲ τύτοις καὶ ἡ θερμότης καὶ ἡ ψυχρότης παθητικαὶ ⏎ ἤδη προσαγορεύοι. φανερὸν δὲ ὅτι ταῦτα βούλονται ἕξεις ποιότητες λέγονται· οὐ τῷ αὐτὰ τὰ δεδειγμένα πεπον- ⏎ λέγειν, ἅ ἐςι πολυχρονιώτερα καὶ δυσκινητότερα· τὶς γὰρ 5 θέναι τι, τῷ δὲ κατὰ τὰς αἰσθήσεις ἑκάςην τῶν εἰρημέ"
tlg001,9,ἅ,ἅ,1,10,461,False,"ἤδη προσαγορεύοι. φανερὸν δὲ ὅτι ταῦτα βούλονται ἕξεις ποιότητες λέγονται· οὐ τῷ αὐτὰ τὰ δεδειγμένα πεπον- ⏎ λέγειν, ἅ ἐςι πολυχρονιώτερα καὶ δυσκινητότερα· τὶς γὰρ 5 θέναι τι, τῷ δὲ κατὰ τὰς αἰσθήσεις ἑκάςην τῶν εἰρημέ ⏎ τῶν ἐπισημῶν μὴ πάνυ κατέχοντας ἀλλ᾽ εὐκινήτους ὄντας νων ποιοτήτων πάθος εἶναι ποιητικὴν παθητικαὶ ποιότητες"
tlg001,9,τὶς,τὶς,1,10,501,False,"ἤδη προσαγορεύοι. φανερὸν δὲ ὅτι ταῦτα βούλονται ἕξεις ποιότητες λέγονται· οὐ τῷ αὐτὰ τὰ δεδειγμένα πεπον- ⏎ λέγειν, ἅ ἐςι πολυχρονιώτερα καὶ δυσκινητότερα· τὶς γὰρ 5 θέναι τι, τῷ δὲ κατὰ τὰς αἰσθήσεις ἑκάςην τῶν εἰρημέ ⏎ τῶν ἐπισημῶν μὴ πάνυ κατέχοντας ἀλλ᾽ εὐκινήτους ὄντας νων ποιοτήτων πάθος εἶναι ποιητικὴν παθητικαὶ ποιότητες"
tlg001,9,εἰρημέ,εἰρημέ,1,10,557,False,"ἤδη προσαγορεύοι. φανερὸν δὲ ὅτι ταῦτα βούλονται ἕξεις ποιότητες λέγονται· οὐ τῷ αὐτὰ τὰ δεδειγμένα πεπον- ⏎ λέγειν, ἅ ἐςι πολυχρονιώτερα καὶ δυσκινητότερα· τὶς γὰρ 5 θέναι τι, τῷ δὲ κατὰ τὰς αἰσθήσεις ἑκάςην τῶν εἰρημέ ⏎ τῶν ἐπισημῶν μὴ πάνυ κατέχοντας ἀλλ᾽ εὐκινήτους ὄντας νων ποιοτήτων πάθος εἶναι ποιητικὴν παθητικαὶ ποιότητες"
tlg001,9,ἐπισημῶν,ἐπισημῶν,1,11,568,False,"λέγειν, ἅ ἐςι πολυχρονιώτερα καὶ δυσκινητότερα· τὶς γὰρ 5 θέναι τι, τῷ δὲ κατὰ τὰς αἰσθήσεις ἑκάςην τῶν εἰρημέ ⏎ τῶν ἐπισημῶν μὴ πάνυ κατέχοντας ἀλλ᾽ εὐκινήτους ὄντας νων ποιοτήτων πάθος εἶναι ποιητικὴν παθητικαὶ ποιότητες ⏎ οὔ φασιν ἕξιν ἔχειν, καίτοι διάκεινται γέ πως κατὰ τὴν λέγονται· ἥ τε γὰρ γλυκύτης πάθος τι κατὰ τὴν γεῦσιν"
tlg001,9,ἀλλ᾽,ἀλλ᾽,1,11,596,False,"λέγειν, ἅ ἐςι πολυχρονιώτερα καὶ δυσκινητότερα· τὶς γὰρ 5 θέναι τι, τῷ δὲ κατὰ τὰς αἰσθήσεις ἑκάςην τῶν εἰρημέ ⏎ τῶν ἐπισημῶν μὴ πάνυ κατέχοντας ἀλλ᾽ εὐκινήτους ὄντας νων ποιοτήτων πάθος εἶναι ποιητικὴν παθητικαὶ ποιότητες ⏎ οὔ φασιν ἕξιν ἔχειν, καίτοι διάκεινται γέ πως κατὰ τὴν λέγονται· ἥ τε γὰρ γλυκύτης πάθος τι κατὰ τὴν γεῦσιν"
tlg001,9,νων,νων,1,11,618,False,"λέγειν, ἅ ἐςι πολυχρονιώτερα καὶ δυσκινητότερα· τὶς γὰρ 5 θέναι τι, τῷ δὲ κατὰ τὰς αἰσθήσεις ἑκάςην τῶν εἰρημέ ⏎ τῶν ἐπισημῶν μὴ πάνυ κατέχοντας ἀλλ᾽ εὐκινήτους ὄντας νων ποιοτήτων πάθος εἶναι ποιητικὴν παθητικαὶ ποιότητες ⏎ οὔ φασιν ἕξιν ἔχειν, καίτοι διάκεινται γέ πως κατὰ τὴν λέγονται· ἥ τε γὰρ γλυκύτης πάθος τι κατὰ τὴν γεῦσιν"
tlg001,9,διάκεινται,διάκεινται,1,12,702,False,"τῶν ἐπισημῶν μὴ πάνυ κατέχοντας ἀλλ᾽ εὐκινήτους ὄντας νων ποιοτήτων πάθος εἶναι ποιητικὴν παθητικαὶ ποιότητες ⏎ οὔ φασιν ἕξιν ἔχειν, καίτοι διάκεινται γέ πως κατὰ τὴν λέγονται· ἥ τε γὰρ γλυκύτης πάθος τι κατὰ τὴν γεῦσιν ⏎ ἐπισήμην ἢ χεῖρον ἢ βέλτιον. ὥςε διαφέρει ἕξις διαθέσεως ἐμποιεῖ καὶ ἡ θερμότης κατὰ τὴν ἀφήν, ὁμοίως δὲ καὶ"
tlg001,9,ἐπισήμην,ἐπισήμην,1,13,782,False,"οὔ φασιν ἕξιν ἔχειν, καίτοι διάκεινται γέ πως κατὰ τὴν λέγονται· ἥ τε γὰρ γλυκύτης πάθος τι κατὰ τὴν γεῦσιν ⏎ ἐπισήμην ἢ χεῖρον ἢ βέλτιον. ὥςε διαφέρει ἕξις διαθέσεως ἐμποιεῖ καὶ ἡ θερμότης κατὰ τὴν ἀφήν, ὁμοίως δὲ καὶ ⏎ τῷ τὴν μὲν εὐκίνητον εἶναι, τὴν δὲ πολυχρονιωτέραν τε καὶ αἱ ἄλλαι. λευκότης δὲ καὶ μελανία καὶ αἱ ἄλλαι χροιαὶ"
tlg001,9,ἀφήν,ἀφήν,1,13,871,False,"οὔ φασιν ἕξιν ἔχειν, καίτοι διάκεινται γέ πως κατὰ τὴν λέγονται· ἥ τε γὰρ γλυκύτης πάθος τι κατὰ τὴν γεῦσιν ⏎ ἐπισήμην ἢ χεῖρον ἢ βέλτιον. ὥςε διαφέρει ἕξις διαθέσεως ἐμποιεῖ καὶ ἡ θερμότης κατὰ τὴν ἀφήν, ὁμοίως δὲ καὶ ⏎ τῷ τὴν μὲν εὐκίνητον εἶναι, τὴν δὲ πολυχρονιωτέραν τε καὶ αἱ ἄλλαι. λευκότης δὲ καὶ μελανία καὶ αἱ ἄλλαι χροιαὶ"
tlg001,9,διάκεινται,διάκεινται,2,17,1235,False,"διαθέσεις οὐκ ἐξ ἀνάγκης ἕξεις· οἱ μὲν γὰρ ἕξεις ἔχοντες λέγονται, ἀλλὰ τῷ αὐτὰς ἀπὸ πάθους γεγονέναι. ὅτι μὲν ⏎ καὶ διάκεινται γέ πως κατ᾿ αὐτάς, οἱ δὲ διακείμενοι οὐ ἐν γίνονται διὰ πάθος πολλαὶ μεταβολαὶ χρωμάτων, δῆ- ⏎ πάντως καὶ ἕξιν ἔχουσιν."
tlg001,9,κατ᾿,κατ᾿,1,17,1253,False,"διαθέσεις οὐκ ἐξ ἀνάγκης ἕξεις· οἱ μὲν γὰρ ἕξεις ἔχοντες λέγονται, ἀλλὰ τῷ αὐτὰς ἀπὸ πάθους γεγονέναι. ὅτι μὲν ⏎ καὶ διάκεινται γέ πως κατ᾿ αὐτάς, οἱ δὲ διακείμενοι οὐ ἐν γίνονται διὰ πάθος πολλαὶ μεταβολαὶ χρωμάτων, δῆ- ⏎ πάντως καὶ ἕξιν ἔχουσιν."
tlg001,9,καθ᾽,καθ᾽,1,20,1442,False,"λον αἰσχυνθεὶς γάρ τις ἐρυθρὸς ἐγένετο καὶ φοβηθεὶς ⏎ Ἕτερον δὲ γένος ποιότητος καθ᾽ ὁ πυκτικὲς ἢ δρομι- ὠχρὸς καὶ ἔκαςον τῶν τοιέτων· ὥςε καὶ εἴ τις φύσει τῶν ⏎ κὲς ἢ ὑγιεινὸς ἢ νοσώδεις λέγομεν, καὶ ἁπλῶς ὅσα κατὰ τοιέτων τι παθῶν πέπονθεν ἔκ τινων φυσικῶν συμπτωμά"
tlg001,9,πυκτικὲς,πυκτικὲς,1,20,1449,False,"λον αἰσχυνθεὶς γάρ τις ἐρυθρὸς ἐγένετο καὶ φοβηθεὶς ⏎ Ἕτερον δὲ γένος ποιότητος καθ᾽ ὁ πυκτικὲς ἢ δρομι- ὠχρὸς καὶ ἔκαςον τῶν τοιέτων· ὥςε καὶ εἴ τις φύσει τῶν ⏎ κὲς ἢ ὑγιεινὸς ἢ νοσώδεις λέγομεν, καὶ ἁπλῶς ὅσα κατὰ τοιέτων τι παθῶν πέπονθεν ἔκ τινων φυσικῶν συμπτωμά"
tlg001,9,δρομι,δρομι,1,20,1460,False,"λον αἰσχυνθεὶς γάρ τις ἐρυθρὸς ἐγένετο καὶ φοβηθεὶς ⏎ Ἕτερον δὲ γένος ποιότητος καθ᾽ ὁ πυκτικὲς ἢ δρομι- ὠχρὸς καὶ ἔκαςον τῶν τοιέτων· ὥςε καὶ εἴ τις φύσει τῶν ⏎ κὲς ἢ ὑγιεινὸς ἢ νοσώδεις λέγομεν, καὶ ἁπλῶς ὅσα κατὰ τοιέτων τι παθῶν πέπονθεν ἔκ τινων φυσικῶν συμπτωμά"
tlg001,9,ὠχρὸς,ὠχρὸς,1,20,1467,False,"λον αἰσχυνθεὶς γάρ τις ἐρυθρὸς ἐγένετο καὶ φοβηθεὶς ⏎ Ἕτερον δὲ γένος ποιότητος καθ᾽ ὁ πυκτικὲς ἢ δρομι- ὠχρὸς καὶ ἔκαςον τῶν τοιέτων· ὥςε καὶ εἴ τις φύσει τῶν ⏎ κὲς ἢ ὑγιεινὸς ἢ νοσώδεις λέγομεν, καὶ ἁπλῶς ὅσα κατὰ τοιέτων τι παθῶν πέπονθεν ἔκ τινων φυσικῶν συμπτωμά"
tlg001,9,ἔκαστον,ἔκαςον,1,20,1477,False,"λον αἰσχυνθεὶς γάρ τις ἐρυθρὸς ἐγένετο καὶ φοβηθεὶς ⏎ Ἕτερον δὲ γένος ποιότητος καθ᾽ ὁ πυκτικὲς ἢ δρομι- ὠχρὸς καὶ ἔκαςον τῶν τοιέτων· ὥςε καὶ εἴ τις φύσει τῶν ⏎ κὲς ἢ ὑγιεινὸς ἢ νοσώδεις λέγομεν, καὶ ἁπλῶς ὅσα κατὰ τοιέτων τι παθῶν πέπονθεν ἔκ τινων φυσικῶν συμπτωμά"
tlg001,9,κὲς,κὲς,1,21,1522,False,"Ἕτερον δὲ γένος ποιότητος καθ᾽ ὁ πυκτικὲς ἢ δρομι- ὠχρὸς καὶ ἔκαςον τῶν τοιέτων· ὥςε καὶ εἴ τις φύσει τῶν ⏎ κὲς ἢ ὑγιεινὸς ἢ νοσώδεις λέγομεν, καὶ ἁπλῶς ὅσα κατὰ τοιέτων τι παθῶν πέπονθεν ἔκ τινων φυσικῶν συμπτωμά ⏎ δύναμιν φυσικὴν ἢ ἀδυναμίαν λέγεται. οὐ γὰρ τῷ δια των, τὴν ὁμοίαν χροιαν εἰκός ἐςιν ἔχειν αὐτόν· ἥτις γὰρ"
tlg001,9,ἔκ,ἔκ,1,21,1602,False,"Ἕτερον δὲ γένος ποιότητος καθ᾽ ὁ πυκτικὲς ἢ δρομι- ὠχρὸς καὶ ἔκαςον τῶν τοιέτων· ὥςε καὶ εἴ τις φύσει τῶν ⏎ κὲς ἢ ὑγιεινὸς ἢ νοσώδεις λέγομεν, καὶ ἁπλῶς ὅσα κατὰ τοιέτων τι παθῶν πέπονθεν ἔκ τινων φυσικῶν συμπτωμά ⏎ δύναμιν φυσικὴν ἢ ἀδυναμίαν λέγεται. οὐ γὰρ τῷ δια των, τὴν ὁμοίαν χροιαν εἰκός ἐςιν ἔχειν αὐτόν· ἥτις γὰρ"
tlg001,9,συμπτωμά,συμπτωμά,1,21,1619,False,"Ἕτερον δὲ γένος ποιότητος καθ᾽ ὁ πυκτικὲς ἢ δρομι- ὠχρὸς καὶ ἔκαςον τῶν τοιέτων· ὥςε καὶ εἴ τις φύσει τῶν ⏎ κὲς ἢ ὑγιεινὸς ἢ νοσώδεις λέγομεν, καὶ ἁπλῶς ὅσα κατὰ τοιέτων τι παθῶν πέπονθεν ἔκ τινων φυσικῶν συμπτωμά ⏎ δύναμιν φυσικὴν ἢ ἀδυναμίαν λέγεται. οὐ γὰρ τῷ δια των, τὴν ὁμοίαν χροιαν εἰκός ἐςιν ἔχειν αὐτόν· ἥτις γὰρ"
tlg001,9,δια,δια,1,22,1675,False,"κὲς ἢ ὑγιεινὸς ἢ νοσώδεις λέγομεν, καὶ ἁπλῶς ὅσα κατὰ τοιέτων τι παθῶν πέπονθεν ἔκ τινων φυσικῶν συμπτωμά ⏎ δύναμιν φυσικὴν ἢ ἀδυναμίαν λέγεται. οὐ γὰρ τῷ δια των, τὴν ὁμοίαν χροιαν εἰκός ἐςιν ἔχειν αὐτόν· ἥτις γὰρ ⏎ κεῖσθαί γέ πως ἕκαςον τῶν τοιούτων ποιὸν λέγεται, ἀλλὰ νῦν ἐν τῷ αἰσχυνθῆναι διάθεσις τῶν περὶ τὸ σῶμα ἐγένετο,"
tlg001,9,των,των,1,22,1679,False,"κὲς ἢ ὑγιεινὸς ἢ νοσώδεις λέγομεν, καὶ ἁπλῶς ὅσα κατὰ τοιέτων τι παθῶν πέπονθεν ἔκ τινων φυσικῶν συμπτωμά ⏎ δύναμιν φυσικὴν ἢ ἀδυναμίαν λέγεται. οὐ γὰρ τῷ δια των, τὴν ὁμοίαν χροιαν εἰκός ἐςιν ἔχειν αὐτόν· ἥτις γὰρ ⏎ κεῖσθαί γέ πως ἕκαςον τῶν τοιούτων ποιὸν λέγεται, ἀλλὰ νῦν ἐν τῷ αἰσχυνθῆναι διάθεσις τῶν περὶ τὸ σῶμα ἐγένετο,"
tlg001,9,χροιαν,χροιαν,1,22,1695,False,"κὲς ἢ ὑγιεινὸς ἢ νοσώδεις λέγομεν, καὶ ἁπλῶς ὅσα κατὰ τοιέτων τι παθῶν πέπονθεν ἔκ τινων φυσικῶν συμπτωμά ⏎ δύναμιν φυσικὴν ἢ ἀδυναμίαν λέγεται. οὐ γὰρ τῷ δια των, τὴν ὁμοίαν χροιαν εἰκός ἐςιν ἔχειν αὐτόν· ἥτις γὰρ ⏎ κεῖσθαί γέ πως ἕκαςον τῶν τοιούτων ποιὸν λέγεται, ἀλλὰ νῦν ἐν τῷ αἰσχυνθῆναι διάθεσις τῶν περὶ τὸ σῶμα ἐγένετο,"
tlg001,9,κεῖσθαί,κεῖσθαί,1,23,1735,False,"δύναμιν φυσικὴν ἢ ἀδυναμίαν λέγεται. οὐ γὰρ τῷ δια των, τὴν ὁμοίαν χροιαν εἰκός ἐςιν ἔχειν αὐτόν· ἥτις γὰρ ⏎ κεῖσθαί γέ πως ἕκαςον τῶν τοιούτων ποιὸν λέγεται, ἀλλὰ νῦν ἐν τῷ αἰσχυνθῆναι διάθεσις τῶν περὶ τὸ σῶμα ἐγένετο, ⏎ τῷ δύναμιν ἔχειν φυσικὴν ἢ ἀδυναμίαν τοῦ ποιῆσαί τι καὶ κατὰ φυσικὴν σύςασιν ἡ αὐτὴ γένοιτ' ἄν, ὥςε φύσει"
tlg001,9,ἔν,ἔν,1,25,2049,False,"τῷ δύναμιν ἔχειν φυσικὴν ἢ ἀδυναμίαν τοῦ ποιῆσαί τι καὶ κατὰ φυσικὴν σύςασιν ἡ αὐτὴ γένοιτ' ἄν, ὥςε φύσει ⏎ ῥᾳδίως ἢ μηδὲν πάσχειν, οἷον πυκτικοὶ ἢ δρομικοὶ οὐ τῷ καὶ τὴν χροιὰν ὁμοίαν γίγνεσθαι. ὅσα μὲν ἔν τῶν τοιέτων ⏎ διακεῖσθαί πως λέγονται ἀλλὰ τῷ δύναμιν ἔχειν φυσικὴν 20 συμπτωμάτων ἀπό τινων παθῶν δυσκινήτων καὶ παραμο"
tlg001,9,παραμο,παραμο,1,26,2164,False,"ῥᾳδίως ἢ μηδὲν πάσχειν, οἷον πυκτικοὶ ἢ δρομικοὶ οὐ τῷ καὶ τὴν χροιὰν ὁμοίαν γίγνεσθαι. ὅσα μὲν ἔν τῶν τοιέτων ⏎ διακεῖσθαί πως λέγονται ἀλλὰ τῷ δύναμιν ἔχειν φυσικὴν 20 συμπτωμάτων ἀπό τινων παθῶν δυσκινήτων καὶ παραμο ⏎ τοῦ ποιῆσαί τι ῥᾳδίως, ὑγιεινοὶ δὲ λέγονται τῷ δύναμιν νίμων τὴν ἀρχὴν εἴληφε, παθητικαὶ ποιότητες λέγονται."
tlg001,9,νίμων,νίμων,1,27,2226,False,"διακεῖσθαί πως λέγονται ἀλλὰ τῷ δύναμιν ἔχειν φυσικὴν 20 συμπτωμάτων ἀπό τινων παθῶν δυσκινήτων καὶ παραμο ⏎ τοῦ ποιῆσαί τι ῥᾳδίως, ὑγιεινοὶ δὲ λέγονται τῷ δύναμιν νίμων τὴν ἀρχὴν εἴληφε, παθητικαὶ ποιότητες λέγονται. ⏎ ἔχειν φυσικὴν τοῦ μηδὲν πάσχειν ὑπὸ τῶν τυχόντων ῥᾳ εἴτε γὰρ ἐν τῇ κατὰ φύσιν συςάσει ὠχρότης ἢ μελανία"
tlg001,9,ῥᾳ,ῥᾳ,1,28,2329,False,"τοῦ ποιῆσαί τι ῥᾳδίως, ὑγιεινοὶ δὲ λέγονται τῷ δύναμιν νίμων τὴν ἀρχὴν εἴληφε, παθητικαὶ ποιότητες λέγονται. ⏎ ἔχειν φυσικὴν τοῦ μηδὲν πάσχειν ὑπὸ τῶν τυχόντων ῥᾳ εἴτε γὰρ ἐν τῇ κατὰ φύσιν συςάσει ὠχρότης ἢ μελανία ⏎ δίως, νοσώδεις δὲ τῷ ἀδυναμίαν ἔχειν φυσικὴν τοῦ μηδὲν γεγένηται, ποιότητες λέγονται (ποιοὶ γὰρ κατὰ ταύτας λε"
tlg001,9,δίως,δίως,1,29,2384,False,"ἔχειν φυσικὴν τοῦ μηδὲν πάσχειν ὑπὸ τῶν τυχόντων ῥᾳ εἴτε γὰρ ἐν τῇ κατὰ φύσιν συςάσει ὠχρότης ἢ μελανία ⏎ δίως, νοσώδεις δὲ τῷ ἀδυναμίαν ἔχειν φυσικὴν τοῦ μηδὲν γεγένηται, ποιότητες λέγονται (ποιοὶ γὰρ κατὰ ταύτας λε ⏎ πάσχειν ῥᾳδίως ὑπὸ τῶν τυχόντων. ὁμοίως δὲ τούτοις καὶ γόμεθα), εἴτε διὰ νόσον μακρὰν ἢ διὰ καῦμα τὸ αὐτὸ"
tlg001,9,λε,λε,1,29,2492,False,"ἔχειν φυσικὴν τοῦ μηδὲν πάσχειν ὑπὸ τῶν τυχόντων ῥᾳ εἴτε γὰρ ἐν τῇ κατὰ φύσιν συςάσει ὠχρότης ἢ μελανία ⏎ δίως, νοσώδεις δὲ τῷ ἀδυναμίαν ἔχειν φυσικὴν τοῦ μηδὲν γεγένηται, ποιότητες λέγονται (ποιοὶ γὰρ κατὰ ταύτας λε ⏎ πάσχειν ῥᾳδίως ὑπὸ τῶν τυχόντων. ὁμοίως δὲ τούτοις καὶ γόμεθα), εἴτε διὰ νόσον μακρὰν ἢ διὰ καῦμα τὸ αὐτὸ"
tlg001,9,γόμεθα,γόμεθα,1,30,2550,False,"δίως, νοσώδεις δὲ τῷ ἀδυναμίαν ἔχειν φυσικὴν τοῦ μηδὲν γεγένηται, ποιότητες λέγονται (ποιοὶ γὰρ κατὰ ταύτας λε ⏎ πάσχειν ῥᾳδίως ὑπὸ τῶν τυχόντων. ὁμοίως δὲ τούτοις καὶ γόμεθα), εἴτε διὰ νόσον μακρὰν ἢ διὰ καῦμα τὸ αὐτὸ ⏎ τὸ σκληρὸν καὶ τὸ μαλακὸν ἔχει· τὸ μὲν γὰρ σκληρὸν 25 τῖτο συμβέβηκεν ὠχρότης ἢ μελανία, καὶ μὴ ῥᾳδίως ἀπο-"
tlg001,9,τῖτο,τῖτο,1,31,2655,False,"πάσχειν ῥᾳδίως ὑπὸ τῶν τυχόντων. ὁμοίως δὲ τούτοις καὶ γόμεθα), εἴτε διὰ νόσον μακρὰν ἢ διὰ καῦμα τὸ αὐτὸ ⏎ τὸ σκληρὸν καὶ τὸ μαλακὸν ἔχει· τὸ μὲν γὰρ σκληρὸν 25 τῖτο συμβέβηκεν ὠχρότης ἢ μελανία, καὶ μὴ ῥᾳδίως ἀπο- ⏎ λέγεται τῷ δύναμιν ἔχειν τοῦ μὴ ῥᾳδίως διαιρεῖσθαι, τὸ καθίςανται ἢ καὶ διὰ βίο παραμένεσι, ποιότητες καὶ αὐ"
tlg001,9,βίο,βίο,1,32,2785,False,"τὸ σκληρὸν καὶ τὸ μαλακὸν ἔχει· τὸ μὲν γὰρ σκληρὸν 25 τῖτο συμβέβηκεν ὠχρότης ἢ μελανία, καὶ μὴ ῥᾳδίως ἀπο- ⏎ λέγεται τῷ δύναμιν ἔχειν τοῦ μὴ ῥᾳδίως διαιρεῖσθαι, τὸ καθίςανται ἢ καὶ διὰ βίο παραμένεσι, ποιότητες καὶ αὐ ⏎ δὲ μαλακὸν τῷ ἀδυναμίαν ἔχειν τὸ αὐτὸ τότε."
tlg001,9,παραμένεσι,παραμένεσι,1,32,2789,False,"τὸ σκληρὸν καὶ τὸ μαλακὸν ἔχει· τὸ μὲν γὰρ σκληρὸν 25 τῖτο συμβέβηκεν ὠχρότης ἢ μελανία, καὶ μὴ ῥᾳδίως ἀπο- ⏎ λέγεται τῷ δύναμιν ἔχειν τοῦ μὴ ῥᾳδίως διαιρεῖσθαι, τὸ καθίςανται ἢ καὶ διὰ βίο παραμένεσι, ποιότητες καὶ αὐ ⏎ δὲ μαλακὸν τῷ ἀδυναμίαν ἔχειν τὸ αὐτὸ τότε."
tlg001,9,αὐ,αὐ,1,32,2815,False,"τὸ σκληρὸν καὶ τὸ μαλακὸν ἔχει· τὸ μὲν γὰρ σκληρὸν 25 τῖτο συμβέβηκεν ὠχρότης ἢ μελανία, καὶ μὴ ῥᾳδίως ἀπο- ⏎ λέγεται τῷ δύναμιν ἔχειν τοῦ μὴ ῥᾳδίως διαιρεῖσθαι, τὸ καθίςανται ἢ καὶ διὰ βίο παραμένεσι, ποιότητες καὶ αὐ ⏎ δὲ μαλακὸν τῷ ἀδυναμίαν ἔχειν τὸ αὐτὸ τότε."
tlg001,9,τότε,τότε,1,33,2856,False,"λέγεται τῷ δύναμιν ἔχειν τοῦ μὴ ῥᾳδίως διαιρεῖσθαι, τὸ καθίςανται ἢ καὶ διὰ βίο παραμένεσι, ποιότητες καὶ αὐ ⏎ δὲ μαλακὸν τῷ ἀδυναμίαν ἔχειν τὸ αὐτὸ τότε. ⏎ ταὶ λέγονται· ὁμοίως γὰρ ποιοὶ κατὰ ταύτας λεγόμεθα."
tlg001,9,ταὶ,ταὶ,1,34,2862,False,δὲ μαλακὸν τῷ ἀδυναμίαν ἔχειν τὸ αὐτὸ τότε. ⏎ ταὶ λέγονται· ὁμοίως γὰρ ποιοὶ κατὰ ταύτας λεγόμεθα. ⏎ Τρίτον δὲ γένος ποιότητος παθητικαὶ ποιότητες καὶ ὅσα δὲ ἀπὸ ῥᾳδίως διαλυομένων καὶ ταχὺ ἀποκαθιςαμέ
tlg001,9,ἀποκαθισταμέ,ἀποκαθιςαμέ,1,35,3004,False,"ταὶ λέγονται· ὁμοίως γὰρ ποιοὶ κατὰ ταύτας λεγόμεθα. ⏎ Τρίτον δὲ γένος ποιότητος παθητικαὶ ποιότητες καὶ ὅσα δὲ ἀπὸ ῥᾳδίως διαλυομένων καὶ ταχὺ ἀποκαθιςαμέ ⏎ πάθη. ἔτι δὲ τὰ τοιάδε οἷον γλυκύτης τε καὶ πικρότης καὶ νων γίνεται, πάθη λέγεται, ποιότητες δὲ ἔ· ἐ γὰρ λέγονται"
tlg001,9,τοιάδε,τοιάδε,1,36,3032,False,"Τρίτον δὲ γένος ποιότητος παθητικαὶ ποιότητες καὶ ὅσα δὲ ἀπὸ ῥᾳδίως διαλυομένων καὶ ταχὺ ἀποκαθιςαμέ ⏎ πάθη. ἔτι δὲ τὰ τοιάδε οἷον γλυκύτης τε καὶ πικρότης καὶ νων γίνεται, πάθη λέγεται, ποιότητες δὲ ἔ· ἐ γὰρ λέγονται ⏎ τρυφνότης καὶ πάντα τὰ τέτοις συγγενῆ, ἔτι δὲ θερμότης 30 ποιοί τινες κατὰ ταύτας. ἔτε γὰρ ὁ ἐρυθριῶν διὰ τὸ αἰ"
tlg001,9,νων,νων,2,36,3073,False,"Τρίτον δὲ γένος ποιότητος παθητικαὶ ποιότητες καὶ ὅσα δὲ ἀπὸ ῥᾳδίως διαλυομένων καὶ ταχὺ ἀποκαθιςαμέ ⏎ πάθη. ἔτι δὲ τὰ τοιάδε οἷον γλυκύτης τε καὶ πικρότης καὶ νων γίνεται, πάθη λέγεται, ποιότητες δὲ ἔ· ἐ γὰρ λέγονται ⏎ τρυφνότης καὶ πάντα τὰ τέτοις συγγενῆ, ἔτι δὲ θερμότης 30 ποιοί τινες κατὰ ταύτας. ἔτε γὰρ ὁ ἐρυθριῶν διὰ τὸ αἰ"
tlg001,9,τρυφνότης,τρυφνότης,1,37,3131,False,"πάθη. ἔτι δὲ τὰ τοιάδε οἷον γλυκύτης τε καὶ πικρότης καὶ νων γίνεται, πάθη λέγεται, ποιότητες δὲ ἔ· ἐ γὰρ λέγονται ⏎ τρυφνότης καὶ πάντα τὰ τέτοις συγγενῆ, ἔτι δὲ θερμότης 30 ποιοί τινες κατὰ ταύτας. ἔτε γὰρ ὁ ἐρυθριῶν διὰ τὸ αἰ ⏎ καὶ ψυχρότης καὶ λευκότης καὶ μελανία. ὅτι μὲν ἔν αὖ- σχυνθῆναι ἐρυθρίας λέγεται, ἔτε ὁ ὠχριῶν διὰ τὸ φοβη"
tlg001,9,αἰ,αἰ,1,37,3240,False,"πάθη. ἔτι δὲ τὰ τοιάδε οἷον γλυκύτης τε καὶ πικρότης καὶ νων γίνεται, πάθη λέγεται, ποιότητες δὲ ἔ· ἐ γὰρ λέγονται ⏎ τρυφνότης καὶ πάντα τὰ τέτοις συγγενῆ, ἔτι δὲ θερμότης 30 ποιοί τινες κατὰ ταύτας. ἔτε γὰρ ὁ ἐρυθριῶν διὰ τὸ αἰ ⏎ καὶ ψυχρότης καὶ λευκότης καὶ μελανία. ὅτι μὲν ἔν αὖ- σχυνθῆναι ἐρυθρίας λέγεται, ἔτε ὁ ὠχριῶν διὰ τὸ φοβη"
tlg001,9,ἔν,ἔν,2,38,3290,False,"τρυφνότης καὶ πάντα τὰ τέτοις συγγενῆ, ἔτι δὲ θερμότης 30 ποιοί τινες κατὰ ταύτας. ἔτε γὰρ ὁ ἐρυθριῶν διὰ τὸ αἰ ⏎ καὶ ψυχρότης καὶ λευκότης καὶ μελανία. ὅτι μὲν ἔν αὖ- σχυνθῆναι ἐρυθρίας λέγεται, ἔτε ὁ ὠχριῶν διὰ τὸ φοβη ⏎ ται ποιότητές εἰσι, φανερόν· τὰ γὰρ δεδεγμένα αὐτὰ ποια θῆναι ὠχρίας, ἀλλὰ μᾶλλον πεπονθέναι τι. ὥςε πάθη μὲν"
tlg001,9,αὖ,αὖ,1,38,3293,False,"τρυφνότης καὶ πάντα τὰ τέτοις συγγενῆ, ἔτι δὲ θερμότης 30 ποιοί τινες κατὰ ταύτας. ἔτε γὰρ ὁ ἐρυθριῶν διὰ τὸ αἰ ⏎ καὶ ψυχρότης καὶ λευκότης καὶ μελανία. ὅτι μὲν ἔν αὖ- σχυνθῆναι ἐρυθρίας λέγεται, ἔτε ὁ ὠχριῶν διὰ τὸ φοβη ⏎ ται ποιότητές εἰσι, φανερόν· τὰ γὰρ δεδεγμένα αὐτὰ ποια θῆναι ὠχρίας, ἀλλὰ μᾶλλον πεπονθέναι τι. ὥςε πάθη μὲν"
tlg001,9,σχυνθῆναι,σχυνθῆναι,1,38,3297,False,"τρυφνότης καὶ πάντα τὰ τέτοις συγγενῆ, ἔτι δὲ θερμότης 30 ποιοί τινες κατὰ ταύτας. ἔτε γὰρ ὁ ἐρυθριῶν διὰ τὸ αἰ ⏎ καὶ ψυχρότης καὶ λευκότης καὶ μελανία. ὅτι μὲν ἔν αὖ- σχυνθῆναι ἐρυθρίας λέγεται, ἔτε ὁ ὠχριῶν διὰ τὸ φοβη ⏎ ται ποιότητές εἰσι, φανερόν· τὰ γὰρ δεδεγμένα αὐτὰ ποια θῆναι ὠχρίας, ἀλλὰ μᾶλλον πεπονθέναι τι. ὥςε πάθη μὲν"
tlg001,9,φοβη,φοβη,1,38,3345,False,"τρυφνότης καὶ πάντα τὰ τέτοις συγγενῆ, ἔτι δὲ θερμότης 30 ποιοί τινες κατὰ ταύτας. ἔτε γὰρ ὁ ἐρυθριῶν διὰ τὸ αἰ ⏎ καὶ ψυχρότης καὶ λευκότης καὶ μελανία. ὅτι μὲν ἔν αὖ- σχυνθῆναι ἐρυθρίας λέγεται, ἔτε ὁ ὠχριῶν διὰ τὸ φοβη ⏎ ται ποιότητές εἰσι, φανερόν· τὰ γὰρ δεδεγμένα αὐτὰ ποια θῆναι ὠχρίας, ἀλλὰ μᾶλλον πεπονθέναι τι. ὥςε πάθη μὲν"
tlg001,9,ται,ται,1,39,3350,False,"καὶ ψυχρότης καὶ λευκότης καὶ μελανία. ὅτι μὲν ἔν αὖ- σχυνθῆναι ἐρυθρίας λέγεται, ἔτε ὁ ὠχριῶν διὰ τὸ φοβη ⏎ ται ποιότητές εἰσι, φανερόν· τὰ γὰρ δεδεγμένα αὐτὰ ποια θῆναι ὠχρίας, ἀλλὰ μᾶλλον πεπονθέναι τι. ὥςε πάθη μὲν ⏎ λέγεται κατ᾽ αὐτάς, οἷον τὸ μέλι τῷ γλυκύτητα δεδέχ- τὰ τοιαῦτα λέγεται, ποιότητες δὲ ἔ. ὁμοίως δὲ τούτοις"
tlg001,9,ποια,ποια,1,39,3401,False,"καὶ ψυχρότης καὶ λευκότης καὶ μελανία. ὅτι μὲν ἔν αὖ- σχυνθῆναι ἐρυθρίας λέγεται, ἔτε ὁ ὠχριῶν διὰ τὸ φοβη ⏎ ται ποιότητές εἰσι, φανερόν· τὰ γὰρ δεδεγμένα αὐτὰ ποια θῆναι ὠχρίας, ἀλλὰ μᾶλλον πεπονθέναι τι. ὥςε πάθη μὲν ⏎ λέγεται κατ᾽ αὐτάς, οἷον τὸ μέλι τῷ γλυκύτητα δεδέχ- τὰ τοιαῦτα λέγεται, ποιότητες δὲ ἔ. ὁμοίως δὲ τούτοις"
tlg001,9,θῆναι,θῆναι,1,39,3406,False,"καὶ ψυχρότης καὶ λευκότης καὶ μελανία. ὅτι μὲν ἔν αὖ- σχυνθῆναι ἐρυθρίας λέγεται, ἔτε ὁ ὠχριῶν διὰ τὸ φοβη ⏎ ται ποιότητές εἰσι, φανερόν· τὰ γὰρ δεδεγμένα αὐτὰ ποια θῆναι ὠχρίας, ἀλλὰ μᾶλλον πεπονθέναι τι. ὥςε πάθη μὲν ⏎ λέγεται κατ᾽ αὐτάς, οἷον τὸ μέλι τῷ γλυκύτητα δεδέχ- τὰ τοιαῦτα λέγεται, ποιότητες δὲ ἔ. ὁμοίως δὲ τούτοις"
tlg001,9,κατ᾽,κατ᾽,1,40,3468,False,"ται ποιότητές εἰσι, φανερόν· τὰ γὰρ δεδεγμένα αὐτὰ ποια θῆναι ὠχρίας, ἀλλὰ μᾶλλον πεπονθέναι τι. ὥςε πάθη μὲν ⏎ λέγεται κατ᾽ αὐτάς, οἷον τὸ μέλι τῷ γλυκύτητα δεδέχ- τὰ τοιαῦτα λέγεται, ποιότητες δὲ ἔ. ὁμοίως δὲ τούτοις ⏎ θαι γλυκὺ λέγεται καὶ τὸ σῶμα λευκὸν τῷ λευκότητα δε καὶ κατὰ τὴν ψυχὴν παθητικαὶ ποιότητες καὶ πάθη λέ"
tlg001,9,δε,δε,1,41,3617,False,"λέγεται κατ᾽ αὐτάς, οἷον τὸ μέλι τῷ γλυκύτητα δεδέχ- τὰ τοιαῦτα λέγεται, ποιότητες δὲ ἔ. ὁμοίως δὲ τούτοις ⏎ θαι γλυκὺ λέγεται καὶ τὸ σῶμα λευκὸν τῷ λευκότητα δε καὶ κατὰ τὴν ψυχὴν παθητικαὶ ποιότητες καὶ πάθη λέ ⏎ δέχθαι· ὡσαύτως δὲ καὶ ἐπὶ τῶν ἄλλων ἔχει. παθητικαὶ 35 γεται. ὅσα γὰρ ἐν τῇ γενέσει εὐθὺς ἀπό τινων παθῶν δυσ-"
tlg001,9,λέ,λέ,1,41,3668,False,"λέγεται κατ᾽ αὐτάς, οἷον τὸ μέλι τῷ γλυκύτητα δεδέχ- τὰ τοιαῦτα λέγεται, ποιότητες δὲ ἔ. ὁμοίως δὲ τούτοις ⏎ θαι γλυκὺ λέγεται καὶ τὸ σῶμα λευκὸν τῷ λευκότητα δε καὶ κατὰ τὴν ψυχὴν παθητικαὶ ποιότητες καὶ πάθη λέ ⏎ δέχθαι· ὡσαύτως δὲ καὶ ἐπὶ τῶν ἄλλων ἔχει. παθητικαὶ 35 γεται. ὅσα γὰρ ἐν τῇ γενέσει εὐθὺς ἀπό τινων παθῶν δυσ-"
tlg001,9,δέχθαι,δέχθαι,1,42,3671,False,"θαι γλυκὺ λέγεται καὶ τὸ σῶμα λευκὸν τῷ λευκότητα δε καὶ κατὰ τὴν ψυχὴν παθητικαὶ ποιότητες καὶ πάθη λέ ⏎ δέχθαι· ὡσαύτως δὲ καὶ ἐπὶ τῶν ἄλλων ἔχει. παθητικαὶ 35 γεται. ὅσα γὰρ ἐν τῇ γενέσει εὐθὺς ἀπό τινων παθῶν δυσ- ⏎ δὲ ποιότητες λέγονται ἐ τῷ αὐτὰ τὰ δεδεγμένα τὰς ποι κινήτων γεγένηται, ποιότητες λέγονται, οἷον ἥ τε μανικὴ"
tlg001,9,γεται,γεται,1,42,3727,False,"θαι γλυκὺ λέγεται καὶ τὸ σῶμα λευκὸν τῷ λευκότητα δε καὶ κατὰ τὴν ψυχὴν παθητικαὶ ποιότητες καὶ πάθη λέ ⏎ δέχθαι· ὡσαύτως δὲ καὶ ἐπὶ τῶν ἄλλων ἔχει. παθητικαὶ 35 γεται. ὅσα γὰρ ἐν τῇ γενέσει εὐθὺς ἀπό τινων παθῶν δυσ- ⏎ δὲ ποιότητες λέγονται ἐ τῷ αὐτὰ τὰ δεδεγμένα τὰς ποι κινήτων γεγένηται, ποιότητες λέγονται, οἷον ἥ τε μανικὴ"
tlg001,9,τυγχάνει,τυγχάνει,1,45,3897,False,"- ⏎ 2. τυγχάνει C. Η 4. προσαγορεύσει 4, προσαγορεύσοι Β. Ι 5. γὰρ τὰ τῶν re C. II. 6. ὄντας om C. || 7. γέ om C. || 9. τὸ μὲν ⏎ τὸ δὲ πολυχρονιώτερόν τε καὶ δυσκινητότερον BC. || 12. γέ om C. || κατά ταύτας BC. || 16. λέγονται C. || τὸ Α. | 17. γέ om C. || ποιὸν"
tlg001,9,η,η,2,45,3909,False,"- ⏎ 2. τυγχάνει C. Η 4. προσαγορεύσει 4, προσαγορεύσοι Β. Ι 5. γὰρ τὰ τῶν re C. II. 6. ὄντας om C. || 7. γέ om C. || 9. τὸ μὲν ⏎ τὸ δὲ πολυχρονιώτερόν τε καὶ δυσκινητότερον BC. || 12. γέ om C. || κατά ταύτας BC. || 16. λέγονται C. || τὸ Α. | 17. γέ om C. || ποιὸν"
tlg001,9,προσαγορεύσει,προσαγορεύσει,1,45,3914,False,"- ⏎ 2. τυγχάνει C. Η 4. προσαγορεύσει 4, προσαγορεύσοι Β. Ι 5. γὰρ τὰ τῶν re C. II. 6. ὄντας om C. || 7. γέ om C. || 9. τὸ μὲν ⏎ τὸ δὲ πολυχρονιώτερόν τε καὶ δυσκινητότερον BC. || 12. γέ om C. || κατά ταύτας BC. || 16. λέγονται C. || τὸ Α. | 17. γέ om C. || ποιὸν"
tlg001,9,προσαγορεύσοι,προσαγορεύσοι,1,45,3931,False,"- ⏎ 2. τυγχάνει C. Η 4. προσαγορεύσει 4, προσαγορεύσοι Β. Ι 5. γὰρ τὰ τῶν re C. II. 6. ὄντας om C. || 7. γέ om C. || 9. τὸ μὲν ⏎ τὸ δὲ πολυχρονιώτερόν τε καὶ δυσκινητότερον BC. || 12. γέ om C. || κατά ταύτας BC. || 16. λέγονται C. || τὸ Α. | 17. γέ om C. || ποιὸν"
tlg001,9,β,β,1,45,3945,False,"- ⏎ 2. τυγχάνει C. Η 4. προσαγορεύσει 4, προσαγορεύσοι Β. Ι 5. γὰρ τὰ τῶν re C. II. 6. ὄντας om C. || 7. γέ om C. || 9. τὸ μὲν ⏎ τὸ δὲ πολυχρονιώτερόν τε καὶ δυσκινητότερον BC. || 12. γέ om C. || κατά ταύτας BC. || 16. λέγονται C. || τὸ Α. | 17. γέ om C. || ποιὸν"
tlg001,9,ι,ι,2,45,3948,False,"- ⏎ 2. τυγχάνει C. Η 4. προσαγορεύσει 4, προσαγορεύσοι Β. Ι 5. γὰρ τὰ τῶν re C. II. 6. ὄντας om C. || 7. γέ om C. || 9. τὸ μὲν ⏎ τὸ δὲ πολυχρονιώτερόν τε καὶ δυσκινητότερον BC. || 12. γέ om C. || κατά ταύτας BC. || 16. λέγονται C. || τὸ Α. | 17. γέ om C. || ποιὸν"
tlg001,9,πολυχρονιώτερόν,πολυχρονιώτερόν,1,46,4023,False,"2. τυγχάνει C. Η 4. προσαγορεύσει 4, προσαγορεύσοι Β. Ι 5. γὰρ τὰ τῶν re C. II. 6. ὄντας om C. || 7. γέ om C. || 9. τὸ μὲν ⏎ τὸ δὲ πολυχρονιώτερόν τε καὶ δυσκινητότερον BC. || 12. γέ om C. || κατά ταύτας BC. || 16. λέγονται C. || τὸ Α. | 17. γέ om C. || ποιὸν ⏎ om BC. || 19. παθεῖν C. || 20. λέγονται ante έ (19) ponunt BC. || φυσικήν om C. || 21. ἑαιδίως ἢ μηδὲν πάσχειν ὑγ. Β. ‖ δὲ] τε Β. ||"
tlg001,9,δυσκινητότερον,δυσκινητότερον,1,46,4046,False,"2. τυγχάνει C. Η 4. προσαγορεύσει 4, προσαγορεύσοι Β. Ι 5. γὰρ τὰ τῶν re C. II. 6. ὄντας om C. || 7. γέ om C. || 9. τὸ μὲν ⏎ τὸ δὲ πολυχρονιώτερόν τε καὶ δυσκινητότερον BC. || 12. γέ om C. || κατά ταύτας BC. || 16. λέγονται C. || τὸ Α. | 17. γέ om C. || ποιὸν ⏎ om BC. || 19. παθεῖν C. || 20. λέγονται ante έ (19) ponunt BC. || φυσικήν om C. || 21. ἑαιδίως ἢ μηδὲν πάσχειν ὑγ. Β. ‖ δὲ] τε Β. ||"
tlg001,9,κατά,κατά,1,46,4084,False,"2. τυγχάνει C. Η 4. προσαγορεύσει 4, προσαγορεύσοι Β. Ι 5. γὰρ τὰ τῶν re C. II. 6. ὄντας om C. || 7. γέ om C. || 9. τὸ μὲν ⏎ τὸ δὲ πολυχρονιώτερόν τε καὶ δυσκινητότερον BC. || 12. γέ om C. || κατά ταύτας BC. || 16. λέγονται C. || τὸ Α. | 17. γέ om C. || ποιὸν ⏎ om BC. || 19. παθεῖν C. || 20. λέγονται ante έ (19) ponunt BC. || φυσικήν om C. || 21. ἑαιδίως ἢ μηδὲν πάσχειν ὑγ. Β. ‖ δὲ] τε Β. ||"
tlg001,9,α,α,2,46,4125,False,"2. τυγχάνει C. Η 4. προσαγορεύσει 4, προσαγορεύσοι Β. Ι 5. γὰρ τὰ τῶν re C. II. 6. ὄντας om C. || 7. γέ om C. || 9. τὸ μὲν ⏎ τὸ δὲ πολυχρονιώτερόν τε καὶ δυσκινητότερον BC. || 12. γέ om C. || κατά ταύτας BC. || 16. λέγονται C. || τὸ Α. | 17. γέ om C. || ποιὸν ⏎ om BC. || 19. παθεῖν C. || 20. λέγονται ante έ (19) ponunt BC. || φυσικήν om C. || 21. ἑαιδίως ἢ μηδὲν πάσχειν ὑγ. Β. ‖ δὲ] τε Β. ||"
tlg001,9,έ,έ,1,47,4197,False,τὸ δὲ πολυχρονιώτερόν τε καὶ δυσκινητότερον BC. || 12. γέ om C. || κατά ταύτας BC. || 16. λέγονται C. || τὸ Α. | 17. γέ om C. || ποιὸν ⏎ om BC. || 19. παθεῖν C. || 20. λέγονται ante έ (19) ponunt BC. || φυσικήν om C. || 21. ἑαιδίως ἢ μηδὲν πάσχειν ὑγ. Β. ‖ δὲ] τε Β. || ⏎ 23. τῷ] διὰ τὸ Α. | μηδὲν πάσχειν corr C. || 24. ῥᾳδίως om C. || ὑπὸ τῶν τυχόντων om Β. || 26. τῷ] τὸ Β. || 27. τῷ] τὸ ΑΒ. || 29. τε
tlg001,9,φυσικήν,φυσικήν,1,47,4218,False,τὸ δὲ πολυχρονιώτερόν τε καὶ δυσκινητότερον BC. || 12. γέ om C. || κατά ταύτας BC. || 16. λέγονται C. || τὸ Α. | 17. γέ om C. || ποιὸν ⏎ om BC. || 19. παθεῖν C. || 20. λέγονται ante έ (19) ponunt BC. || φυσικήν om C. || 21. ἑαιδίως ἢ μηδὲν πάσχειν ὑγ. Β. ‖ δὲ] τε Β. || ⏎ 23. τῷ] διὰ τὸ Α. | μηδὲν πάσχειν corr C. || 24. ῥᾳδίως om C. || ὑπὸ τῶν τυχόντων om Β. || 26. τῷ] τὸ Β. || 27. τῷ] τὸ ΑΒ. || 29. τε
tlg001,9,ἑαιδίως,ἑαιδίως,1,47,4239,False,τὸ δὲ πολυχρονιώτερόν τε καὶ δυσκινητότερον BC. || 12. γέ om C. || κατά ταύτας BC. || 16. λέγονται C. || τὸ Α. | 17. γέ om C. || ποιὸν ⏎ om BC. || 19. παθεῖν C. || 20. λέγονται ante έ (19) ponunt BC. || φυσικήν om C. || 21. ἑαιδίως ἢ μηδὲν πάσχειν ὑγ. Β. ‖ δὲ] τε Β. || ⏎ 23. τῷ] διὰ τὸ Α. | μηδὲν πάσχειν corr C. || 24. ῥᾳδίως om C. || ὑπὸ τῶν τυχόντων om Β. || 26. τῷ] τὸ Β. || 27. τῷ] τὸ ΑΒ. || 29. τε
tlg001,9,β,β,2,47,4267,False,τὸ δὲ πολυχρονιώτερόν τε καὶ δυσκινητότερον BC. || 12. γέ om C. || κατά ταύτας BC. || 16. λέγονται C. || τὸ Α. | 17. γέ om C. || ποιὸν ⏎ om BC. || 19. παθεῖν C. || 20. λέγονται ante έ (19) ponunt BC. || φυσικήν om C. || 21. ἑαιδίως ἢ μηδὲν πάσχειν ὑγ. Β. ‖ δὲ] τε Β. || ⏎ 23. τῷ] διὰ τὸ Α. | μηδὲν πάσχειν corr C. || 24. ῥᾳδίως om C. || ὑπὸ τῶν τυχόντων om Β. || 26. τῷ] τὸ Β. || 27. τῷ] τὸ ΑΒ. || 29. τε
tlg001,9,β,β,3,47,4279,False,τὸ δὲ πολυχρονιώτερόν τε καὶ δυσκινητότερον BC. || 12. γέ om C. || κατά ταύτας BC. || 16. λέγονται C. || τὸ Α. | 17. γέ om C. || ποιὸν ⏎ om BC. || 19. παθεῖν C. || 20. λέγονται ante έ (19) ponunt BC. || φυσικήν om C. || 21. ἑαιδίως ἢ μηδὲν πάσχειν ὑγ. Β. ‖ δὲ] τε Β. || ⏎ 23. τῷ] διὰ τὸ Α. | μηδὲν πάσχειν corr C. || 24. ῥᾳδίως om C. || ὑπὸ τῶν τυχόντων om Β. || 26. τῷ] τὸ Β. || 27. τῷ] τὸ ΑΒ. || 29. τε
tlg001,9,α,α,3,48,4300,False,om BC. || 19. παθεῖν C. || 20. λέγονται ante έ (19) ponunt BC. || φυσικήν om C. || 21. ἑαιδίως ἢ μηδὲν πάσχειν ὑγ. Β. ‖ δὲ] τε Β. || ⏎ 23. τῷ] διὰ τὸ Α. | μηδὲν πάσχειν corr C. || 24. ῥᾳδίως om C. || ὑπὸ τῶν τυχόντων om Β. || 26. τῷ] τὸ Β. || 27. τῷ] τὸ ΑΒ. || 29. τε ⏎ om C. || alteram και om C. || 30. δὲ] δὲ καὶ C. || 31. αὗται παθητικαὶ ποιότητες C. || 32. αὐτὰ om B et pr 4. || 33. λέγονται κατὰ
tlg001,9,β,β,4,48,4370,False,om BC. || 19. παθεῖν C. || 20. λέγονται ante έ (19) ponunt BC. || φυσικήν om C. || 21. ἑαιδίως ἢ μηδὲν πάσχειν ὑγ. Β. ‖ δὲ] τε Β. || ⏎ 23. τῷ] διὰ τὸ Α. | μηδὲν πάσχειν corr C. || 24. ῥᾳδίως om C. || ὑπὸ τῶν τυχόντων om Β. || 26. τῷ] τὸ Β. || 27. τῷ] τὸ ΑΒ. || 29. τε ⏎ om C. || alteram και om C. || 30. δὲ] δὲ καὶ C. || 31. αὗται παθητικαὶ ποιότητες C. || 32. αὐτὰ om B et pr 4. || 33. λέγονται κατὰ
tlg001,9,β,β,5,48,4387,False,om BC. || 19. παθεῖν C. || 20. λέγονται ante έ (19) ponunt BC. || φυσικήν om C. || 21. ἑαιδίως ἢ μηδὲν πάσχειν ὑγ. Β. ‖ δὲ] τε Β. || ⏎ 23. τῷ] διὰ τὸ Α. | μηδὲν πάσχειν corr C. || 24. ῥᾳδίως om C. || ὑπὸ τῶν τυχόντων om Β. || 26. τῷ] τὸ Β. || 27. τῷ] τὸ ΑΒ. || 29. τε ⏎ om C. || alteram και om C. || 30. δὲ] δὲ καὶ C. || 31. αὗται παθητικαὶ ποιότητες C. || 32. αὐτὰ om B et pr 4. || 33. λέγονται κατὰ
tlg001,9,αβ,αβ,1,48,4404,False,om BC. || 19. παθεῖν C. || 20. λέγονται ante έ (19) ponunt BC. || φυσικήν om C. || 21. ἑαιδίως ἢ μηδὲν πάσχειν ὑγ. Β. ‖ δὲ] τε Β. || ⏎ 23. τῷ] διὰ τὸ Α. | μηδὲν πάσχειν corr C. || 24. ῥᾳδίως om C. || ὑπὸ τῶν τυχόντων om Β. || 26. τῷ] τὸ Β. || 27. τῷ] τὸ ΑΒ. || 29. τε ⏎ om C. || alteram και om C. || 30. δὲ] δὲ καὶ C. || 31. αὗται παθητικαὶ ποιότητες C. || 32. αὐτὰ om B et pr 4. || 33. λέγονται κατὰ
tlg001,9,και,και,1,49,4435,False,23. τῷ] διὰ τὸ Α. | μηδὲν πάσχειν corr C. || 24. ῥᾳδίως om C. || ὑπὸ τῶν τυχόντων om Β. || 26. τῷ] τὸ Β. || 27. τῷ] τὸ ΑΒ. || 29. τε ⏎ om C. || alteram και om C. || 30. δὲ] δὲ καὶ C. || 31. αὗται παθητικαὶ ποιότητες C. || 32. αὐτὰ om B et pr 4. || 33. λέγονται κατὰ ⏎ ταύτας C. Η 34. λέγεται γλυκύ C. || 35. έχει om C.
tlg001,9,η,η,3,50,4559,False,"om C. || alteram και om C. || 30. δὲ] δὲ καὶ C. || 31. αὗται παθητικαὶ ποιότητες C. || 32. αὐτὰ om B et pr 4. || 33. λέγονται κατὰ ⏎ ταύτας C. Η 34. λέγεται γλυκύ C. || 35. έχει om C. ⏎ 2. ἐδὲ Α. Η 7. τε om C. || 11. malim αὐται. Η γεγενήσθαι C. || 18. ἂν διάθεσις ὥςε G. || 21. παθητικαί om Β. || 23. γένηται,"
tlg001,9,έχει,έχει,1,50,4589,False,"om C. || alteram και om C. || 30. δὲ] δὲ καὶ C. || 31. αὗται παθητικαὶ ποιότητες C. || 32. αὐτὰ om B et pr 4. || 33. λέγονται κατὰ ⏎ ταύτας C. Η 34. λέγεται γλυκύ C. || 35. έχει om C. ⏎ 2. ἐδὲ Α. Η 7. τε om C. || 11. malim αὐται. Η γεγενήσθαι C. || 18. ἂν διάθεσις ὥςε G. || 21. παθητικαί om Β. || 23. γένηται,"
tlg001,9,ἐδὲ,ἐδὲ,1,51,4603,False,"ταύτας C. Η 34. λέγεται γλυκύ C. || 35. έχει om C. ⏎ 2. ἐδὲ Α. Η 7. τε om C. || 11. malim αὐται. Η γεγενήσθαι C. || 18. ἂν διάθεσις ὥςε G. || 21. παθητικαί om Β. || 23. γένηται, ⏎ ποιότης λέγεται C. | 24. αὐτὸ τέτο] τοιῖτον C. || 26. αὗται G. || 29. λέγονται 4. Η ποιότητες δὲ ἤ om B et pr 4. || 30. ταῦτα"
tlg001,9,α,α,4,51,4607,False,"ταύτας C. Η 34. λέγεται γλυκύ C. || 35. έχει om C. ⏎ 2. ἐδὲ Α. Η 7. τε om C. || 11. malim αὐται. Η γεγενήσθαι C. || 18. ἂν διάθεσις ὥςε G. || 21. παθητικαί om Β. || 23. γένηται, ⏎ ποιότης λέγεται C. | 24. αὐτὸ τέτο] τοιῖτον C. || 26. αὗται G. || 29. λέγονται 4. Η ποιότητες δὲ ἤ om B et pr 4. || 30. ταῦτα"
tlg001,9,η,η,4,51,4610,False,"ταύτας C. Η 34. λέγεται γλυκύ C. || 35. έχει om C. ⏎ 2. ἐδὲ Α. Η 7. τε om C. || 11. malim αὐται. Η γεγενήσθαι C. || 18. ἂν διάθεσις ὥςε G. || 21. παθητικαί om Β. || 23. γένηται, ⏎ ποιότης λέγεται C. | 24. αὐτὸ τέτο] τοιῖτον C. || 26. αὗται G. || 29. λέγονται 4. Η ποιότητες δὲ ἤ om B et pr 4. || 30. ταῦτα"
tlg001,9,αὐται,αὐται,1,51,4637,False,"ταύτας C. Η 34. λέγεται γλυκύ C. || 35. έχει om C. ⏎ 2. ἐδὲ Α. Η 7. τε om C. || 11. malim αὐται. Η γεγενήσθαι C. || 18. ἂν διάθεσις ὥςε G. || 21. παθητικαί om Β. || 23. γένηται, ⏎ ποιότης λέγεται C. | 24. αὐτὸ τέτο] τοιῖτον C. || 26. αὗται G. || 29. λέγονται 4. Η ποιότητες δὲ ἤ om B et pr 4. || 30. ταῦτα"
tlg001,9,η,η,5,51,4644,False,"ταύτας C. Η 34. λέγεται γλυκύ C. || 35. έχει om C. ⏎ 2. ἐδὲ Α. Η 7. τε om C. || 11. malim αὐται. Η γεγενήσθαι C. || 18. ἂν διάθεσις ὥςε G. || 21. παθητικαί om Β. || 23. γένηται, ⏎ ποιότης λέγεται C. | 24. αὐτὸ τέτο] τοιῖτον C. || 26. αὗται G. || 29. λέγονται 4. Η ποιότητες δὲ ἤ om B et pr 4. || 30. ταῦτα"
tlg001,9,γεγενήσθαι,γεγενήσθαι,1,51,4646,False,"ταύτας C. Η 34. λέγεται γλυκύ C. || 35. έχει om C. ⏎ 2. ἐδὲ Α. Η 7. τε om C. || 11. malim αὐται. Η γεγενήσθαι C. || 18. ἂν διάθεσις ὥςε G. || 21. παθητικαί om Β. || 23. γένηται, ⏎ ποιότης λέγεται C. | 24. αὐτὸ τέτο] τοιῖτον C. || 26. αὗται G. || 29. λέγονται 4. Η ποιότητες δὲ ἤ om B et pr 4. || 30. ταῦτα"
tlg001,9,παθητικαί,παθητικαί,1,51,4693,False,"ταύτας C. Η 34. λέγεται γλυκύ C. || 35. έχει om C. ⏎ 2. ἐδὲ Α. Η 7. τε om C. || 11. malim αὐται. Η γεγενήσθαι C. || 18. ἂν διάθεσις ὥςε G. || 21. παθητικαί om Β. || 23. γένηται, ⏎ ποιότης λέγεται C. | 24. αὐτὸ τέτο] τοιῖτον C. || 26. αὗται G. || 29. λέγονται 4. Η ποιότητες δὲ ἤ om B et pr 4. || 30. ταῦτα"
tlg001,9,β,β,6,51,4706,False,"ταύτας C. Η 34. λέγεται γλυκύ C. || 35. έχει om C. ⏎ 2. ἐδὲ Α. Η 7. τε om C. || 11. malim αὐται. Η γεγενήσθαι C. || 18. ἂν διάθεσις ὥςε G. || 21. παθητικαί om Β. || 23. γένηται, ⏎ ποιότης λέγεται C. | 24. αὐτὸ τέτο] τοιῖτον C. || 26. αὗται G. || 29. λέγονται 4. Η ποιότητες δὲ ἤ om B et pr 4. || 30. ταῦτα"
tlg001,9,τέτο,τέτο,1,52,4755,False,"2. ἐδὲ Α. Η 7. τε om C. || 11. malim αὐται. Η γεγενήσθαι C. || 18. ἂν διάθεσις ὥςε G. || 21. παθητικαί om Β. || 23. γένηται, ⏎ ποιότης λέγεται C. | 24. αὐτὸ τέτο] τοιῖτον C. || 26. αὗται G. || 29. λέγονται 4. Η ποιότητες δὲ ἤ om B et pr 4. || 30. ταῦτα ⏎ C. 32, μᾶλλον τῷ πεπονθέναι ABC. I 33 et 34. λέγονται C. || 35. ἔσα] ὅσα μὲν Β, ὅσα τε G. || γενήσει Β. || εὐθὺς om AC. Η δυσ-"
tlg001,9,τοιῖτον,τοιῖτον,1,52,4761,False,"2. ἐδὲ Α. Η 7. τε om C. || 11. malim αὐται. Η γεγενήσθαι C. || 18. ἂν διάθεσις ὥςε G. || 21. παθητικαί om Β. || 23. γένηται, ⏎ ποιότης λέγεται C. | 24. αὐτὸ τέτο] τοιῖτον C. || 26. αὗται G. || 29. λέγονται 4. Η ποιότητες δὲ ἤ om B et pr 4. || 30. ταῦτα ⏎ C. 32, μᾶλλον τῷ πεπονθέναι ABC. I 33 et 34. λέγονται C. || 35. ἔσα] ὅσα μὲν Β, ὅσα τε G. || γενήσει Β. || εὐθὺς om AC. Η δυσ-"
tlg001,9,η,η,6,52,4807,False,"2. ἐδὲ Α. Η 7. τε om C. || 11. malim αὐται. Η γεγενήσθαι C. || 18. ἂν διάθεσις ὥςε G. || 21. παθητικαί om Β. || 23. γένηται, ⏎ ποιότης λέγεται C. | 24. αὐτὸ τέτο] τοιῖτον C. || 26. αὗται G. || 29. λέγονται 4. Η ποιότητες δὲ ἤ om B et pr 4. || 30. ταῦτα ⏎ C. 32, μᾶλλον τῷ πεπονθέναι ABC. I 33 et 34. λέγονται C. || 35. ἔσα] ὅσα μὲν Β, ὅσα τε G. || γενήσει Β. || εὐθὺς om AC. Η δυσ-"
tlg001,9,ἤ,ἤ,1,52,4822,False,"2. ἐδὲ Α. Η 7. τε om C. || 11. malim αὐται. Η γεγενήσθαι C. || 18. ἂν διάθεσις ὥςε G. || 21. παθητικαί om Β. || 23. γένηται, ⏎ ποιότης λέγεται C. | 24. αὐτὸ τέτο] τοιῖτον C. || 26. αὗται G. || 29. λέγονται 4. Η ποιότητες δὲ ἤ om B et pr 4. || 30. ταῦτα ⏎ C. 32, μᾶλλον τῷ πεπονθέναι ABC. I 33 et 34. λέγονται C. || 35. ἔσα] ὅσα μὲν Β, ὅσα τε G. || γενήσει Β. || εὐθὺς om AC. Η δυσ-"
tlg001,9,ἔσα,ἔσα,1,53,4915,False,"ποιότης λέγεται C. | 24. αὐτὸ τέτο] τοιῖτον C. || 26. αὗται G. || 29. λέγονται 4. Η ποιότητες δὲ ἤ om B et pr 4. || 30. ταῦτα ⏎ C. 32, μᾶλλον τῷ πεπονθέναι ABC. I 33 et 34. λέγονται C. || 35. ἔσα] ὅσα μὲν Β, ὅσα τε G. || γενήσει Β. || εὐθὺς om AC. Η δυσ- ⏎ κινήτων om BC. || 36. γεγένηνται C. "" λέγονται καὶ αὗται οἷον C."
tlg001,9,β,β,7,53,4928,False,"ποιότης λέγεται C. | 24. αὐτὸ τέτο] τοιῖτον C. || 26. αὗται G. || 29. λέγονται 4. Η ποιότητες δὲ ἤ om B et pr 4. || 30. ταῦτα ⏎ C. 32, μᾶλλον τῷ πεπονθέναι ABC. I 33 et 34. λέγονται C. || 35. ἔσα] ὅσα μὲν Β, ὅσα τε G. || γενήσει Β. || εὐθὺς om AC. Η δυσ- ⏎ κινήτων om BC. || 36. γεγένηνται C. "" λέγονται καὶ αὗται οἷον C."
tlg001,9,γενήσει,γενήσει,1,53,4944,False,"ποιότης λέγεται C. | 24. αὐτὸ τέτο] τοιῖτον C. || 26. αὗται G. || 29. λέγονται 4. Η ποιότητες δὲ ἤ om B et pr 4. || 30. ταῦτα ⏎ C. 32, μᾶλλον τῷ πεπονθέναι ABC. I 33 et 34. λέγονται C. || 35. ἔσα] ὅσα μὲν Β, ὅσα τε G. || γενήσει Β. || εὐθὺς om AC. Η δυσ- ⏎ κινήτων om BC. || 36. γεγένηνται C. "" λέγονται καὶ αὗται οἷον C."
tlg001,9,β,β,8,53,4952,False,"ποιότης λέγεται C. | 24. αὐτὸ τέτο] τοιῖτον C. || 26. αὗται G. || 29. λέγονται 4. Η ποιότητες δὲ ἤ om B et pr 4. || 30. ταῦτα ⏎ C. 32, μᾶλλον τῷ πεπονθέναι ABC. I 33 et 34. λέγονται C. || 35. ἔσα] ὅσα μὲν Β, ὅσα τε G. || γενήσει Β. || εὐθὺς om AC. Η δυσ- ⏎ κινήτων om BC. || 36. γεγένηνται C. "" λέγονται καὶ αὗται οἷον C."
tlg001,9,η,η,7,53,4971,False,"ποιότης λέγεται C. | 24. αὐτὸ τέτο] τοιῖτον C. || 26. αὗται G. || 29. λέγονται 4. Η ποιότητες δὲ ἤ om B et pr 4. || 30. ταῦτα ⏎ C. 32, μᾶλλον τῷ πεπονθέναι ABC. I 33 et 34. λέγονται C. || 35. ἔσα] ὅσα μὲν Β, ὅσα τε G. || γενήσει Β. || εὐθὺς om AC. Η δυσ- ⏎ κινήτων om BC. || 36. γεγένηνται C. "" λέγονται καὶ αὗται οἷον C."
tlg001,9,γεγένηνται,γεγένηνται,1,54,5000,False,"C. 32, μᾶλλον τῷ πεπονθέναι ABC. I 33 et 34. λέγονται C. || 35. ἔσα] ὅσα μὲν Β, ὅσα τε G. || γενήσει Β. || εὐθὺς om AC. Η δυσ- ⏎ κινήτων om BC. || 36. γεγένηνται C. "" λέγονται καὶ αὗται οἷον C. ⏎ B"
tlg001,10,κατηγορια,κατηγορια,1,2,3,False,10 ⏎ ΚΑΤΗΓΟΡΙΑ Ι. ⏎ ἔκτασις καὶ ἡ ὀργὴ καὶ τὰ τοιαῦτα· ποιοὶ γὰρ κατὰ ταύ- παρωνύμως λέγεται· ὁ γὰρ κεῖται ὀνόματα ταῖς δυνάμεσι
tlg001,10,ι,ι,1,2,13,False,10 ⏎ ΚΑΤΗΓΟΡΙΑ Ι. ⏎ ἔκτασις καὶ ἡ ὀργὴ καὶ τὰ τοιαῦτα· ποιοὶ γὰρ κατὰ ταύ- παρωνύμως λέγεται· ὁ γὰρ κεῖται ὀνόματα ταῖς δυνάμεσι
tlg001,10,ἔκτασις,ἔκτασις,1,3,16,False,"ΚΑΤΗΓΟΡΙΑ Ι. ⏎ ἔκτασις καὶ ἡ ὀργὴ καὶ τὰ τοιαῦτα· ποιοὶ γὰρ κατὰ ταύ- παρωνύμως λέγεται· ὁ γὰρ κεῖται ὀνόματα ταῖς δυνάμεσι ⏎ τας λέγονται, ὀργίλοι τε καὶ μανικοί. ὁμοίως δὲ καὶ ὅσαι καθ' ἃς ὗτοι ποιοὶ λέγονται, ὥσπερ ταῖς ἐπισήμαις καθ"
tlg001,10,ὗτοι,ὗτοι,1,4,190,False,"ἔκτασις καὶ ἡ ὀργὴ καὶ τὰ τοιαῦτα· ποιοὶ γὰρ κατὰ ταύ- παρωνύμως λέγεται· ὁ γὰρ κεῖται ὀνόματα ταῖς δυνάμεσι ⏎ τας λέγονται, ὀργίλοι τε καὶ μανικοί. ὁμοίως δὲ καὶ ὅσαι καθ' ἃς ὗτοι ποιοὶ λέγονται, ὥσπερ ταῖς ἐπισήμαις καθ ⏎ ἐκςάσεις μὴ φυσικαί, ἀλλ᾽ ἀπό τινων ἄλλων συμπτωμά- ἃς πυκτικοὶ ἢ παλαιςρικοὶ κατὰ διάθεσιν λέγονται πυκ"
tlg001,10,ἐπισήμαις,ἐπισήμαις,1,4,222,False,"ἔκτασις καὶ ἡ ὀργὴ καὶ τὰ τοιαῦτα· ποιοὶ γὰρ κατὰ ταύ- παρωνύμως λέγεται· ὁ γὰρ κεῖται ὀνόματα ταῖς δυνάμεσι ⏎ τας λέγονται, ὀργίλοι τε καὶ μανικοί. ὁμοίως δὲ καὶ ὅσαι καθ' ἃς ὗτοι ποιοὶ λέγονται, ὥσπερ ταῖς ἐπισήμαις καθ ⏎ ἐκςάσεις μὴ φυσικαί, ἀλλ᾽ ἀπό τινων ἄλλων συμπτωμά- ἃς πυκτικοὶ ἢ παλαιςρικοὶ κατὰ διάθεσιν λέγονται πυκ"
tlg001,10,ἀλλ᾽,ἀλλ᾽,1,5,257,False,"τας λέγονται, ὀργίλοι τε καὶ μανικοί. ὁμοίως δὲ καὶ ὅσαι καθ' ἃς ὗτοι ποιοὶ λέγονται, ὥσπερ ταῖς ἐπισήμαις καθ ⏎ ἐκςάσεις μὴ φυσικαί, ἀλλ᾽ ἀπό τινων ἄλλων συμπτωμά- ἃς πυκτικοὶ ἢ παλαιςρικοὶ κατὰ διάθεσιν λέγονται πυκ ⏎ των γεγένηνται δυσαπάλλακτοι ἢ καὶ ὅλως ἀκίνητοι, ποιός τικὴ γὰρ λέγεται ἐπισήμη καὶ παλαιςρική, ποιοὶ δ᾽ ἀπὸ"
tlg001,10,πυκτικοὶ,πυκτικοὶ,1,5,291,False,"τας λέγονται, ὀργίλοι τε καὶ μανικοί. ὁμοίως δὲ καὶ ὅσαι καθ' ἃς ὗτοι ποιοὶ λέγονται, ὥσπερ ταῖς ἐπισήμαις καθ ⏎ ἐκςάσεις μὴ φυσικαί, ἀλλ᾽ ἀπό τινων ἄλλων συμπτωμά- ἃς πυκτικοὶ ἢ παλαιςρικοὶ κατὰ διάθεσιν λέγονται πυκ ⏎ των γεγένηνται δυσαπάλλακτοι ἢ καὶ ὅλως ἀκίνητοι, ποιός τικὴ γὰρ λέγεται ἐπισήμη καὶ παλαιςρική, ποιοὶ δ᾽ ἀπὸ"
tlg001,10,παλαιστρικοὶ,παλαιςρικοὶ,1,5,302,False,"τας λέγονται, ὀργίλοι τε καὶ μανικοί. ὁμοίως δὲ καὶ ὅσαι καθ' ἃς ὗτοι ποιοὶ λέγονται, ὥσπερ ταῖς ἐπισήμαις καθ ⏎ ἐκςάσεις μὴ φυσικαί, ἀλλ᾽ ἀπό τινων ἄλλων συμπτωμά- ἃς πυκτικοὶ ἢ παλαιςρικοὶ κατὰ διάθεσιν λέγονται πυκ ⏎ των γεγένηνται δυσαπάλλακτοι ἢ καὶ ὅλως ἀκίνητοι, ποιός τικὴ γὰρ λέγεται ἐπισήμη καὶ παλαιςρική, ποιοὶ δ᾽ ἀπὸ"
tlg001,10,πυκ,πυκ,1,5,337,False,"τας λέγονται, ὀργίλοι τε καὶ μανικοί. ὁμοίως δὲ καὶ ὅσαι καθ' ἃς ὗτοι ποιοὶ λέγονται, ὥσπερ ταῖς ἐπισήμαις καθ ⏎ ἐκςάσεις μὴ φυσικαί, ἀλλ᾽ ἀπό τινων ἄλλων συμπτωμά- ἃς πυκτικοὶ ἢ παλαιςρικοὶ κατὰ διάθεσιν λέγονται πυκ ⏎ των γεγένηνται δυσαπάλλακτοι ἢ καὶ ὅλως ἀκίνητοι, ποιός τικὴ γὰρ λέγεται ἐπισήμη καὶ παλαιςρική, ποιοὶ δ᾽ ἀπὸ"
tlg001,10,ποιός,ποιός,1,6,391,False,"ἐκςάσεις μὴ φυσικαί, ἀλλ᾽ ἀπό τινων ἄλλων συμπτωμά- ἃς πυκτικοὶ ἢ παλαιςρικοὶ κατὰ διάθεσιν λέγονται πυκ ⏎ των γεγένηνται δυσαπάλλακτοι ἢ καὶ ὅλως ἀκίνητοι, ποιός τικὴ γὰρ λέγεται ἐπισήμη καὶ παλαιςρική, ποιοὶ δ᾽ ἀπὸ ⏎ τητες καὶ τὰ τοιαῦτα· ποιοὶ γὰρ κατὰ ταύτας λέγονται. 5 τούτων παρωνύμως οἱ διακείμενοι λέγονται. ἐνίοτε δὲ καὶ"
tlg001,10,τικὴ,τικὴ,1,6,397,False,"ἐκςάσεις μὴ φυσικαί, ἀλλ᾽ ἀπό τινων ἄλλων συμπτωμά- ἃς πυκτικοὶ ἢ παλαιςρικοὶ κατὰ διάθεσιν λέγονται πυκ ⏎ των γεγένηνται δυσαπάλλακτοι ἢ καὶ ὅλως ἀκίνητοι, ποιός τικὴ γὰρ λέγεται ἐπισήμη καὶ παλαιςρική, ποιοὶ δ᾽ ἀπὸ ⏎ τητες καὶ τὰ τοιαῦτα· ποιοὶ γὰρ κατὰ ταύτας λέγονται. 5 τούτων παρωνύμως οἱ διακείμενοι λέγονται. ἐνίοτε δὲ καὶ"
tlg001,10,παλαιστρική,παλαιςρική,1,6,426,False,"ἐκςάσεις μὴ φυσικαί, ἀλλ᾽ ἀπό τινων ἄλλων συμπτωμά- ἃς πυκτικοὶ ἢ παλαιςρικοὶ κατὰ διάθεσιν λέγονται πυκ ⏎ των γεγένηνται δυσαπάλλακτοι ἢ καὶ ὅλως ἀκίνητοι, ποιός τικὴ γὰρ λέγεται ἐπισήμη καὶ παλαιςρική, ποιοὶ δ᾽ ἀπὸ ⏎ τητες καὶ τὰ τοιαῦτα· ποιοὶ γὰρ κατὰ ταύτας λέγονται. 5 τούτων παρωνύμως οἱ διακείμενοι λέγονται. ἐνίοτε δὲ καὶ"
tlg001,10,δ᾽,δ᾽,1,6,444,False,"ἐκςάσεις μὴ φυσικαί, ἀλλ᾽ ἀπό τινων ἄλλων συμπτωμά- ἃς πυκτικοὶ ἢ παλαιςρικοὶ κατὰ διάθεσιν λέγονται πυκ ⏎ των γεγένηνται δυσαπάλλακτοι ἢ καὶ ὅλως ἀκίνητοι, ποιός τικὴ γὰρ λέγεται ἐπισήμη καὶ παλαιςρική, ποιοὶ δ᾽ ἀπὸ ⏎ τητες καὶ τὰ τοιαῦτα· ποιοὶ γὰρ κατὰ ταύτας λέγονται. 5 τούτων παρωνύμως οἱ διακείμενοι λέγονται. ἐνίοτε δὲ καὶ"
tlg001,10,τητες,τητες,1,7,451,False,"των γεγένηνται δυσαπάλλακτοι ἢ καὶ ὅλως ἀκίνητοι, ποιός τικὴ γὰρ λέγεται ἐπισήμη καὶ παλαιςρική, ποιοὶ δ᾽ ἀπὸ ⏎ τητες καὶ τὰ τοιαῦτα· ποιοὶ γὰρ κατὰ ταύτας λέγονται. 5 τούτων παρωνύμως οἱ διακείμενοι λέγονται. ἐνίοτε δὲ καὶ ⏎ ὅσα δὲ ἀπὸ ταχὺ ἀποκαθιςαμένων γίνεται, πάθη λέγεται, ὀνόματος κειμένου ο λέγεται παρωνύμως τὸ κατ' αὐτὴν"
tlg001,10,ο,ο,1,8,635,False,"τητες καὶ τὰ τοιαῦτα· ποιοὶ γὰρ κατὰ ταύτας λέγονται. 5 τούτων παρωνύμως οἱ διακείμενοι λέγονται. ἐνίοτε δὲ καὶ ⏎ ὅσα δὲ ἀπὸ ταχὺ ἀποκαθιςαμένων γίνεται, πάθη λέγεται, ὀνόματος κειμένου ο λέγεται παρωνύμως τὸ κατ' αὐτὴν ⏎ οἷον εἰ λυπέμενός τις ὀργιλώτερός ἐςιν· ἐδὲ γὰρ λέγεται ποιὸν λεγόμενον, οἷον ἀπὸ τῆς ἀρετῆς ὁ σπυδαῖος· τῷ γὰρ"
tlg001,10,λυπέμενός,λυπέμενός,1,9,677,False,"ὅσα δὲ ἀπὸ ταχὺ ἀποκαθιςαμένων γίνεται, πάθη λέγεται, ὀνόματος κειμένου ο λέγεται παρωνύμως τὸ κατ' αὐτὴν ⏎ οἷον εἰ λυπέμενός τις ὀργιλώτερός ἐςιν· ἐδὲ γὰρ λέγεται ποιὸν λεγόμενον, οἷον ἀπὸ τῆς ἀρετῆς ὁ σπυδαῖος· τῷ γὰρ ⏎ ὀργίλος ὁ ἐν τῷ τοιέτῳ πάθει ὀργιλώτερος ὤν, ἀλλὰ μᾶς ἀρετὴν ἔχειν σπυδαῖος λέγεται, ἀλλ' ἐ παρωνύμως ἀπὸ"
tlg001,10,ὀργιλώτερός,ὀργιλώτερός,1,9,691,False,"ὅσα δὲ ἀπὸ ταχὺ ἀποκαθιςαμένων γίνεται, πάθη λέγεται, ὀνόματος κειμένου ο λέγεται παρωνύμως τὸ κατ' αὐτὴν ⏎ οἷον εἰ λυπέμενός τις ὀργιλώτερός ἐςιν· ἐδὲ γὰρ λέγεται ποιὸν λεγόμενον, οἷον ἀπὸ τῆς ἀρετῆς ὁ σπυδαῖος· τῷ γὰρ ⏎ ὀργίλος ὁ ἐν τῷ τοιέτῳ πάθει ὀργιλώτερος ὤν, ἀλλὰ μᾶς ἀρετὴν ἔχειν σπυδαῖος λέγεται, ἀλλ' ἐ παρωνύμως ἀπὸ"
tlg001,10,σπυδαῖος,σπυδαῖος,1,9,764,False,"ὅσα δὲ ἀπὸ ταχὺ ἀποκαθιςαμένων γίνεται, πάθη λέγεται, ὀνόματος κειμένου ο λέγεται παρωνύμως τὸ κατ' αὐτὴν ⏎ οἷον εἰ λυπέμενός τις ὀργιλώτερός ἐςιν· ἐδὲ γὰρ λέγεται ποιὸν λεγόμενον, οἷον ἀπὸ τῆς ἀρετῆς ὁ σπυδαῖος· τῷ γὰρ ⏎ ὀργίλος ὁ ἐν τῷ τοιέτῳ πάθει ὀργιλώτερος ὤν, ἀλλὰ μᾶς ἀρετὴν ἔχειν σπυδαῖος λέγεται, ἀλλ' ἐ παρωνύμως ἀπὸ"
tlg001,10,μᾶς,μᾶς,1,10,831,False,"οἷον εἰ λυπέμενός τις ὀργιλώτερός ἐςιν· ἐδὲ γὰρ λέγεται ποιὸν λεγόμενον, οἷον ἀπὸ τῆς ἀρετῆς ὁ σπυδαῖος· τῷ γὰρ ⏎ ὀργίλος ὁ ἐν τῷ τοιέτῳ πάθει ὀργιλώτερος ὤν, ἀλλὰ μᾶς ἀρετὴν ἔχειν σπυδαῖος λέγεται, ἀλλ' ἐ παρωνύμως ἀπὸ ⏎ λον πεπονθέναι τι. ὥςε πάθη μὲν λέγεται τα τοιαῦτα, τῆς ἀρετῆς. ἐκ ἐπὶ πολλῶν δὲ τὸ τοιῦτόν ἐςιν. ποιὰ τοί-"
tlg001,10,σπυδαῖος,σπυδαῖος,2,10,848,False,"οἷον εἰ λυπέμενός τις ὀργιλώτερός ἐςιν· ἐδὲ γὰρ λέγεται ποιὸν λεγόμενον, οἷον ἀπὸ τῆς ἀρετῆς ὁ σπυδαῖος· τῷ γὰρ ⏎ ὀργίλος ὁ ἐν τῷ τοιέτῳ πάθει ὀργιλώτερος ὤν, ἀλλὰ μᾶς ἀρετὴν ἔχειν σπυδαῖος λέγεται, ἀλλ' ἐ παρωνύμως ἀπὸ ⏎ λον πεπονθέναι τι. ὥςε πάθη μὲν λέγεται τα τοιαῦτα, τῆς ἀρετῆς. ἐκ ἐπὶ πολλῶν δὲ τὸ τοιῦτόν ἐςιν. ποιὰ τοί-"
tlg001,10,λον,λον,1,11,887,False,"ὀργίλος ὁ ἐν τῷ τοιέτῳ πάθει ὀργιλώτερος ὤν, ἀλλὰ μᾶς ἀρετὴν ἔχειν σπυδαῖος λέγεται, ἀλλ' ἐ παρωνύμως ἀπὸ ⏎ λον πεπονθέναι τι. ὥςε πάθη μὲν λέγεται τα τοιαῦτα, τῆς ἀρετῆς. ἐκ ἐπὶ πολλῶν δὲ τὸ τοιῦτόν ἐςιν. ποιὰ τοί- ⏎ ποιότητες δ᾽ ἔ."
tlg001,10,τα,τα,1,11,927,False,"ὀργίλος ὁ ἐν τῷ τοιέτῳ πάθει ὀργιλώτερος ὤν, ἀλλὰ μᾶς ἀρετὴν ἔχειν σπυδαῖος λέγεται, ἀλλ' ἐ παρωνύμως ἀπὸ ⏎ λον πεπονθέναι τι. ὥςε πάθη μὲν λέγεται τα τοιαῦτα, τῆς ἀρετῆς. ἐκ ἐπὶ πολλῶν δὲ τὸ τοιῦτόν ἐςιν. ποιὰ τοί- ⏎ ποιότητες δ᾽ ἔ."
tlg001,10,τοιῦτόν,τοιῦτόν,1,11,971,False,"ὀργίλος ὁ ἐν τῷ τοιέτῳ πάθει ὀργιλώτερος ὤν, ἀλλὰ μᾶς ἀρετὴν ἔχειν σπυδαῖος λέγεται, ἀλλ' ἐ παρωνύμως ἀπὸ ⏎ λον πεπονθέναι τι. ὥςε πάθη μὲν λέγεται τα τοιαῦτα, τῆς ἀρετῆς. ἐκ ἐπὶ πολλῶν δὲ τὸ τοιῦτόν ἐςιν. ποιὰ τοί- ⏎ ποιότητες δ᾽ ἔ."
tlg001,10,δ᾽,δ᾽,2,12,1005,False,"λον πεπονθέναι τι. ὥςε πάθη μὲν λέγεται τα τοιαῦτα, τῆς ἀρετῆς. ἐκ ἐπὶ πολλῶν δὲ τὸ τοιῦτόν ἐςιν. ποιὰ τοί- ⏎ ποιότητες δ᾽ ἔ. ⏎ 10 νυν λέγεται τὰ παρωνύμως ἀπὸ τῶν εἰρημένων ποιοτήτων"
tlg001,10,ὁπωσῖν,ὁπωσῖν,1,14,1078,False,10 νυν λέγεται τὰ παρωνύμως ἀπὸ τῶν εἰρημένων ποιοτήτων ⏎ λεγόμενα ἢ ὁπωσῖν ἄλλως ἀπ' αὐτῶν. ⏎ 가
tlg001,10,δι,δι,1,16,1151,False,"가 ⏎ ​Ὑπάρχει δὲ καὶ ἐναντιότης κατὰ τὸ ποιόν, οἷον δι ⏎ καιοσύνη ἀδικίᾳ ἐναντίον καὶ λευκότης μελανίᾳ καὶ τἆλλα"
tlg001,10,καιοσύνη,καιοσύνη,1,17,1154,False,"​Ὑπάρχει δὲ καὶ ἐναντιότης κατὰ τὸ ποιόν, οἷον δι ⏎ καιοσύνη ἀδικίᾳ ἐναντίον καὶ λευκότης μελανίᾳ καὶ τἆλλα ⏎ δὲ ὡσαύτως, καὶ τὰ κατ᾿ αὐτὰς ποια λεγόμενα, οἷον τὸ"
tlg001,10,τἆλλα,τἆλλα,1,17,1204,False,"​Ὑπάρχει δὲ καὶ ἐναντιότης κατὰ τὸ ποιόν, οἷον δι ⏎ καιοσύνη ἀδικίᾳ ἐναντίον καὶ λευκότης μελανίᾳ καὶ τἆλλα ⏎ δὲ ὡσαύτως, καὶ τὰ κατ᾿ αὐτὰς ποια λεγόμενα, οἷον τὸ"
tlg001,10,κατ᾿,κατ᾿,1,18,1229,False,"καιοσύνη ἀδικίᾳ ἐναντίον καὶ λευκότης μελανίᾳ καὶ τἆλλα ⏎ δὲ ὡσαύτως, καὶ τὰ κατ᾿ αὐτὰς ποια λεγόμενα, οἷον τὸ ⏎ ἄδικον τῷ δικαίῳ καὶ τὸ λευκὸν τῷ μέλανι. οὐκ ἐπὶ πάν"
tlg001,10,ποια,ποια,1,18,1240,False,"καιοσύνη ἀδικίᾳ ἐναντίον καὶ λευκότης μελανίᾳ καὶ τἆλλα ⏎ δὲ ὡσαύτως, καὶ τὰ κατ᾿ αὐτὰς ποια λεγόμενα, οἷον τὸ ⏎ ἄδικον τῷ δικαίῳ καὶ τὸ λευκὸν τῷ μέλανι. οὐκ ἐπὶ πάν"
tlg001,10,πάν,πάν,1,19,1313,False,"δὲ ὡσαύτως, καὶ τὰ κατ᾿ αὐτὰς ποια λεγόμενα, οἷον τὸ ⏎ ἄδικον τῷ δικαίῳ καὶ τὸ λευκὸν τῷ μέλανι. οὐκ ἐπὶ πάν ⏎ των δὲ τὸ τοίντο τῷ γὰρ πυῤῥῷ ἡ ὠχρῷ ἢ ταῖς τοιαύ-"
tlg001,10,των,των,1,20,1317,False,"ἄδικον τῷ δικαίῳ καὶ τὸ λευκὸν τῷ μέλανι. οὐκ ἐπὶ πάν ⏎ των δὲ τὸ τοίντο τῷ γὰρ πυῤῥῷ ἡ ὠχρῷ ἢ ταῖς τοιαύ- ⏎ ταις χροιαῖς ἐδὲν ἐναντίον ποιοῖς ἔσιν. ἔτι δέ, ἐὰν τῶν ἐναν"
tlg001,10,τοίντο,τοίντο,1,20,1327,False,"ἄδικον τῷ δικαίῳ καὶ τὸ λευκὸν τῷ μέλανι. οὐκ ἐπὶ πάν ⏎ των δὲ τὸ τοίντο τῷ γὰρ πυῤῥῷ ἡ ὠχρῷ ἢ ταῖς τοιαύ- ⏎ ταις χροιαῖς ἐδὲν ἐναντίον ποιοῖς ἔσιν. ἔτι δέ, ἐὰν τῶν ἐναν"
tlg001,10,πυῤῥῷ,πυῤῥῷ,1,20,1341,False,"ἄδικον τῷ δικαίῳ καὶ τὸ λευκὸν τῷ μέλανι. οὐκ ἐπὶ πάν ⏎ των δὲ τὸ τοίντο τῷ γὰρ πυῤῥῷ ἡ ὠχρῷ ἢ ταῖς τοιαύ- ⏎ ταις χροιαῖς ἐδὲν ἐναντίον ποιοῖς ἔσιν. ἔτι δέ, ἐὰν τῶν ἐναν"
tlg001,10,ἔσιν,ἔσιν,1,21,1402,False,"των δὲ τὸ τοίντο τῷ γὰρ πυῤῥῷ ἡ ὠχρῷ ἢ ταῖς τοιαύ- ⏎ ταις χροιαῖς ἐδὲν ἐναντίον ποιοῖς ἔσιν. ἔτι δέ, ἐὰν τῶν ἐναν ⏎ τίων θάτερον ἢ ποιόν, καὶ τὸ λοιπὸν ἔςαι ποιόν. τῖτο δὲ"
tlg001,10,ἐναν,ἐναν,1,21,1424,False,"των δὲ τὸ τοίντο τῷ γὰρ πυῤῥῷ ἡ ὠχρῷ ἢ ταῖς τοιαύ- ⏎ ταις χροιαῖς ἐδὲν ἐναντίον ποιοῖς ἔσιν. ἔτι δέ, ἐὰν τῶν ἐναν ⏎ τίων θάτερον ἢ ποιόν, καὶ τὸ λοιπὸν ἔςαι ποιόν. τῖτο δὲ"
tlg001,10,τίων,τίων,1,22,1429,False,"ταις χροιαῖς ἐδὲν ἐναντίον ποιοῖς ἔσιν. ἔτι δέ, ἐὰν τῶν ἐναν ⏎ τίων θάτερον ἢ ποιόν, καὶ τὸ λοιπὸν ἔςαι ποιόν. τῖτο δὲ ⏎ δῆλον προχειριζομένῳ τὰς ἄλλας κατηγορίας, οἷον εἰ ἔςιν"
tlg001,10,τῖτο,τῖτο,1,22,1477,False,"ταις χροιαῖς ἐδὲν ἐναντίον ποιοῖς ἔσιν. ἔτι δέ, ἐὰν τῶν ἐναν ⏎ τίων θάτερον ἢ ποιόν, καὶ τὸ λοιπὸν ἔςαι ποιόν. τῖτο δὲ ⏎ δῆλον προχειριζομένῳ τὰς ἄλλας κατηγορίας, οἷον εἰ ἔςιν"
tlg001,10,ἐφαρμόσει,ἐφαρμόσει,1,26,1655,False,"ποιὸν ἄρα καὶ ἡ ἀδικία· ἐδεμία γὰρ τῶν ἄλλων κατηγο- ⏎ ριῶν ἐφαρμόσει τῇ ἀδικίᾳ· ἔτε γὰρ τὸ ποσὸν ἔτε τὸ πρός ⏎ τι ἔτε τό ἔθ᾽ ὅλως τι τῶν τοιέτων ἐδέν, ἀλλ᾽ ἢ ποιόν."
tlg001,10,τό,τό,1,27,1712,False,"ριῶν ἐφαρμόσει τῇ ἀδικίᾳ· ἔτε γὰρ τὸ ποσὸν ἔτε τὸ πρός ⏎ τι ἔτε τό ἔθ᾽ ὅλως τι τῶν τοιέτων ἐδέν, ἀλλ᾽ ἢ ποιόν. ⏎ ὡσαύτως δὲ καὶ ἐπὶ τῶν ἄλλων τῶν κατὰ τὸ ποιὸν ἐναν"
tlg001,10,ἔθ᾽,ἔθ᾽,1,27,1715,False,"ριῶν ἐφαρμόσει τῇ ἀδικίᾳ· ἔτε γὰρ τὸ ποσὸν ἔτε τὸ πρός ⏎ τι ἔτε τό ἔθ᾽ ὅλως τι τῶν τοιέτων ἐδέν, ἀλλ᾽ ἢ ποιόν. ⏎ ὡσαύτως δὲ καὶ ἐπὶ τῶν ἄλλων τῶν κατὰ τὸ ποιὸν ἐναν"
tlg001,10,ἀλλ᾽,ἀλλ᾽,2,27,1745,False,"ριῶν ἐφαρμόσει τῇ ἀδικίᾳ· ἔτε γὰρ τὸ ποσὸν ἔτε τὸ πρός ⏎ τι ἔτε τό ἔθ᾽ ὅλως τι τῶν τοιέτων ἐδέν, ἀλλ᾽ ἢ ποιόν. ⏎ ὡσαύτως δὲ καὶ ἐπὶ τῶν ἄλλων τῶν κατὰ τὸ ποιὸν ἐναν"
tlg001,10,ἐναν,ἐναν,2,28,1806,False,"τι ἔτε τό ἔθ᾽ ὅλως τι τῶν τοιέτων ἐδέν, ἀλλ᾽ ἢ ποιόν. ⏎ ὡσαύτως δὲ καὶ ἐπὶ τῶν ἄλλων τῶν κατὰ τὸ ποιὸν ἐναν ⏎ 25 τίων."
tlg001,10,τίων,τίων,2,29,1814,False,ὡσαύτως δὲ καὶ ἐπὶ τῶν ἄλλων τῶν κατὰ τὸ ποιὸν ἐναν ⏎ 25 τίων. ⏎ Τέταρτον δὲ γένος ποιότητος σχημά τε καὶ ἡ περὶ
tlg001,10,σχημά,σχημά,1,30,1848,False,"25 τίων. ⏎ Τέταρτον δὲ γένος ποιότητος σχημά τε καὶ ἡ περὶ ⏎ ἕκαςον ὑπάρχουσα μορφή, ἔτι δὲ πρὸς τούτοις εὐθύτης"
tlg001,10,ὅμοιόν,ὅμοιόν,1,32,1954,False,"ἕκαςον ὑπάρχουσα μορφή, ἔτι δὲ πρὸς τούτοις εὐθύτης ⏎ καὶ καμπυλότης, καὶ εἴ τι τούτοις ὅμοιόν ἐςιν. καθ᾽ ἕκα- ⏎ τον γὰρ τούτων ποιόν τι λέγεται· τὸ γὰρ τρίγωνον ἢ τε"
tlg001,10,καθ᾽,καθ᾽,1,32,1967,False,"ἕκαςον ὑπάρχουσα μορφή, ἔτι δὲ πρὸς τούτοις εὐθύτης ⏎ καὶ καμπυλότης, καὶ εἴ τι τούτοις ὅμοιόν ἐςιν. καθ᾽ ἕκα- ⏎ τον γὰρ τούτων ποιόν τι λέγεται· τὸ γὰρ τρίγωνον ἢ τε"
tlg001,10,ἕκα,ἕκα,1,32,1972,False,"ἕκαςον ὑπάρχουσα μορφή, ἔτι δὲ πρὸς τούτοις εὐθύτης ⏎ καὶ καμπυλότης, καὶ εἴ τι τούτοις ὅμοιόν ἐςιν. καθ᾽ ἕκα- ⏎ τον γὰρ τούτων ποιόν τι λέγεται· τὸ γὰρ τρίγωνον ἢ τε"
tlg001,10,τον,τον,1,33,1977,False,"καὶ καμπυλότης, καὶ εἴ τι τούτοις ὅμοιόν ἐςιν. καθ᾽ ἕκα- ⏎ τον γὰρ τούτων ποιόν τι λέγεται· τὸ γὰρ τρίγωνον ἢ τε ⏎ τράγωνον εἶναι ποιόν τι λέγεται, καὶ τὸ εὐθὺ ἢ καμπύλον. 15"
tlg001,10,τράγωνον,τράγωνον,1,34,2031,False,"τον γὰρ τούτων ποιόν τι λέγεται· τὸ γὰρ τρίγωνον ἢ τε ⏎ τράγωνον εἶναι ποιόν τι λέγεται, καὶ τὸ εὐθὺ ἢ καμπύλον. 15 ⏎ καὶ κατὰ τὴν μορφὴν δὲ ἕκαςον ποιόν τι λέγεται. τὸ δὲ"
tlg001,10,τα,τα,2,37,2243,False,"μανὸν καὶ τὸ πυκνὸν καὶ τὸ τραχὺ καὶ τὸ λεῖον δόξειε ⏎ μὲν ἂν ποιόν τι σημαίνειν, ἔοικε δὲ ἀλλότρια τα τοιαῦτα ⏎ εἶναι τῆς περὶ τὸ ποιὸν διαιρέσεως· θέσιν γὰρ μᾶλλόν τινα"
tlg001,10,τα,τα,3,40,2370,False,"φαίνεται τῶν μορίων ἑκάτερον δηλοῦν. πυκνὸν μὲν γὰρ τῷ 20 ⏎ τα μόρια σύνεγγυς εἶναι ἀλλήλοις, μανὸν δὲ τῷ διεςάναι ⏎ ἀπ' ἀλλήλων· καὶ λεῖον μὲν τῷ ἐπ᾿ εὐθείας πως τὰ μό-"
tlg001,10,διεστάναι,διεςάναι,1,40,2416,False,"φαίνεται τῶν μορίων ἑκάτερον δηλοῦν. πυκνὸν μὲν γὰρ τῷ 20 ⏎ τα μόρια σύνεγγυς εἶναι ἀλλήλοις, μανὸν δὲ τῷ διεςάναι ⏎ ἀπ' ἀλλήλων· καὶ λεῖον μὲν τῷ ἐπ᾿ εὐθείας πως τὰ μό-"
tlg001,10,ἐπ᾿,ἐπ᾿,1,41,2455,False,"τα μόρια σύνεγγυς εἶναι ἀλλήλοις, μανὸν δὲ τῷ διεςάναι ⏎ ἀπ' ἀλλήλων· καὶ λεῖον μὲν τῷ ἐπ᾿ εὐθείας πως τὰ μό- ⏎ ρια κεῖσθαι, τραχὺ δὲ τῷ τὸ μὲν ὑπερέχειν τὸ δὲ ἐλ"
tlg001,10,ἐλ,ἐλ,1,42,2526,False,"ἀπ' ἀλλήλων· καὶ λεῖον μὲν τῷ ἐπ᾿ εὐθείας πως τὰ μό- ⏎ ρια κεῖσθαι, τραχὺ δὲ τῷ τὸ μὲν ὑπερέχειν τὸ δὲ ἐλ ⏎ λείπειν."
tlg001,10,λείπειν,λείπειν,1,43,2529,False,"ρια κεῖσθαι, τραχὺ δὲ τῷ τὸ μὲν ὑπερέχειν τὸ δὲ ἐλ ⏎ λείπειν. ⏎ Ἴσως μὲν ἦν καὶ ἄλλος ἄν τις φανείη τρόπος ποιότη-"
tlg001,10,ἦν,ἦν,1,44,2547,False,"λείπειν. ⏎ Ἴσως μὲν ἦν καὶ ἄλλος ἄν τις φανείη τρόπος ποιότη- ⏎ τος, ἀλλ᾽ οἵ γε μάλιςα λεγόμενοι σχεδὸν ὗτοί εἰσιν."
tlg001,10,ἀλλ᾽,ἀλλ᾽,3,45,2594,False,"Ἴσως μὲν ἦν καὶ ἄλλος ἄν τις φανείη τρόπος ποιότη- ⏎ τος, ἀλλ᾽ οἵ γε μάλιςα λεγόμενοι σχεδὸν ὗτοί εἰσιν. ⏎ Επιδέχεται δὲ τὸ μᾶλλον καὶ τὸ ἧττον τὰ ποιά."
tlg001,10,ὗτοί,ὗτοί,1,45,2629,False,"Ἴσως μὲν ἦν καὶ ἄλλος ἄν τις φανείη τρόπος ποιότη- ⏎ τος, ἀλλ᾽ οἵ γε μάλιςα λεγόμενοι σχεδὸν ὗτοί εἰσιν. ⏎ Επιδέχεται δὲ τὸ μᾶλλον καὶ τὸ ἧττον τὰ ποιά."
tlg001,10,επιδέχεται,επιδέχεται,1,46,2641,False,"τος, ἀλλ᾽ οἵ γε μάλιςα λεγόμενοι σχεδὸν ὗτοί εἰσιν. ⏎ Επιδέχεται δὲ τὸ μᾶλλον καὶ τὸ ἧττον τὰ ποιά. ⏎ Ποιότητες μὲν ἦν εἰσὶν αἱ εἰρημέναι, ποια δὲ τὰ κα- λευκὸν γὰρ μᾶλλον καὶ ἧττον ἕτερον ἑτέρου λέγεται, καὶ"
tlg001,10,ἦν,ἦν,2,47,2701,False,"Επιδέχεται δὲ τὸ μᾶλλον καὶ τὸ ἧττον τὰ ποιά. ⏎ Ποιότητες μὲν ἦν εἰσὶν αἱ εἰρημέναι, ποια δὲ τὰ κα- λευκὸν γὰρ μᾶλλον καὶ ἧττον ἕτερον ἑτέρου λέγεται, καὶ ⏎ τὰ ταύτας παρωνύμως λεγόμενα ἢ ὁπωσῖν ἄλλως ἀπ' αὐ- δίκαιον ἕτερον ἑτέρα μᾶλλον. καὶ αὐτὸ δὲ ἐπίδοσιν λαμβά"
tlg001,10,ποια,ποια,2,47,2724,False,"Επιδέχεται δὲ τὸ μᾶλλον καὶ τὸ ἧττον τὰ ποιά. ⏎ Ποιότητες μὲν ἦν εἰσὶν αἱ εἰρημέναι, ποια δὲ τὰ κα- λευκὸν γὰρ μᾶλλον καὶ ἧττον ἕτερον ἑτέρου λέγεται, καὶ ⏎ τὰ ταύτας παρωνύμως λεγόμενα ἢ ὁπωσῖν ἄλλως ἀπ' αὐ- δίκαιον ἕτερον ἑτέρα μᾶλλον. καὶ αὐτὸ δὲ ἐπίδοσιν λαμβά"
tlg001,10,ὁπωσῖν,ὁπωσῖν,2,48,2825,False,"Ποιότητες μὲν ἦν εἰσὶν αἱ εἰρημέναι, ποια δὲ τὰ κα- λευκὸν γὰρ μᾶλλον καὶ ἧττον ἕτερον ἑτέρου λέγεται, καὶ ⏎ τὰ ταύτας παρωνύμως λεγόμενα ἢ ὁπωσῖν ἄλλως ἀπ' αὐ- δίκαιον ἕτερον ἑτέρα μᾶλλον. καὶ αὐτὸ δὲ ἐπίδοσιν λαμβά ⏎ τῶν. ἐπὶ μὲν ἐν τῶν πλείςων καὶ σχεδὸν ἐπὶ πάντων πα νει· λευκὸν γὰρ ἂν ἔτι ἐνδέχεται λευκότερον γενέσθαι. οὐ"
tlg001,10,ἑτέρα,ἑτέρα,1,48,2861,False,"Ποιότητες μὲν ἦν εἰσὶν αἱ εἰρημέναι, ποια δὲ τὰ κα- λευκὸν γὰρ μᾶλλον καὶ ἧττον ἕτερον ἑτέρου λέγεται, καὶ ⏎ τὰ ταύτας παρωνύμως λεγόμενα ἢ ὁπωσῖν ἄλλως ἀπ' αὐ- δίκαιον ἕτερον ἑτέρα μᾶλλον. καὶ αὐτὸ δὲ ἐπίδοσιν λαμβά ⏎ τῶν. ἐπὶ μὲν ἐν τῶν πλείςων καὶ σχεδὸν ἐπὶ πάντων πα νει· λευκὸν γὰρ ἂν ἔτι ἐνδέχεται λευκότερον γενέσθαι. οὐ"
tlg001,10,λαμβά,λαμβά,1,48,2896,False,"Ποιότητες μὲν ἦν εἰσὶν αἱ εἰρημέναι, ποια δὲ τὰ κα- λευκὸν γὰρ μᾶλλον καὶ ἧττον ἕτερον ἑτέρου λέγεται, καὶ ⏎ τὰ ταύτας παρωνύμως λεγόμενα ἢ ὁπωσῖν ἄλλως ἀπ' αὐ- δίκαιον ἕτερον ἑτέρα μᾶλλον. καὶ αὐτὸ δὲ ἐπίδοσιν λαμβά ⏎ τῶν. ἐπὶ μὲν ἐν τῶν πλείςων καὶ σχεδὸν ἐπὶ πάντων πα νει· λευκὸν γὰρ ἂν ἔτι ἐνδέχεται λευκότερον γενέσθαι. οὐ"
tlg001,10,πλείστων,πλείςων,1,49,2922,False,"τὰ ταύτας παρωνύμως λεγόμενα ἢ ὁπωσῖν ἄλλως ἀπ' αὐ- δίκαιον ἕτερον ἑτέρα μᾶλλον. καὶ αὐτὸ δὲ ἐπίδοσιν λαμβά ⏎ τῶν. ἐπὶ μὲν ἐν τῶν πλείςων καὶ σχεδὸν ἐπὶ πάντων πα νει· λευκὸν γὰρ ἂν ἔτι ἐνδέχεται λευκότερον γενέσθαι. οὐ ⏎ ρωνύμως λέγεται, οἷον ἀπὸ τῆς λευκότητος λευκὸς καὶ ἀπὸ 30 πάντα δέ, ἀλλὰ τὰ πλεῖςα. δικαιοσύνη γὰρ δικαιοσύνης"
tlg001,10,πα,πα,1,49,2952,False,"τὰ ταύτας παρωνύμως λεγόμενα ἢ ὁπωσῖν ἄλλως ἀπ' αὐ- δίκαιον ἕτερον ἑτέρα μᾶλλον. καὶ αὐτὸ δὲ ἐπίδοσιν λαμβά ⏎ τῶν. ἐπὶ μὲν ἐν τῶν πλείςων καὶ σχεδὸν ἐπὶ πάντων πα νει· λευκὸν γὰρ ἂν ἔτι ἐνδέχεται λευκότερον γενέσθαι. οὐ ⏎ ρωνύμως λέγεται, οἷον ἀπὸ τῆς λευκότητος λευκὸς καὶ ἀπὸ 30 πάντα δέ, ἀλλὰ τὰ πλεῖςα. δικαιοσύνη γὰρ δικαιοσύνης"
tlg001,10,νει,νει,1,49,2955,False,"τὰ ταύτας παρωνύμως λεγόμενα ἢ ὁπωσῖν ἄλλως ἀπ' αὐ- δίκαιον ἕτερον ἑτέρα μᾶλλον. καὶ αὐτὸ δὲ ἐπίδοσιν λαμβά ⏎ τῶν. ἐπὶ μὲν ἐν τῶν πλείςων καὶ σχεδὸν ἐπὶ πάντων πα νει· λευκὸν γὰρ ἂν ἔτι ἐνδέχεται λευκότερον γενέσθαι. οὐ ⏎ ρωνύμως λέγεται, οἷον ἀπὸ τῆς λευκότητος λευκὸς καὶ ἀπὸ 30 πάντα δέ, ἀλλὰ τὰ πλεῖςα. δικαιοσύνη γὰρ δικαιοσύνης"
tlg001,10,ρωνύμως,ρωνύμως,1,50,3012,False,"τῶν. ἐπὶ μὲν ἐν τῶν πλείςων καὶ σχεδὸν ἐπὶ πάντων πα νει· λευκὸν γὰρ ἂν ἔτι ἐνδέχεται λευκότερον γενέσθαι. οὐ ⏎ ρωνύμως λέγεται, οἷον ἀπὸ τῆς λευκότητος λευκὸς καὶ ἀπὸ 30 πάντα δέ, ἀλλὰ τὰ πλεῖςα. δικαιοσύνη γὰρ δικαιοσύνης ⏎ τῆς γραμματικής γραμματικὸς καὶ ἀπὸ τῆς δικαιοσύνης εἰ λέγεται μᾶλλον καὶ ἧττον, ἀπορήσειεν ἄν τις· ὁμοίως δὲ"
tlg001,10,πλεῖστα,πλεῖςα,1,50,3089,False,"τῶν. ἐπὶ μὲν ἐν τῶν πλείςων καὶ σχεδὸν ἐπὶ πάντων πα νει· λευκὸν γὰρ ἂν ἔτι ἐνδέχεται λευκότερον γενέσθαι. οὐ ⏎ ρωνύμως λέγεται, οἷον ἀπὸ τῆς λευκότητος λευκὸς καὶ ἀπὸ 30 πάντα δέ, ἀλλὰ τὰ πλεῖςα. δικαιοσύνη γὰρ δικαιοσύνης ⏎ τῆς γραμματικής γραμματικὸς καὶ ἀπὸ τῆς δικαιοσύνης εἰ λέγεται μᾶλλον καὶ ἧττον, ἀπορήσειεν ἄν τις· ὁμοίως δὲ"
tlg001,10,γραμματικής,γραμματικής,1,51,3128,False,"ρωνύμως λέγεται, οἷον ἀπὸ τῆς λευκότητος λευκὸς καὶ ἀπὸ 30 πάντα δέ, ἀλλὰ τὰ πλεῖςα. δικαιοσύνη γὰρ δικαιοσύνης ⏎ τῆς γραμματικής γραμματικὸς καὶ ἀπὸ τῆς δικαιοσύνης εἰ λέγεται μᾶλλον καὶ ἧττον, ἀπορήσειεν ἄν τις· ὁμοίως δὲ ⏎ δίκαιος, ὡσαύτως δὲ καὶ ἐπὶ τῶν ἄλλων. ἐπ᾿ ἐνίων δὲ διὰ καὶ ἐπὶ τῶν ἄλλων διαθέσεων. ἔνιοι γὰρ διαμφισβητέσι"
tlg001,10,ἐπ᾿,ἐπ᾿,2,52,3273,False,"τῆς γραμματικής γραμματικὸς καὶ ἀπὸ τῆς δικαιοσύνης εἰ λέγεται μᾶλλον καὶ ἧττον, ἀπορήσειεν ἄν τις· ὁμοίως δὲ ⏎ δίκαιος, ὡσαύτως δὲ καὶ ἐπὶ τῶν ἄλλων. ἐπ᾿ ἐνίων δὲ διὰ καὶ ἐπὶ τῶν ἄλλων διαθέσεων. ἔνιοι γὰρ διαμφισβητέσι ⏎ τὸ μὴ κεῖσθαι ταῖς ποιότησιν ὀνόματα ἐκ ἐνδέχεται πα- περὶ τῶν τοιέτων δικαιοσύνην μὲν γὰρ δικαιοσύνης 3 πάνυ"
tlg001,10,διαμφισβητέσι,διαμφισβητέσι,1,52,3329,False,"τῆς γραμματικής γραμματικὸς καὶ ἀπὸ τῆς δικαιοσύνης εἰ λέγεται μᾶλλον καὶ ἧττον, ἀπορήσειεν ἄν τις· ὁμοίως δὲ ⏎ δίκαιος, ὡσαύτως δὲ καὶ ἐπὶ τῶν ἄλλων. ἐπ᾿ ἐνίων δὲ διὰ καὶ ἐπὶ τῶν ἄλλων διαθέσεων. ἔνιοι γὰρ διαμφισβητέσι ⏎ τὸ μὴ κεῖσθαι ταῖς ποιότησιν ὀνόματα ἐκ ἐνδέχεται πα- περὶ τῶν τοιέτων δικαιοσύνην μὲν γὰρ δικαιοσύνης 3 πάνυ"
tlg001,10,ἀπ᾿,ἀπ᾿,1,54,3461,False,"τὸ μὴ κεῖσθαι ταῖς ποιότησιν ὀνόματα ἐκ ἐνδέχεται πα- περὶ τῶν τοιέτων δικαιοσύνην μὲν γὰρ δικαιοσύνης 3 πάνυ ⏎ ρωνύμως ἀπ᾿ αὐτῶν λέγεσθαι, οἷον δρομικὸς ἢ πυκτικὸς ὁ φασὶ δεῖν λέγεσθαι μᾶλλον καὶ ἧττον, ἐδὲ ὑγίειαν ὑγιείας, ⏎ κατὰ δύναμιν φυσικὴν λεγόμενος ἀπ' ἐδεμιᾶς ποιότητος 35 ἧττον μέντοι ἔχειν ἕτερον ἑτέρα ὑγίειαν, καὶ δικαιοσύνην ἔτε"
tlg001,10,ἑτέρα,ἑτέρα,2,55,3648,False,"ρωνύμως ἀπ᾿ αὐτῶν λέγεσθαι, οἷον δρομικὸς ἢ πυκτικὸς ὁ φασὶ δεῖν λέγεσθαι μᾶλλον καὶ ἧττον, ἐδὲ ὑγίειαν ὑγιείας, ⏎ κατὰ δύναμιν φυσικὴν λεγόμενος ἀπ' ἐδεμιᾶς ποιότητος 35 ἧττον μέντοι ἔχειν ἕτερον ἑτέρα ὑγίειαν, καὶ δικαιοσύνην ἔτε ⏎ 2. ὅσαι] ὅσαι ἄλλαι C. "" 4. ἄλλως Β. || 5. γάρ] γὰρ καὶ C. ‖ λέγονται ἐργίλοι τε καὶ μανικοί. ὅσα Β. Η 6. ἀπὸ ῥαιδίως καὶ ταχὺ C. 1"
tlg001,10,ἄλλαι,ἄλλαι,1,56,3697,False,"κατὰ δύναμιν φυσικὴν λεγόμενος ἀπ' ἐδεμιᾶς ποιότητος 35 ἧττον μέντοι ἔχειν ἕτερον ἑτέρα ὑγίειαν, καὶ δικαιοσύνην ἔτε ⏎ 2. ὅσαι] ὅσαι ἄλλαι C. "" 4. ἄλλως Β. || 5. γάρ] γὰρ καὶ C. ‖ λέγονται ἐργίλοι τε καὶ μανικοί. ὅσα Β. Η 6. ἀπὸ ῥαιδίως καὶ ταχὺ C. 1 ⏎ 7. τις om B | έτι] γένηται C. Η ἐδὲ] ἐ C. || 8. μᾶλλον τῷ πεπονθέναι C. || 9. λέγονται C. || 15. *] ἢ καὶ G. | καμπύλον εἶναι καὶ"
tlg001,10,β,β,1,56,3717,False,"κατὰ δύναμιν φυσικὴν λεγόμενος ἀπ' ἐδεμιᾶς ποιότητος 35 ἧττον μέντοι ἔχειν ἕτερον ἑτέρα ὑγίειαν, καὶ δικαιοσύνην ἔτε ⏎ 2. ὅσαι] ὅσαι ἄλλαι C. "" 4. ἄλλως Β. || 5. γάρ] γὰρ καὶ C. ‖ λέγονται ἐργίλοι τε καὶ μανικοί. ὅσα Β. Η 6. ἀπὸ ῥαιδίως καὶ ταχὺ C. 1 ⏎ 7. τις om B | έτι] γένηται C. Η ἐδὲ] ἐ C. || 8. μᾶλλον τῷ πεπονθέναι C. || 9. λέγονται C. || 15. *] ἢ καὶ G. | καμπύλον εἶναι καὶ"
tlg001,10,ἐργίλοι,ἐργίλοι,1,56,3753,False,"κατὰ δύναμιν φυσικὴν λεγόμενος ἀπ' ἐδεμιᾶς ποιότητος 35 ἧττον μέντοι ἔχειν ἕτερον ἑτέρα ὑγίειαν, καὶ δικαιοσύνην ἔτε ⏎ 2. ὅσαι] ὅσαι ἄλλαι C. "" 4. ἄλλως Β. || 5. γάρ] γὰρ καὶ C. ‖ λέγονται ἐργίλοι τε καὶ μανικοί. ὅσα Β. Η 6. ἀπὸ ῥαιδίως καὶ ταχὺ C. 1 ⏎ 7. τις om B | έτι] γένηται C. Η ἐδὲ] ἐ C. || 8. μᾶλλον τῷ πεπονθέναι C. || 9. λέγονται C. || 15. *] ἢ καὶ G. | καμπύλον εἶναι καὶ"
tlg001,10,β,β,2,56,3781,False,"κατὰ δύναμιν φυσικὴν λεγόμενος ἀπ' ἐδεμιᾶς ποιότητος 35 ἧττον μέντοι ἔχειν ἕτερον ἑτέρα ὑγίειαν, καὶ δικαιοσύνην ἔτε ⏎ 2. ὅσαι] ὅσαι ἄλλαι C. "" 4. ἄλλως Β. || 5. γάρ] γὰρ καὶ C. ‖ λέγονται ἐργίλοι τε καὶ μανικοί. ὅσα Β. Η 6. ἀπὸ ῥαιδίως καὶ ταχὺ C. 1 ⏎ 7. τις om B | έτι] γένηται C. Η ἐδὲ] ἐ C. || 8. μᾶλλον τῷ πεπονθέναι C. || 9. λέγονται C. || 15. *] ἢ καὶ G. | καμπύλον εἶναι καὶ"
tlg001,10,η,η,1,56,3784,False,"κατὰ δύναμιν φυσικὴν λεγόμενος ἀπ' ἐδεμιᾶς ποιότητος 35 ἧττον μέντοι ἔχειν ἕτερον ἑτέρα ὑγίειαν, καὶ δικαιοσύνην ἔτε ⏎ 2. ὅσαι] ὅσαι ἄλλαι C. "" 4. ἄλλως Β. || 5. γάρ] γὰρ καὶ C. ‖ λέγονται ἐργίλοι τε καὶ μανικοί. ὅσα Β. Η 6. ἀπὸ ῥαιδίως καὶ ταχὺ C. 1 ⏎ 7. τις om B | έτι] γένηται C. Η ἐδὲ] ἐ C. || 8. μᾶλλον τῷ πεπονθέναι C. || 9. λέγονται C. || 15. *] ἢ καὶ G. | καμπύλον εἶναι καὶ"
tlg001,10,ῥαιδίως,ῥαιδίως,1,56,3793,False,"κατὰ δύναμιν φυσικὴν λεγόμενος ἀπ' ἐδεμιᾶς ποιότητος 35 ἧττον μέντοι ἔχειν ἕτερον ἑτέρα ὑγίειαν, καὶ δικαιοσύνην ἔτε ⏎ 2. ὅσαι] ὅσαι ἄλλαι C. "" 4. ἄλλως Β. || 5. γάρ] γὰρ καὶ C. ‖ λέγονται ἐργίλοι τε καὶ μανικοί. ὅσα Β. Η 6. ἀπὸ ῥαιδίως καὶ ταχὺ C. 1 ⏎ 7. τις om B | έτι] γένηται C. Η ἐδὲ] ἐ C. || 8. μᾶλλον τῷ πεπονθέναι C. || 9. λέγονται C. || 15. *] ἢ καὶ G. | καμπύλον εἶναι καὶ"
tlg001,10,έτι,έτι,1,57,3829,False,"2. ὅσαι] ὅσαι ἄλλαι C. "" 4. ἄλλως Β. || 5. γάρ] γὰρ καὶ C. ‖ λέγονται ἐργίλοι τε καὶ μανικοί. ὅσα Β. Η 6. ἀπὸ ῥαιδίως καὶ ταχὺ C. 1 ⏎ 7. τις om B | έτι] γένηται C. Η ἐδὲ] ἐ C. || 8. μᾶλλον τῷ πεπονθέναι C. || 9. λέγονται C. || 15. *] ἢ καὶ G. | καμπύλον εἶναι καὶ ⏎ ΑΒ. || 16. τι om C. || 18. τι om d. || 19. μᾶλλον om C. || 20. έκαςον G. || γὰρ λέγεται τῷ C. || 25. ἄν τις om C. || 26. τοσο"
tlg001,10,γένηται,γένηται,1,57,3834,False,"2. ὅσαι] ὅσαι ἄλλαι C. "" 4. ἄλλως Β. || 5. γάρ] γὰρ καὶ C. ‖ λέγονται ἐργίλοι τε καὶ μανικοί. ὅσα Β. Η 6. ἀπὸ ῥαιδίως καὶ ταχὺ C. 1 ⏎ 7. τις om B | έτι] γένηται C. Η ἐδὲ] ἐ C. || 8. μᾶλλον τῷ πεπονθέναι C. || 9. λέγονται C. || 15. *] ἢ καὶ G. | καμπύλον εἶναι καὶ ⏎ ΑΒ. || 16. τι om C. || 18. τι om d. || 19. μᾶλλον om C. || 20. έκαςον G. || γὰρ λέγεται τῷ C. || 25. ἄν τις om C. || 26. τοσο"
tlg001,10,η,η,2,57,3845,False,"2. ὅσαι] ὅσαι ἄλλαι C. "" 4. ἄλλως Β. || 5. γάρ] γὰρ καὶ C. ‖ λέγονται ἐργίλοι τε καὶ μανικοί. ὅσα Β. Η 6. ἀπὸ ῥαιδίως καὶ ταχὺ C. 1 ⏎ 7. τις om B | έτι] γένηται C. Η ἐδὲ] ἐ C. || 8. μᾶλλον τῷ πεπονθέναι C. || 9. λέγονται C. || 15. *] ἢ καὶ G. | καμπύλον εἶναι καὶ ⏎ ΑΒ. || 16. τι om C. || 18. τι om d. || 19. μᾶλλον om C. || 20. έκαςον G. || γὰρ λέγεται τῷ C. || 25. ἄν τις om C. || 26. τοσο"
tlg001,10,αβ,αβ,1,58,3945,False,7. τις om B | έτι] γένηται C. Η ἐδὲ] ἐ C. || 8. μᾶλλον τῷ πεπονθέναι C. || 9. λέγονται C. || 15. *] ἢ καὶ G. | καμπύλον εἶναι καὶ ⏎ ΑΒ. || 16. τι om C. || 18. τι om d. || 19. μᾶλλον om C. || 20. έκαςον G. || γὰρ λέγεται τῷ C. || 25. ἄν τις om C. || 26. τοσο ⏎ του BC. || 27. κατ' αὐτὰς C. | 30. λευκὸς] ὁ λευκὸς C. qui et mox ὁ γραμματικὸς et ὁ δίκαιος. Η 34. οἷον ὁ δρομικὸς ἢ ὁ π. G.
tlg001,10,έκαστον,έκαςον,1,58,4008,False,7. τις om B | έτι] γένηται C. Η ἐδὲ] ἐ C. || 8. μᾶλλον τῷ πεπονθέναι C. || 9. λέγονται C. || 15. *] ἢ καὶ G. | καμπύλον εἶναι καὶ ⏎ ΑΒ. || 16. τι om C. || 18. τι om d. || 19. μᾶλλον om C. || 20. έκαςον G. || γὰρ λέγεται τῷ C. || 25. ἄν τις om C. || 26. τοσο ⏎ του BC. || 27. κατ' αὐτὰς C. | 30. λευκὸς] ὁ λευκὸς C. qui et mox ὁ γραμματικὸς et ὁ δίκαιος. Η 34. οἷον ὁ δρομικὸς ἢ ὁ π. G.
tlg001,10,τοσο,τοσο,1,58,4066,False,7. τις om B | έτι] γένηται C. Η ἐδὲ] ἐ C. || 8. μᾶλλον τῷ πεπονθέναι C. || 9. λέγονται C. || 15. *] ἢ καὶ G. | καμπύλον εἶναι καὶ ⏎ ΑΒ. || 16. τι om C. || 18. τι om d. || 19. μᾶλλον om C. || 20. έκαςον G. || γὰρ λέγεται τῷ C. || 25. ἄν τις om C. || 26. τοσο ⏎ του BC. || 27. κατ' αὐτὰς C. | 30. λευκὸς] ὁ λευκὸς C. qui et mox ὁ γραμματικὸς et ὁ δίκαιος. Η 34. οἷον ὁ δρομικὸς ἢ ὁ π. G.
tlg001,10,του,του,1,59,4071,False,ΑΒ. || 16. τι om C. || 18. τι om d. || 19. μᾶλλον om C. || 20. έκαςον G. || γὰρ λέγεται τῷ C. || 25. ἄν τις om C. || 26. τοσο ⏎ του BC. || 27. κατ' αὐτὰς C. | 30. λευκὸς] ὁ λευκὸς C. qui et mox ὁ γραμματικὸς et ὁ δίκαιος. Η 34. οἷον ὁ δρομικὸς ἢ ὁ π. G. ⏎ 1
tlg001,10,η,η,3,59,4165,False,ΑΒ. || 16. τι om C. || 18. τι om d. || 19. μᾶλλον om C. || 20. έκαςον G. || γὰρ λέγεται τῷ C. || 25. ἄν τις om C. || 26. τοσο ⏎ του BC. || 27. κατ' αὐτὰς C. | 30. λευκὸς] ὁ λευκὸς C. qui et mox ὁ γραμματικὸς et ὁ δίκαιος. Η 34. οἷον ὁ δρομικὸς ἢ ὁ π. G. ⏎ 1
tlg001,10,εν,εν,1,61,4306,False,1 ⏎ 2. ταῖς] καὶ ταῖς C. || 4. ἐπισήμη λέγεται C. || 5. διάθεσιν ἔχοντες C. || 7. λεγόμενον om C. ! 9. τοίνυν] εν C. 1 10. παρωνύμως τα ⏎ ΑΒ. || 14. δε om C. || κατὰ ταύτας Β. | αὐτὰς δὲ λεγόμενα ποιά C. || 16. τοιῖτον C. | 17. ἐδέν ἐςιν ἐναντίον C. Η δὲ om C.
tlg001,10,τα,τα,4,61,4328,False,1 ⏎ 2. ταῖς] καὶ ταῖς C. || 4. ἐπισήμη λέγεται C. || 5. διάθεσιν ἔχοντες C. || 7. λεγόμενον om C. ! 9. τοίνυν] εν C. 1 10. παρωνύμως τα ⏎ ΑΒ. || 14. δε om C. || κατὰ ταύτας Β. | αὐτὰς δὲ λεγόμενα ποιά C. || 16. τοιῖτον C. | 17. ἐδέν ἐςιν ἐναντίον C. Η δὲ om C.
tlg001,10,αβ,αβ,2,62,4331,False,"2. ταῖς] καὶ ταῖς C. || 4. ἐπισήμη λέγεται C. || 5. διάθεσιν ἔχοντες C. || 7. λεγόμενον om C. ! 9. τοίνυν] εν C. 1 10. παρωνύμως τα ⏎ ΑΒ. || 14. δε om C. || κατὰ ταύτας Β. | αὐτὰς δὲ λεγόμενα ποιά C. || 16. τοιῖτον C. | 17. ἐδέν ἐςιν ἐναντίον C. Η δὲ om C. ⏎ 19. δῆλον ἐκ τῶν καθ᾽ ἔκασα προχ. C. [ 22. ἔτε γὰρ] οἷον ἔτε C, ἔτε Β. || 23. πε] τὸ πᾶ C. Η ἐδ' ΑΒ. | τι om C. 1 ] ἢ τὸ"
tlg001,10,δε,δε,1,62,4342,False,"2. ταῖς] καὶ ταῖς C. || 4. ἐπισήμη λέγεται C. || 5. διάθεσιν ἔχοντες C. || 7. λεγόμενον om C. ! 9. τοίνυν] εν C. 1 10. παρωνύμως τα ⏎ ΑΒ. || 14. δε om C. || κατὰ ταύτας Β. | αὐτὰς δὲ λεγόμενα ποιά C. || 16. τοιῖτον C. | 17. ἐδέν ἐςιν ἐναντίον C. Η δὲ om C. ⏎ 19. δῆλον ἐκ τῶν καθ᾽ ἔκασα προχ. C. [ 22. ἔτε γὰρ] οἷον ἔτε C, ἔτε Β. || 23. πε] τὸ πᾶ C. Η ἐδ' ΑΒ. | τι om C. 1 ] ἢ τὸ"
tlg001,10,β,β,3,62,4366,False,"2. ταῖς] καὶ ταῖς C. || 4. ἐπισήμη λέγεται C. || 5. διάθεσιν ἔχοντες C. || 7. λεγόμενον om C. ! 9. τοίνυν] εν C. 1 10. παρωνύμως τα ⏎ ΑΒ. || 14. δε om C. || κατὰ ταύτας Β. | αὐτὰς δὲ λεγόμενα ποιά C. || 16. τοιῖτον C. | 17. ἐδέν ἐςιν ἐναντίον C. Η δὲ om C. ⏎ 19. δῆλον ἐκ τῶν καθ᾽ ἔκασα προχ. C. [ 22. ἔτε γὰρ] οἷον ἔτε C, ἔτε Β. || 23. πε] τὸ πᾶ C. Η ἐδ' ΑΒ. | τι om C. 1 ] ἢ τὸ"
tlg001,10,τοιῖτον,τοιῖτον,1,62,4404,False,"2. ταῖς] καὶ ταῖς C. || 4. ἐπισήμη λέγεται C. || 5. διάθεσιν ἔχοντες C. || 7. λεγόμενον om C. ! 9. τοίνυν] εν C. 1 10. παρωνύμως τα ⏎ ΑΒ. || 14. δε om C. || κατὰ ταύτας Β. | αὐτὰς δὲ λεγόμενα ποιά C. || 16. τοιῖτον C. | 17. ἐδέν ἐςιν ἐναντίον C. Η δὲ om C. ⏎ 19. δῆλον ἐκ τῶν καθ᾽ ἔκασα προχ. C. [ 22. ἔτε γὰρ] οἷον ἔτε C, ἔτε Β. || 23. πε] τὸ πᾶ C. Η ἐδ' ΑΒ. | τι om C. 1 ] ἢ τὸ"
tlg001,10,η,η,4,62,4443,False,"2. ταῖς] καὶ ταῖς C. || 4. ἐπισήμη λέγεται C. || 5. διάθεσιν ἔχοντες C. || 7. λεγόμενον om C. ! 9. τοίνυν] εν C. 1 10. παρωνύμως τα ⏎ ΑΒ. || 14. δε om C. || κατὰ ταύτας Β. | αὐτὰς δὲ λεγόμενα ποιά C. || 16. τοιῖτον C. | 17. ἐδέν ἐςιν ἐναντίον C. Η δὲ om C. ⏎ 19. δῆλον ἐκ τῶν καθ᾽ ἔκασα προχ. C. [ 22. ἔτε γὰρ] οἷον ἔτε C, ἔτε Β. || 23. πε] τὸ πᾶ C. Η ἐδ' ΑΒ. | τι om C. 1 ] ἢ τὸ"
tlg001,10,καθ᾽,καθ᾽,2,63,4471,False,"ΑΒ. || 14. δε om C. || κατὰ ταύτας Β. | αὐτὰς δὲ λεγόμενα ποιά C. || 16. τοιῖτον C. | 17. ἐδέν ἐςιν ἐναντίον C. Η δὲ om C. ⏎ 19. δῆλον ἐκ τῶν καθ᾽ ἔκασα προχ. C. [ 22. ἔτε γὰρ] οἷον ἔτε C, ἔτε Β. || 23. πε] τὸ πᾶ C. Η ἐδ' ΑΒ. | τι om C. 1 ] ἢ τὸ ⏎ C. || 26. δὲ] δὲ καὶ BC. || 27. καὶ ἧττον om Β. || 28. δικαιότερον 4. ] ἕτερον ἑτέρα μᾶλλον] μᾶλλον ἕτερον ἑτέρω λέγεται Β, ἕτερον"
tlg001,10,ἔκασα,ἔκασα,1,63,4476,False,"ΑΒ. || 14. δε om C. || κατὰ ταύτας Β. | αὐτὰς δὲ λεγόμενα ποιά C. || 16. τοιῖτον C. | 17. ἐδέν ἐςιν ἐναντίον C. Η δὲ om C. ⏎ 19. δῆλον ἐκ τῶν καθ᾽ ἔκασα προχ. C. [ 22. ἔτε γὰρ] οἷον ἔτε C, ἔτε Β. || 23. πε] τὸ πᾶ C. Η ἐδ' ΑΒ. | τι om C. 1 ] ἢ τὸ ⏎ C. || 26. δὲ] δὲ καὶ BC. || 27. καὶ ἧττον om Β. || 28. δικαιότερον 4. ] ἕτερον ἑτέρα μᾶλλον] μᾶλλον ἕτερον ἑτέρω λέγεται Β, ἕτερον"
tlg001,10,β,β,4,63,4522,False,"ΑΒ. || 14. δε om C. || κατὰ ταύτας Β. | αὐτὰς δὲ λεγόμενα ποιά C. || 16. τοιῖτον C. | 17. ἐδέν ἐςιν ἐναντίον C. Η δὲ om C. ⏎ 19. δῆλον ἐκ τῶν καθ᾽ ἔκασα προχ. C. [ 22. ἔτε γὰρ] οἷον ἔτε C, ἔτε Β. || 23. πε] τὸ πᾶ C. Η ἐδ' ΑΒ. | τι om C. 1 ] ἢ τὸ ⏎ C. || 26. δὲ] δὲ καὶ BC. || 27. καὶ ἧττον om Β. || 28. δικαιότερον 4. ] ἕτερον ἑτέρα μᾶλλον] μᾶλλον ἕτερον ἑτέρω λέγεται Β, ἕτερον"
tlg001,10,πε,πε,1,63,4532,False,"ΑΒ. || 14. δε om C. || κατὰ ταύτας Β. | αὐτὰς δὲ λεγόμενα ποιά C. || 16. τοιῖτον C. | 17. ἐδέν ἐςιν ἐναντίον C. Η δὲ om C. ⏎ 19. δῆλον ἐκ τῶν καθ᾽ ἔκασα προχ. C. [ 22. ἔτε γὰρ] οἷον ἔτε C, ἔτε Β. || 23. πε] τὸ πᾶ C. Η ἐδ' ΑΒ. | τι om C. 1 ] ἢ τὸ ⏎ C. || 26. δὲ] δὲ καὶ BC. || 27. καὶ ἧττον om Β. || 28. δικαιότερον 4. ] ἕτερον ἑτέρα μᾶλλον] μᾶλλον ἕτερον ἑτέρω λέγεται Β, ἕτερον"
tlg001,10,πᾶ,πᾶ,1,63,4539,False,"ΑΒ. || 14. δε om C. || κατὰ ταύτας Β. | αὐτὰς δὲ λεγόμενα ποιά C. || 16. τοιῖτον C. | 17. ἐδέν ἐςιν ἐναντίον C. Η δὲ om C. ⏎ 19. δῆλον ἐκ τῶν καθ᾽ ἔκασα προχ. C. [ 22. ἔτε γὰρ] οἷον ἔτε C, ἔτε Β. || 23. πε] τὸ πᾶ C. Η ἐδ' ΑΒ. | τι om C. 1 ] ἢ τὸ ⏎ C. || 26. δὲ] δὲ καὶ BC. || 27. καὶ ἧττον om Β. || 28. δικαιότερον 4. ] ἕτερον ἑτέρα μᾶλλον] μᾶλλον ἕτερον ἑτέρω λέγεται Β, ἕτερον"
tlg001,10,η,η,5,63,4545,False,"ΑΒ. || 14. δε om C. || κατὰ ταύτας Β. | αὐτὰς δὲ λεγόμενα ποιά C. || 16. τοιῖτον C. | 17. ἐδέν ἐςιν ἐναντίον C. Η δὲ om C. ⏎ 19. δῆλον ἐκ τῶν καθ᾽ ἔκασα προχ. C. [ 22. ἔτε γὰρ] οἷον ἔτε C, ἔτε Β. || 23. πε] τὸ πᾶ C. Η ἐδ' ΑΒ. | τι om C. 1 ] ἢ τὸ ⏎ C. || 26. δὲ] δὲ καὶ BC. || 27. καὶ ἧττον om Β. || 28. δικαιότερον 4. ] ἕτερον ἑτέρα μᾶλλον] μᾶλλον ἕτερον ἑτέρω λέγεται Β, ἕτερον"
tlg001,10,αβ,αβ,3,63,4551,False,"ΑΒ. || 14. δε om C. || κατὰ ταύτας Β. | αὐτὰς δὲ λεγόμενα ποιά C. || 16. τοιῖτον C. | 17. ἐδέν ἐςιν ἐναντίον C. Η δὲ om C. ⏎ 19. δῆλον ἐκ τῶν καθ᾽ ἔκασα προχ. C. [ 22. ἔτε γὰρ] οἷον ἔτε C, ἔτε Β. || 23. πε] τὸ πᾶ C. Η ἐδ' ΑΒ. | τι om C. 1 ] ἢ τὸ ⏎ C. || 26. δὲ] δὲ καὶ BC. || 27. καὶ ἧττον om Β. || 28. δικαιότερον 4. ] ἕτερον ἑτέρα μᾶλλον] μᾶλλον ἕτερον ἑτέρω λέγεται Β, ἕτερον"
tlg001,10,β,β,5,64,4620,False,"19. δῆλον ἐκ τῶν καθ᾽ ἔκασα προχ. C. [ 22. ἔτε γὰρ] οἷον ἔτε C, ἔτε Β. || 23. πε] τὸ πᾶ C. Η ἐδ' ΑΒ. | τι om C. 1 ] ἢ τὸ ⏎ C. || 26. δὲ] δὲ καὶ BC. || 27. καὶ ἧττον om Β. || 28. δικαιότερον 4. ] ἕτερον ἑτέρα μᾶλλον] μᾶλλον ἕτερον ἑτέρω λέγεται Β, ἕτερον ⏎ ἑτέρυ λέγεται μᾶλλον καὶ ἧττον G. || ταῦτα G. || ἐπίτασιν C. || 29. ἐνδέχεται ἔτι C. | 31. λέγοιτο Β. || καὶ ἧττον om B et pr 4..!"
tlg001,10,ἑτέρα,ἑτέρα,3,64,4654,False,"19. δῆλον ἐκ τῶν καθ᾽ ἔκασα προχ. C. [ 22. ἔτε γὰρ] οἷον ἔτε C, ἔτε Β. || 23. πε] τὸ πᾶ C. Η ἐδ' ΑΒ. | τι om C. 1 ] ἢ τὸ ⏎ C. || 26. δὲ] δὲ καὶ BC. || 27. καὶ ἧττον om Β. || 28. δικαιότερον 4. ] ἕτερον ἑτέρα μᾶλλον] μᾶλλον ἕτερον ἑτέρω λέγεται Β, ἕτερον ⏎ ἑτέρυ λέγεται μᾶλλον καὶ ἧττον G. || ταῦτα G. || ἐπίτασιν C. || 29. ἐνδέχεται ἔτι C. | 31. λέγοιτο Β. || καὶ ἧττον om B et pr 4..!"
tlg001,10,β,β,6,64,4696,False,"19. δῆλον ἐκ τῶν καθ᾽ ἔκασα προχ. C. [ 22. ἔτε γὰρ] οἷον ἔτε C, ἔτε Β. || 23. πε] τὸ πᾶ C. Η ἐδ' ΑΒ. | τι om C. 1 ] ἢ τὸ ⏎ C. || 26. δὲ] δὲ καὶ BC. || 27. καὶ ἧττον om Β. || 28. δικαιότερον 4. ] ἕτερον ἑτέρα μᾶλλον] μᾶλλον ἕτερον ἑτέρω λέγεται Β, ἕτερον ⏎ ἑτέρυ λέγεται μᾶλλον καὶ ἧττον G. || ταῦτα G. || ἐπίτασιν C. || 29. ἐνδέχεται ἔτι C. | 31. λέγοιτο Β. || καὶ ἧττον om B et pr 4..!"
tlg001,10,ἑτέρυ,ἑτέρυ,1,65,4706,False,"C. || 26. δὲ] δὲ καὶ BC. || 27. καὶ ἧττον om Β. || 28. δικαιότερον 4. ] ἕτερον ἑτέρα μᾶλλον] μᾶλλον ἕτερον ἑτέρω λέγεται Β, ἕτερον ⏎ ἑτέρυ λέγεται μᾶλλον καὶ ἧττον G. || ταῦτα G. || ἐπίτασιν C. || 29. ἐνδέχεται ἔτι C. | 31. λέγοιτο Β. || καὶ ἧττον om B et pr 4..! ⏎ 33. δικαιοσύνη Β. || 34. φασὶ μᾶλλον καὶ ἧττον λέγεσθαι C. I 35. ὑγίειαν - ἑτέρε] ὑγίειάν φασι καὶ δικαιοσύνην ἧττον ἑτέρον ἑτέρα ἔχειν C."
tlg001,10,β,β,7,65,4805,False,"C. || 26. δὲ] δὲ καὶ BC. || 27. καὶ ἧττον om Β. || 28. δικαιότερον 4. ] ἕτερον ἑτέρα μᾶλλον] μᾶλλον ἕτερον ἑτέρω λέγεται Β, ἕτερον ⏎ ἑτέρυ λέγεται μᾶλλον καὶ ἧττον G. || ταῦτα G. || ἐπίτασιν C. || 29. ἐνδέχεται ἔτι C. | 31. λέγοιτο Β. || καὶ ἧττον om B et pr 4..! ⏎ 33. δικαιοσύνη Β. || 34. φασὶ μᾶλλον καὶ ἧττον λέγεσθαι C. I 35. ὑγίειαν - ἑτέρε] ὑγίειάν φασι καὶ δικαιοσύνην ἧττον ἑτέρον ἑτέρα ἔχειν C."
tlg001,10,β,β,8,66,4852,False,ἑτέρυ λέγεται μᾶλλον καὶ ἧττον G. || ταῦτα G. || ἐπίτασιν C. || 29. ἐνδέχεται ἔτι C. | 31. λέγοιτο Β. || καὶ ἧττον om B et pr 4..! ⏎ 33. δικαιοσύνη Β. || 34. φασὶ μᾶλλον καὶ ἧττον λέγεσθαι C. I 35. ὑγίειαν - ἑτέρε] ὑγίειάν φασι καὶ δικαιοσύνην ἧττον ἑτέρον ἑτέρα ἔχειν C.
tlg001,10,ὑγίειάν,ὑγίειάν,1,66,4919,False,ἑτέρυ λέγεται μᾶλλον καὶ ἧττον G. || ταῦτα G. || ἐπίτασιν C. || 29. ἐνδέχεται ἔτι C. | 31. λέγοιτο Β. || καὶ ἧττον om B et pr 4..! ⏎ 33. δικαιοσύνη Β. || 34. φασὶ μᾶλλον καὶ ἧττον λέγεσθαι C. I 35. ὑγίειαν - ἑτέρε] ὑγίειάν φασι καὶ δικαιοσύνην ἧττον ἑτέρον ἑτέρα ἔχειν C.
tlg001,10,ἑτέρον,ἑτέρον,1,66,4954,False,ἑτέρυ λέγεται μᾶλλον καὶ ἧττον G. || ταῦτα G. || ἐπίτασιν C. || 29. ἐνδέχεται ἔτι C. | 31. λέγοιτο Β. || καὶ ἧττον om B et pr 4..! ⏎ 33. δικαιοσύνη Β. || 34. φασὶ μᾶλλον καὶ ἧττον λέγεσθαι C. I 35. ὑγίειαν - ἑτέρε] ὑγίειάν φασι καὶ δικαιοσύνην ἧττον ἑτέρον ἑτέρα ἔχειν C.
tlg001,10,ἑτέρα,ἑτέρα,4,66,4961,False,ἑτέρυ λέγεται μᾶλλον καὶ ἧττον G. || ταῦτα G. || ἐπίτασιν C. || 29. ἐνδέχεται ἔτι C. | 31. λέγοιτο Β. || καὶ ἧττον om B et pr 4..! ⏎ 33. δικαιοσύνη Β. || 34. φασὶ μᾶλλον καὶ ἧττον λέγεσθαι C. I 35. ὑγίειαν - ἑτέρε] ὑγίειάν φασι καὶ δικαιοσύνην ἧττον ἑτέρον ἑτέρα ἔχειν C.
tlg001,11,κατηγορια,κατηγορια,1,1,0,False,ΚΑΤΗΓΟΡΙΑ Ι. ⏎ 11
tlg001,11,ι,ι,1,1,10,False,ΚΑΤΗΓΟΡΙΑ Ι. ⏎ 11
tlg001,11,ἑτέρα,ἑτέρα,1,4,22,False,"5 ⏎ ρον ἑτέρα, ὡσαύτως δὲ καὶ γραμματικὴν καὶ τὰς ἄλλας ⏎ διαθέσεις. ἀλλ᾽ ἂν τά γε κατὰ ταύτας λεγόμενα άναμ"
tlg001,11,ἀλλ᾽,ἀλλ᾽,1,5,81,False,"ρον ἑτέρα, ὡσαύτως δὲ καὶ γραμματικὴν καὶ τὰς ἄλλας ⏎ διαθέσεις. ἀλλ᾽ ἂν τά γε κατὰ ταύτας λεγόμενα άναμ ⏎ φισβητήτως ἐπιδέχεται τὸ μᾶλλον καὶ τὸ ἧττον γραμ-"
tlg001,11,άναμ,άναμ,1,5,116,False,"ρον ἑτέρα, ὡσαύτως δὲ καὶ γραμματικὴν καὶ τὰς ἄλλας ⏎ διαθέσεις. ἀλλ᾽ ἂν τά γε κατὰ ταύτας λεγόμενα άναμ ⏎ φισβητήτως ἐπιδέχεται τὸ μᾶλλον καὶ τὸ ἧττον γραμ-"
tlg001,11,φισβητήτως,φισβητήτως,1,6,121,False,διαθέσεις. ἀλλ᾽ ἂν τά γε κατὰ ταύτας λεγόμενα άναμ ⏎ φισβητήτως ἐπιδέχεται τὸ μᾶλλον καὶ τὸ ἧττον γραμ- ⏎ ματικώτερος γὰρ ἕτερος ἑτέρα λέγεται καὶ ὑγιεινότερος καὶ
tlg001,11,ἑτέρα,ἑτέρα,2,7,195,False,"φισβητήτως ἐπιδέχεται τὸ μᾶλλον καὶ τὸ ἧττον γραμ- ⏎ ματικώτερος γὰρ ἕτερος ἑτέρα λέγεται καὶ ὑγιεινότερος καὶ ⏎ δικαιότερος, καὶ ἐπὶ τῶν ἄλλων ὡσαύτως. τρίγωνον δὲ καὶ"
tlg001,11,ἄλ,ἄλ,1,9,336,False,"δικαιότερος, καὶ ἐπὶ τῶν ἄλλων ὡσαύτως. τρίγωνον δὲ καὶ ⏎ τετράγωνον ἐ δοκεῖ τὸ μᾶλλον ἐπιδέχεσθαι, ἐδὲ τῶν ἄλ ⏎ λων σχημάτων ἐδέν. τὰ μὲν γὰρ ἐπιδεχόμενα τὸν τῇ τρι-"
tlg001,11,λων,λων,1,10,339,False,"τετράγωνον ἐ δοκεῖ τὸ μᾶλλον ἐπιδέχεσθαι, ἐδὲ τῶν ἄλ ⏎ λων σχημάτων ἐδέν. τὰ μὲν γὰρ ἐπιδεχόμενα τὸν τῇ τρι- ⏎ γώνες λόγον ἢ τὸν τῇ κύκλο πάνθ᾽ ὁμοίως τρίγωνα ἢ κύ"
tlg001,11,τρι,τρι,1,10,388,False,"τετράγωνον ἐ δοκεῖ τὸ μᾶλλον ἐπιδέχεσθαι, ἐδὲ τῶν ἄλ ⏎ λων σχημάτων ἐδέν. τὰ μὲν γὰρ ἐπιδεχόμενα τὸν τῇ τρι- ⏎ γώνες λόγον ἢ τὸν τῇ κύκλο πάνθ᾽ ὁμοίως τρίγωνα ἢ κύ"
tlg001,11,γώνες,γώνες,1,11,393,False,"λων σχημάτων ἐδέν. τὰ μὲν γὰρ ἐπιδεχόμενα τὸν τῇ τρι- ⏎ γώνες λόγον ἢ τὸν τῇ κύκλο πάνθ᾽ ὁμοίως τρίγωνα ἢ κύ ⏎ κλοι εἰσί, τῶν δὲ μὴ ἐπιδεχομένων ἰδὲν μᾶλλον ἕτερον"
tlg001,11,πάνθ᾽,πάνθ᾽,1,11,420,False,"λων σχημάτων ἐδέν. τὰ μὲν γὰρ ἐπιδεχόμενα τὸν τῇ τρι- ⏎ γώνες λόγον ἢ τὸν τῇ κύκλο πάνθ᾽ ὁμοίως τρίγωνα ἢ κύ ⏎ κλοι εἰσί, τῶν δὲ μὴ ἐπιδεχομένων ἰδὲν μᾶλλον ἕτερον"
tlg001,11,κύ,κύ,1,11,443,False,"λων σχημάτων ἐδέν. τὰ μὲν γὰρ ἐπιδεχόμενα τὸν τῇ τρι- ⏎ γώνες λόγον ἢ τὸν τῇ κύκλο πάνθ᾽ ὁμοίως τρίγωνα ἢ κύ ⏎ κλοι εἰσί, τῶν δὲ μὴ ἐπιδεχομένων ἰδὲν μᾶλλον ἕτερον"
tlg001,11,κλοι,κλοι,1,12,446,False,"γώνες λόγον ἢ τὸν τῇ κύκλο πάνθ᾽ ὁμοίως τρίγωνα ἢ κύ ⏎ κλοι εἰσί, τῶν δὲ μὴ ἐπιδεχομένων ἰδὲν μᾶλλον ἕτερον ⏎ ἑτέρα ῥηθήσεται· ἰδὲν γὰρ μᾶλλον τὸ τετράγωνον το ἑτερο- 10"
tlg001,11,εἰσί,εἰσί,1,12,451,False,"γώνες λόγον ἢ τὸν τῇ κύκλο πάνθ᾽ ὁμοίως τρίγωνα ἢ κύ ⏎ κλοι εἰσί, τῶν δὲ μὴ ἐπιδεχομένων ἰδὲν μᾶλλον ἕτερον ⏎ ἑτέρα ῥηθήσεται· ἰδὲν γὰρ μᾶλλον τὸ τετράγωνον το ἑτερο- 10"
tlg001,11,ἑτέρα,ἑτέρα,3,13,499,False,"κλοι εἰσί, τῶν δὲ μὴ ἐπιδεχομένων ἰδὲν μᾶλλον ἕτερον ⏎ ἑτέρα ῥηθήσεται· ἰδὲν γὰρ μᾶλλον τὸ τετράγωνον το ἑτερο- 10 ⏎ μήκος κύκλος ἐςίν· ἐδέτερον γὰρ ἐπιδέχεται τον τῇ κύκλο"
tlg001,11,το,το,1,13,546,False,"κλοι εἰσί, τῶν δὲ μὴ ἐπιδεχομένων ἰδὲν μᾶλλον ἕτερον ⏎ ἑτέρα ῥηθήσεται· ἰδὲν γὰρ μᾶλλον τὸ τετράγωνον το ἑτερο- 10 ⏎ μήκος κύκλος ἐςίν· ἐδέτερον γὰρ ἐπιδέχεται τον τῇ κύκλο"
tlg001,11,ἑτερο,ἑτερο,1,13,549,False,"κλοι εἰσί, τῶν δὲ μὴ ἐπιδεχομένων ἰδὲν μᾶλλον ἕτερον ⏎ ἑτέρα ῥηθήσεται· ἰδὲν γὰρ μᾶλλον τὸ τετράγωνον το ἑτερο- 10 ⏎ μήκος κύκλος ἐςίν· ἐδέτερον γὰρ ἐπιδέχεται τον τῇ κύκλο"
tlg001,11,μήκος,μήκος,1,14,559,False,"ἑτέρα ῥηθήσεται· ἰδὲν γὰρ μᾶλλον τὸ τετράγωνον το ἑτερο- 10 ⏎ μήκος κύκλος ἐςίν· ἐδέτερον γὰρ ἐπιδέχεται τον τῇ κύκλο ⏎ λόγον. ἁπλῶς δέ, ἐὰν μὴ ἐπιδέχηται ἀμφότερα τὸν τῇ"
tlg001,11,τον,τον,1,14,602,False,"ἑτέρα ῥηθήσεται· ἰδὲν γὰρ μᾶλλον τὸ τετράγωνον το ἑτερο- 10 ⏎ μήκος κύκλος ἐςίν· ἐδέτερον γὰρ ἐπιδέχεται τον τῇ κύκλο ⏎ λόγον. ἁπλῶς δέ, ἐὰν μὴ ἐπιδέχηται ἀμφότερα τὸν τῇ"
tlg001,11,προκειμένα,προκειμένα,1,16,666,False,"λόγον. ἁπλῶς δέ, ἐὰν μὴ ἐπιδέχηται ἀμφότερα τὸν τῇ ⏎ προκειμένα λόγον, ὦ ῥηθήσεται τὸ ἕτερον τὸ ἑτέρα μᾶλλον. ⏎ κ πάντα οὖν τὰ ποιὰ ἐπιδέχεται τὸ μᾶλλον καὶ τὸ ἧττον."
tlg001,11,ὦ,ὦ,1,16,684,False,"λόγον. ἁπλῶς δέ, ἐὰν μὴ ἐπιδέχηται ἀμφότερα τὸν τῇ ⏎ προκειμένα λόγον, ὦ ῥηθήσεται τὸ ἕτερον τὸ ἑτέρα μᾶλλον. ⏎ κ πάντα οὖν τὰ ποιὰ ἐπιδέχεται τὸ μᾶλλον καὶ τὸ ἧττον."
tlg001,11,ἑτέρα,ἑτέρα,4,16,709,False,"λόγον. ἁπλῶς δέ, ἐὰν μὴ ἐπιδέχηται ἀμφότερα τὸν τῇ ⏎ προκειμένα λόγον, ὦ ῥηθήσεται τὸ ἕτερον τὸ ἑτέρα μᾶλλον. ⏎ κ πάντα οὖν τὰ ποιὰ ἐπιδέχεται τὸ μᾶλλον καὶ τὸ ἧττον."
tlg001,11,κ,κ,1,17,723,False,"προκειμένα λόγον, ὦ ῥηθήσεται τὸ ἕτερον τὸ ἑτέρα μᾶλλον. ⏎ κ πάντα οὖν τὰ ποιὰ ἐπιδέχεται τὸ μᾶλλον καὶ τὸ ἧττον. ⏎ Τῶν μὲν οὖν εἰρημένων ἐδὲν ἴδιον ποιότητος, ὅμοια δὲ 15"
tlg001,11,καθ᾿,καθ᾿,1,20,927,False,καὶ ἀνόμοια κατὰ μόνας τὰς ποιότητας λέγεται ὅμοιον ⏎ γὰρ ἕτερον ἑτέρῳ ἐκ ἔςι κατ' ἄλλο ἐδὲν ἢ καθ᾿ ὃ ποιόν ⏎ ἐςιν. ὥςε ἴδιον ἂν εἴη τῆς ποιότητος τὸ ὅμοιον καὶ ἀνό-
tlg001,11,έναν,έναν,1,24,1069,False,20 ⏎ Ἐπιδέχεται δὲ καὶ τὸ ποιεῖν καὶ τὸ πάσχειν έναν 9 ⏎ τιότητα καὶ τὸ μᾶλλον καὶ τὸ ἧττον τὸ γὰρ θερμαίνειν
tlg001,11,τιότητα,τιότητα,1,25,1076,False,Ἐπιδέχεται δὲ καὶ τὸ ποιεῖν καὶ τὸ πάσχειν έναν 9 ⏎ τιότητα καὶ τὸ μᾶλλον καὶ τὸ ἧττον τὸ γὰρ θερμαίνειν ⏎ τῷ ψύχειν ἐναντίον καὶ τὸ θερμαίνεσθαι τῷ ψύχεσθαι καὶ
tlg001,11,θερμαίνειν,θερμαίνειν,1,25,1118,False,Ἐπιδέχεται δὲ καὶ τὸ ποιεῖν καὶ τὸ πάσχειν έναν 9 ⏎ τιότητα καὶ τὸ μᾶλλον καὶ τὸ ἧττον τὸ γὰρ θερμαίνειν ⏎ τῷ ψύχειν ἐναντίον καὶ τὸ θερμαίνεσθαι τῷ ψύχεσθαι καὶ
tlg001,11,ψύχειν,ψύχειν,1,26,1132,False,"τιότητα καὶ τὸ μᾶλλον καὶ τὸ ἧττον τὸ γὰρ θερμαίνειν ⏎ τῷ ψύχειν ἐναντίον καὶ τὸ θερμαίνεσθαι τῷ ψύχεσθαι καὶ ⏎ τὸ ἥδεσθαι τῷ λυπεῖσθαι, ὥςε ἐπιδέχεται ἐναντιότητα. καὶ"
tlg001,11,θερμαίνειν,θερμαίνειν,2,28,1264,False,"τὸ ἥδεσθαι τῷ λυπεῖσθαι, ὥςε ἐπιδέχεται ἐναντιότητα. καὶ ⏎ τὸ μᾶλλον δὲ καὶ ἧττον θερμαίνειν γὰρ μᾶλλον καὶ ἦτε ⏎ τον ἔςι, καὶ θερμαίνεσθαι μᾶλλον καὶ ἧττον. ἐπιδέχεται"
tlg001,11,ἦτε,ἦτε,1,28,1290,False,"τὸ ἥδεσθαι τῷ λυπεῖσθαι, ὥςε ἐπιδέχεται ἐναντιότητα. καὶ ⏎ τὸ μᾶλλον δὲ καὶ ἧττον θερμαίνειν γὰρ μᾶλλον καὶ ἦτε ⏎ τον ἔςι, καὶ θερμαίνεσθαι μᾶλλον καὶ ἧττον. ἐπιδέχεται"
tlg001,11,τον,τον,2,29,1294,False,"τὸ μᾶλλον δὲ καὶ ἧττον θερμαίνειν γὰρ μᾶλλον καὶ ἦτε ⏎ τον ἔςι, καὶ θερμαίνεσθαι μᾶλλον καὶ ἧττον. ἐπιδέχεται ⏎ ἦν τὸ μᾶλλον καὶ τὸ ἧττον τὸ ποιεῖν καὶ τὸ πάσχειν."
tlg001,11,ἦν,ἦν,1,30,1349,False,"τον ἔςι, καὶ θερμαίνεσθαι μᾶλλον καὶ ἧττον. ἐπιδέχεται ⏎ ἦν τὸ μᾶλλον καὶ τὸ ἧττον τὸ ποιεῖν καὶ τὸ πάσχειν. ⏎ Ὑπὲρ μὲν οὖν τούτων τοσαῦτα λέγεται· εἴρηται δὲ"
tlg001,11,παρωνύμως,παρωνύμως,1,32,1491,False,"Ὑπὲρ μὲν οὖν τούτων τοσαῦτα λέγεται· εἴρηται δὲ ⏎ καὶ ὑπὲρ τοῦ κεῖσθαι ἐν τοῖς πρός τι, ὅτι παρωνύμως ἀπὸ ⏎ τῶν θέσεων λέγεται. ὑπὲρ δὲ τῶν λοιπῶν, τῇ τε ποτὲ καὶ"
tlg001,11,πᾶ,πᾶ,1,34,1563,False,"τῶν θέσεων λέγεται. ὑπὲρ δὲ τῶν λοιπῶν, τῇ τε ποτὲ καὶ ⏎ τῇ πᾶ καὶ τῇ ἔχειν, διὰ τὸ προφανῆ εἶναι ἐδὲν ὑπὲρ αὐ ⏎ τῶν ἄλλο λέγεται ἢ ὅσα ἐν ἀρχῇ ἐρρέθη, ὅτι τὸ ἔχειν μὲν"
tlg001,11,αὐ,αὐ,1,34,1611,False,"τῶν θέσεων λέγεται. ὑπὲρ δὲ τῶν λοιπῶν, τῇ τε ποτὲ καὶ ⏎ τῇ πᾶ καὶ τῇ ἔχειν, διὰ τὸ προφανῆ εἶναι ἐδὲν ὑπὲρ αὐ ⏎ τῶν ἄλλο λέγεται ἢ ὅσα ἐν ἀρχῇ ἐρρέθη, ὅτι τὸ ἔχειν μὲν"
tlg001,11,πῆ,πῆ,1,36,1714,False,"τῶν ἄλλο λέγεται ἢ ὅσα ἐν ἀρχῇ ἐρρέθη, ὅτι τὸ ἔχειν μὲν ⏎ σημαίνει τὸ ὑποδεδέσθαι, τὸ ὡπλίσθαι, τὸ δὲ πῆ οἷον ἐν ⏎ Λυκείῳ, καὶ τὰ ἄλλα δὲ ὅσα ὑπὲρ αὐτῶν ἐρρέθη."
tlg001,11,ἀντικεί,ἀντικεί,1,39,1869,False,"Ὑπὲρ μὲν ἐν τῶν προτεθέντων γενῶν ἱκανὰ τὰ εἰρη-10 ⏎ μένα· περὶ δὲ τῶν ἀντικειμένων, ποσαχῶς εἴωθεν ἀντικεί ⏎ σθαι, ῥητέον. λέγεται δὲ ἕτερον ἑτέρῳ ἀντικεῖσθαι τετραχῶς,"
tlg001,11,σθαι,σθαι,1,40,1877,False,"μένα· περὶ δὲ τῶν ἀντικειμένων, ποσαχῶς εἴωθεν ἀντικεί ⏎ σθαι, ῥητέον. λέγεται δὲ ἕτερον ἑτέρῳ ἀντικεῖσθαι τετραχῶς, ⏎ ἢ ὡς τὰ πρός τι, ἢ ὡς τὰ ἐναντία, ἢ ὡς σέρησις καὶ ἕξις,"
tlg001,11,σέρησις,σέρησις,1,41,1976,False,"σθαι, ῥητέον. λέγεται δὲ ἕτερον ἑτέρῳ ἀντικεῖσθαι τετραχῶς, ⏎ ἢ ὡς τὰ πρός τι, ἢ ὡς τὰ ἐναντία, ἢ ὡς σέρησις καὶ ἕξις, ⏎ ὡς κατάφασις καὶ ἀπόφασις. ἀντίκειται δὲ ἕκαςον τῶν"
tlg001,11,διπλά,διπλά,1,43,2096,False,"ὡς κατάφασις καὶ ἀπόφασις. ἀντίκειται δὲ ἕκαςον τῶν ⏎ τοιέτων ὡς τύπῳ εἰπεῖν ὡς μὲν τὰ πρός τι, οἷον τὸ διπλά ⏎ σιον τῷ ἡμίσει, ὡς δὲ τὰ ἐναντία, οἷον τὸ κακὸν τῷ ἀγαθῷ,"
tlg001,11,σιον,σιον,1,44,2102,False,"τοιέτων ὡς τύπῳ εἰπεῖν ὡς μὲν τὰ πρός τι, οἷον τὸ διπλά ⏎ σιον τῷ ἡμίσει, ὡς δὲ τὰ ἐναντία, οἷον τὸ κακὸν τῷ ἀγαθῷ, ⏎ ὡς δὲ τὰ κατὰ ςέρησιν καὶ ἕξιν, οἷον τυφλότης καὶ ὄψις,"
tlg001,11,ἔν,ἔν,1,47,2280,False,"ὡς δὲ κατάφασις καὶ ἀπόφασις, οἷον κάθηται - 3 κάθηται. ⏎ Ὅσα μὲν ἔν ὡς τὰ πρός τι ἀντίκειται, αὐτὰ ἅπερ ⏎ ἐςὶ τῶν ἀντικειμένων λέγεται ἢ ὁπωσῖν ἄλλως πρὸς αὐτά,"
tlg001,11,ὁπωσῖν,ὁπωσῖν,1,48,2350,False,"Ὅσα μὲν ἔν ὡς τὰ πρός τι ἀντίκειται, αὐτὰ ἅπερ ⏎ ἐςὶ τῶν ἀντικειμένων λέγεται ἢ ὁπωσῖν ἄλλως πρὸς αὐτά, ⏎ οἷον τὸ διπλάσιον, αὐτὸ ὅπερ ἐςίν, ἑτέρου διπλάσιον λέγεται"
tlg001,11,ἐπιζητῷ,ἐπιζητῷ,1,50,2475,False,"οἷον τὸ διπλάσιον, αὐτὸ ὅπερ ἐςίν, ἑτέρου διπλάσιον λέγεται ⏎ τινὸς γὰρ διπλάσιον. καὶ ἡ ἐπιςήμη δὲ τῷ ἐπιζητῷ ὡς τὰ ⏎ πρός τι ἀντίκειται, καὶ λέγεταί γε ἡ ἐπισήμη αὐτὸ ὅπερ"
tlg001,11,ἐπισήμη,ἐπισήμη,1,51,2526,False,"τινὸς γὰρ διπλάσιον. καὶ ἡ ἐπιςήμη δὲ τῷ ἐπιζητῷ ὡς τὰ ⏎ πρός τι ἀντίκειται, καὶ λέγεταί γε ἡ ἐπισήμη αὐτὸ ὅπερ ⏎ ἐπὶ τῇ ἐπιζητᾶ. καὶ τὸ ἐπιζητὸν δὲ αὐτὸ ὅπερ ἐςὶ πρὸς ἀνα"
tlg001,11,ἐπιζητᾶ,ἐπιζητᾶ,1,52,2551,False,"πρός τι ἀντίκειται, καὶ λέγεταί γε ἡ ἐπισήμη αὐτὸ ὅπερ ⏎ ἐπὶ τῇ ἐπιζητᾶ. καὶ τὸ ἐπιζητὸν δὲ αὐτὸ ὅπερ ἐςὶ πρὸς ἀνα ⏎ τικείμενον λέγεται, τὴν ἐπισήμην τὸ γὰρ ἐπιζητὸν τινὶ λέγε"
tlg001,11,ἐπιζητὸν,ἐπιζητὸν,1,52,2567,False,"πρός τι ἀντίκειται, καὶ λέγεταί γε ἡ ἐπισήμη αὐτὸ ὅπερ ⏎ ἐπὶ τῇ ἐπιζητᾶ. καὶ τὸ ἐπιζητὸν δὲ αὐτὸ ὅπερ ἐςὶ πρὸς ἀνα ⏎ τικείμενον λέγεται, τὴν ἐπισήμην τὸ γὰρ ἐπιζητὸν τινὶ λέγε"
tlg001,11,ἀνα,ἀνα,1,52,2598,False,"πρός τι ἀντίκειται, καὶ λέγεταί γε ἡ ἐπισήμη αὐτὸ ὅπερ ⏎ ἐπὶ τῇ ἐπιζητᾶ. καὶ τὸ ἐπιζητὸν δὲ αὐτὸ ὅπερ ἐςὶ πρὸς ἀνα ⏎ τικείμενον λέγεται, τὴν ἐπισήμην τὸ γὰρ ἐπιζητὸν τινὶ λέγε"
tlg001,11,τικείμενον,τικείμενον,1,53,2602,False,"ἐπὶ τῇ ἐπιζητᾶ. καὶ τὸ ἐπιζητὸν δὲ αὐτὸ ὅπερ ἐςὶ πρὸς ἀνα ⏎ τικείμενον λέγεται, τὴν ἐπισήμην τὸ γὰρ ἐπιζητὸν τινὶ λέγε ⏎ ται ἐπιζητόν, τῇ ἐπισήμῃ."
tlg001,11,ἐπισήμην,ἐπισήμην,1,53,2626,False,"ἐπὶ τῇ ἐπιζητᾶ. καὶ τὸ ἐπιζητὸν δὲ αὐτὸ ὅπερ ἐςὶ πρὸς ἀνα ⏎ τικείμενον λέγεται, τὴν ἐπισήμην τὸ γὰρ ἐπιζητὸν τινὶ λέγε ⏎ ται ἐπιζητόν, τῇ ἐπισήμῃ."
tlg001,11,ἐπιζητὸν,ἐπιζητὸν,2,53,2642,False,"ἐπὶ τῇ ἐπιζητᾶ. καὶ τὸ ἐπιζητὸν δὲ αὐτὸ ὅπερ ἐςὶ πρὸς ἀνα ⏎ τικείμενον λέγεται, τὴν ἐπισήμην τὸ γὰρ ἐπιζητὸν τινὶ λέγε ⏎ ται ἐπιζητόν, τῇ ἐπισήμῃ."
tlg001,11,τινὶ,τινὶ,1,53,2651,False,"ἐπὶ τῇ ἐπιζητᾶ. καὶ τὸ ἐπιζητὸν δὲ αὐτὸ ὅπερ ἐςὶ πρὸς ἀνα ⏎ τικείμενον λέγεται, τὴν ἐπισήμην τὸ γὰρ ἐπιζητὸν τινὶ λέγε ⏎ ται ἐπιζητόν, τῇ ἐπισήμῃ."
tlg001,11,λέγε,λέγε,1,53,2656,False,"ἐπὶ τῇ ἐπιζητᾶ. καὶ τὸ ἐπιζητὸν δὲ αὐτὸ ὅπερ ἐςὶ πρὸς ἀνα ⏎ τικείμενον λέγεται, τὴν ἐπισήμην τὸ γὰρ ἐπιζητὸν τινὶ λέγε ⏎ ται ἐπιζητόν, τῇ ἐπισήμῃ."
tlg001,11,ται,ται,1,54,2661,False,"τικείμενον λέγεται, τὴν ἐπισήμην τὸ γὰρ ἐπιζητὸν τινὶ λέγε ⏎ ται ἐπιζητόν, τῇ ἐπισήμῃ. ⏎ Οὐ δεῖ δὲ ταράττεσθαι, μή τις ἡμᾶς φήσῃ ὑπὲρ"
tlg001,11,ἐπιζητόν,ἐπιζητόν,1,54,2665,False,"τικείμενον λέγεται, τὴν ἐπισήμην τὸ γὰρ ἐπιζητὸν τινὶ λέγε ⏎ ται ἐπιζητόν, τῇ ἐπισήμῃ. ⏎ Οὐ δεῖ δὲ ταράττεσθαι, μή τις ἡμᾶς φήσῃ ὑπὲρ"
tlg001,11,ἐπισήμῃ,ἐπισήμῃ,1,54,2678,False,"τικείμενον λέγεται, τὴν ἐπισήμην τὸ γὰρ ἐπιζητὸν τινὶ λέγε ⏎ ται ἐπιζητόν, τῇ ἐπισήμῃ. ⏎ Οὐ δεῖ δὲ ταράττεσθαι, μή τις ἡμᾶς φήσῃ ὑπὲρ"
tlg001,11,τοιύτων,τοιύτων,1,58,2885,False,"συγκαταριθμεῖσθαι τὰς γὰρ ἕξεις καὶ διαθέσεις τῶν πρός ⏎ τι εἶναι ἐλέγομεν. σχεδὸν γὰρ ἐπὶ πάντων τῶν τοιύτων τὰ ⏎ γένη πρός τι λέγεται, τῶν δὲ καθ᾽ ἕκαςα ἐδέν. ἡ μὲν γὰρ"
tlg001,11,καθ᾽,καθ᾽,1,59,2925,False,"τι εἶναι ἐλέγομεν. σχεδὸν γὰρ ἐπὶ πάντων τῶν τοιύτων τὰ ⏎ γένη πρός τι λέγεται, τῶν δὲ καθ᾽ ἕκαςα ἐδέν. ἡ μὲν γὰρ ⏎ ἐπισήμη, γένος ἔσα, αὐτὸ ὅπερ ἐςὶν ἑτέρα λέγεται (τινὸς 25"
tlg001,11,ἐπισήμη,ἐπισήμη,2,60,2952,False,"γένη πρός τι λέγεται, τῶν δὲ καθ᾽ ἕκαςα ἐδέν. ἡ μὲν γὰρ ⏎ ἐπισήμη, γένος ἔσα, αὐτὸ ὅπερ ἐςὶν ἑτέρα λέγεται (τινὸς 25 ⏎ γὰρ ἐπισήμη λέγεται), τῶν δὲ καθ᾽ ἕκαςα ἐδὲν αὐτὸ ὅπερ"
tlg001,11,ἔσα,ἔσα,1,60,2967,False,"γένη πρός τι λέγεται, τῶν δὲ καθ᾽ ἕκαςα ἐδέν. ἡ μὲν γὰρ ⏎ ἐπισήμη, γένος ἔσα, αὐτὸ ὅπερ ἐςὶν ἑτέρα λέγεται (τινὸς 25 ⏎ γὰρ ἐπισήμη λέγεται), τῶν δὲ καθ᾽ ἕκαςα ἐδὲν αὐτὸ ὅπερ"
tlg001,11,ἑτέρα,ἑτέρα,5,60,2987,False,"γένη πρός τι λέγεται, τῶν δὲ καθ᾽ ἕκαςα ἐδέν. ἡ μὲν γὰρ ⏎ ἐπισήμη, γένος ἔσα, αὐτὸ ὅπερ ἐςὶν ἑτέρα λέγεται (τινὸς 25 ⏎ γὰρ ἐπισήμη λέγεται), τῶν δὲ καθ᾽ ἕκαςα ἐδὲν αὐτὸ ὅπερ"
tlg001,11,ἐπισήμη,ἐπισήμη,3,61,3015,False,"ἐπισήμη, γένος ἔσα, αὐτὸ ὅπερ ἐςὶν ἑτέρα λέγεται (τινὸς 25 ⏎ γὰρ ἐπισήμη λέγεται), τῶν δὲ καθ᾽ ἕκαςα ἐδὲν αὐτὸ ὅπερ ⏎ ἐςὶν ἑτέρα λέγεται, οἷον ἡ γραμματικὴ ἐ λέγεται τινός"
tlg001,11,καθ᾽,καθ᾽,2,61,3040,False,"ἐπισήμη, γένος ἔσα, αὐτὸ ὅπερ ἐςὶν ἑτέρα λέγεται (τινὸς 25 ⏎ γὰρ ἐπισήμη λέγεται), τῶν δὲ καθ᾽ ἕκαςα ἐδὲν αὐτὸ ὅπερ ⏎ ἐςὶν ἑτέρα λέγεται, οἷον ἡ γραμματικὴ ἐ λέγεται τινός"
tlg001,11,ἑτέρα,ἑτέρα,6,62,3071,False,"γὰρ ἐπισήμη λέγεται), τῶν δὲ καθ᾽ ἕκαςα ἐδὲν αὐτὸ ὅπερ ⏎ ἐςὶν ἑτέρα λέγεται, οἷον ἡ γραμματικὴ ἐ λέγεται τινός ⏎ γραμματικὴ ἐδ᾽ ἡ μεσικὴ τινὸς μυσική, ἀλλ᾽ εἰ ἄρα,"
tlg001,11,τινός,τινός,1,62,3114,False,"γὰρ ἐπισήμη λέγεται), τῶν δὲ καθ᾽ ἕκαςα ἐδὲν αὐτὸ ὅπερ ⏎ ἐςὶν ἑτέρα λέγεται, οἷον ἡ γραμματικὴ ἐ λέγεται τινός ⏎ γραμματικὴ ἐδ᾽ ἡ μεσικὴ τινὸς μυσική, ἀλλ᾽ εἰ ἄρα,"
tlg001,11,ἐδ᾽,ἐδ᾽,1,63,3131,False,"ἐςὶν ἑτέρα λέγεται, οἷον ἡ γραμματικὴ ἐ λέγεται τινός ⏎ γραμματικὴ ἐδ᾽ ἡ μεσικὴ τινὸς μυσική, ἀλλ᾽ εἰ ἄρα, ⏎ κατὰ τὸ γένος καὶ αὗται τῶν πρός τι λέγονται, οἷον ἡ"
tlg001,11,μεσικὴ,μεσικὴ,1,63,3137,False,"ἐςὶν ἑτέρα λέγεται, οἷον ἡ γραμματικὴ ἐ λέγεται τινός ⏎ γραμματικὴ ἐδ᾽ ἡ μεσικὴ τινὸς μυσική, ἀλλ᾽ εἰ ἄρα, ⏎ κατὰ τὸ γένος καὶ αὗται τῶν πρός τι λέγονται, οἷον ἡ"
tlg001,11,μυσική,μυσική,1,63,3150,False,"ἐςὶν ἑτέρα λέγεται, οἷον ἡ γραμματικὴ ἐ λέγεται τινός ⏎ γραμματικὴ ἐδ᾽ ἡ μεσικὴ τινὸς μυσική, ἀλλ᾽ εἰ ἄρα, ⏎ κατὰ τὸ γένος καὶ αὗται τῶν πρός τι λέγονται, οἷον ἡ"
tlg001,11,ἀλλ᾽,ἀλλ᾽,2,63,3158,False,"ἐςὶν ἑτέρα λέγεται, οἷον ἡ γραμματικὴ ἐ λέγεται τινός ⏎ γραμματικὴ ἐδ᾽ ἡ μεσικὴ τινὸς μυσική, ἀλλ᾽ εἰ ἄρα, ⏎ κατὰ τὸ γένος καὶ αὗται τῶν πρός τι λέγονται, οἷον ἡ"
tlg001,11,ἐπισήμη,ἐπισήμη,4,65,3249,False,"κατὰ τὸ γένος καὶ αὗται τῶν πρός τι λέγονται, οἷον ἡ ⏎ γραμματικὴ λέγεται τινὸς ἐπισήμη, κ τινὸς γραμματική, 30 ⏎ καὶ ἡ μυσικὴ τινὸς ἐπιςήμη λέγεται, ὦ τινὸς μυσική. ὥσε"
tlg001,11,κ,κ,2,65,3258,False,"κατὰ τὸ γένος καὶ αὗται τῶν πρός τι λέγονται, οἷον ἡ ⏎ γραμματικὴ λέγεται τινὸς ἐπισήμη, κ τινὸς γραμματική, 30 ⏎ καὶ ἡ μυσικὴ τινὸς ἐπιςήμη λέγεται, ὦ τινὸς μυσική. ὥσε"
tlg001,11,μυσικὴ,μυσικὴ,1,66,3287,False,"γραμματικὴ λέγεται τινὸς ἐπισήμη, κ τινὸς γραμματική, 30 ⏎ καὶ ἡ μυσικὴ τινὸς ἐπιςήμη λέγεται, ὦ τινὸς μυσική. ὥσε ⏎ αἱ καθ᾿ ἕκαςα ἐκ εἰσὶ τῶν πρός τι. λεγόμεθα δὲ ποιοὶ Ὅσα ἦν ἀντίκειται ὡς τὰ πρός τι, αὐτὰ ἅπερ ἐςὶν ἑτέ-"
tlg001,11,ὦ,ὦ,2,66,3317,False,"γραμματικὴ λέγεται τινὸς ἐπισήμη, κ τινὸς γραμματική, 30 ⏎ καὶ ἡ μυσικὴ τινὸς ἐπιςήμη λέγεται, ὦ τινὸς μυσική. ὥσε ⏎ αἱ καθ᾿ ἕκαςα ἐκ εἰσὶ τῶν πρός τι. λεγόμεθα δὲ ποιοὶ Ὅσα ἦν ἀντίκειται ὡς τὰ πρός τι, αὐτὰ ἅπερ ἐςὶν ἑτέ-"
tlg001,11,μυσική,μυσική,2,66,3325,False,"γραμματικὴ λέγεται τινὸς ἐπισήμη, κ τινὸς γραμματική, 30 ⏎ καὶ ἡ μυσικὴ τινὸς ἐπιςήμη λέγεται, ὦ τινὸς μυσική. ὥσε ⏎ αἱ καθ᾿ ἕκαςα ἐκ εἰσὶ τῶν πρός τι. λεγόμεθα δὲ ποιοὶ Ὅσα ἦν ἀντίκειται ὡς τὰ πρός τι, αὐτὰ ἅπερ ἐςὶν ἑτέ-"
tlg001,11,ὥσε,ὥσε,1,66,3333,False,"γραμματικὴ λέγεται τινὸς ἐπισήμη, κ τινὸς γραμματική, 30 ⏎ καὶ ἡ μυσικὴ τινὸς ἐπιςήμη λέγεται, ὦ τινὸς μυσική. ὥσε ⏎ αἱ καθ᾿ ἕκαςα ἐκ εἰσὶ τῶν πρός τι. λεγόμεθα δὲ ποιοὶ Ὅσα ἦν ἀντίκειται ὡς τὰ πρός τι, αὐτὰ ἅπερ ἐςὶν ἑτέ-"
tlg001,11,καθ᾿,καθ᾿,2,67,3340,False,"καὶ ἡ μυσικὴ τινὸς ἐπιςήμη λέγεται, ὦ τινὸς μυσική. ὥσε ⏎ αἱ καθ᾿ ἕκαςα ἐκ εἰσὶ τῶν πρός τι. λεγόμεθα δὲ ποιοὶ Ὅσα ἦν ἀντίκειται ὡς τὰ πρός τι, αὐτὰ ἅπερ ἐςὶν ἑτέ- ⏎ ταῖς καθ᾽ ἔκαςα· ταύτας γὰρ καὶ ἔχομεν· ἐπισήμονες γὰρ ρων λέγεται ἢ ὁπωςδήποτε πρὸς ἄλληλα λέγεται. τὰ δὲ ὡς"
tlg001,11,ἦν,ἦν,2,67,3394,False,"καὶ ἡ μυσικὴ τινὸς ἐπιςήμη λέγεται, ὦ τινὸς μυσική. ὥσε ⏎ αἱ καθ᾿ ἕκαςα ἐκ εἰσὶ τῶν πρός τι. λεγόμεθα δὲ ποιοὶ Ὅσα ἦν ἀντίκειται ὡς τὰ πρός τι, αὐτὰ ἅπερ ἐςὶν ἑτέ- ⏎ ταῖς καθ᾽ ἔκαςα· ταύτας γὰρ καὶ ἔχομεν· ἐπισήμονες γὰρ ρων λέγεται ἢ ὁπωςδήποτε πρὸς ἄλληλα λέγεται. τὰ δὲ ὡς"
tlg001,11,καθ᾽,καθ᾽,3,68,3448,False,"αἱ καθ᾿ ἕκαςα ἐκ εἰσὶ τῶν πρός τι. λεγόμεθα δὲ ποιοὶ Ὅσα ἦν ἀντίκειται ὡς τὰ πρός τι, αὐτὰ ἅπερ ἐςὶν ἑτέ- ⏎ ταῖς καθ᾽ ἔκαςα· ταύτας γὰρ καὶ ἔχομεν· ἐπισήμονες γὰρ ρων λέγεται ἢ ὁπωςδήποτε πρὸς ἄλληλα λέγεται. τὰ δὲ ὡς ⏎ λεγόμεθα τῷ ἔχειν τῶν καθ᾽ ἔκαςα ἐπισημῶν τινά. ὥςε τὰ ἐναντία, αὐτὰ μὲν ἅπερ ἐςὶν ἐδαμῶς πρὸς ἄλληλα λέ-"
tlg001,11,ἔκαστα,ἔκαςα,1,68,3453,False,"αἱ καθ᾿ ἕκαςα ἐκ εἰσὶ τῶν πρός τι. λεγόμεθα δὲ ποιοὶ Ὅσα ἦν ἀντίκειται ὡς τὰ πρός τι, αὐτὰ ἅπερ ἐςὶν ἑτέ- ⏎ ταῖς καθ᾽ ἔκαςα· ταύτας γὰρ καὶ ἔχομεν· ἐπισήμονες γὰρ ρων λέγεται ἢ ὁπωςδήποτε πρὸς ἄλληλα λέγεται. τὰ δὲ ὡς ⏎ λεγόμεθα τῷ ἔχειν τῶν καθ᾽ ἔκαςα ἐπισημῶν τινά. ὥςε τὰ ἐναντία, αὐτὰ μὲν ἅπερ ἐςὶν ἐδαμῶς πρὸς ἄλληλα λέ-"
tlg001,11,ἐπισήμονες,ἐπισήμονες,1,68,3483,False,"αἱ καθ᾿ ἕκαςα ἐκ εἰσὶ τῶν πρός τι. λεγόμεθα δὲ ποιοὶ Ὅσα ἦν ἀντίκειται ὡς τὰ πρός τι, αὐτὰ ἅπερ ἐςὶν ἑτέ- ⏎ ταῖς καθ᾽ ἔκαςα· ταύτας γὰρ καὶ ἔχομεν· ἐπισήμονες γὰρ ρων λέγεται ἢ ὁπωςδήποτε πρὸς ἄλληλα λέγεται. τὰ δὲ ὡς ⏎ λεγόμεθα τῷ ἔχειν τῶν καθ᾽ ἔκαςα ἐπισημῶν τινά. ὥςε τὰ ἐναντία, αὐτὰ μὲν ἅπερ ἐςὶν ἐδαμῶς πρὸς ἄλληλα λέ-"
tlg001,11,ὁπωστδήποτε,ὁπωςδήποτε,1,68,3512,False,"αἱ καθ᾿ ἕκαςα ἐκ εἰσὶ τῶν πρός τι. λεγόμεθα δὲ ποιοὶ Ὅσα ἦν ἀντίκειται ὡς τὰ πρός τι, αὐτὰ ἅπερ ἐςὶν ἑτέ- ⏎ ταῖς καθ᾽ ἔκαςα· ταύτας γὰρ καὶ ἔχομεν· ἐπισήμονες γὰρ ρων λέγεται ἢ ὁπωςδήποτε πρὸς ἄλληλα λέγεται. τὰ δὲ ὡς ⏎ λεγόμεθα τῷ ἔχειν τῶν καθ᾽ ἔκαςα ἐπισημῶν τινά. ὥςε τὰ ἐναντία, αὐτὰ μὲν ἅπερ ἐςὶν ἐδαμῶς πρὸς ἄλληλα λέ-"
tlg001,11,καθ᾽,καθ᾽,4,69,3575,False,"ταῖς καθ᾽ ἔκαςα· ταύτας γὰρ καὶ ἔχομεν· ἐπισήμονες γὰρ ρων λέγεται ἢ ὁπωςδήποτε πρὸς ἄλληλα λέγεται. τὰ δὲ ὡς ⏎ λεγόμεθα τῷ ἔχειν τῶν καθ᾽ ἔκαςα ἐπισημῶν τινά. ὥςε τὰ ἐναντία, αὐτὰ μὲν ἅπερ ἐςὶν ἐδαμῶς πρὸς ἄλληλα λέ- ⏎ αὗται ἂν καὶ ποιότητες εἴησαν, αἱ καθ᾽ ἕκαςα, καθ᾽ ἅς 35 γεται, ἐναντία μέντοι ἀλλήλων λέγεται· ἔτε γὰρ τὸ ἀγα"
tlg001,11,ἔκαστα,ἔκαςα,2,69,3580,False,"ταῖς καθ᾽ ἔκαςα· ταύτας γὰρ καὶ ἔχομεν· ἐπισήμονες γὰρ ρων λέγεται ἢ ὁπωςδήποτε πρὸς ἄλληλα λέγεται. τὰ δὲ ὡς ⏎ λεγόμεθα τῷ ἔχειν τῶν καθ᾽ ἔκαςα ἐπισημῶν τινά. ὥςε τὰ ἐναντία, αὐτὰ μὲν ἅπερ ἐςὶν ἐδαμῶς πρὸς ἄλληλα λέ- ⏎ αὗται ἂν καὶ ποιότητες εἴησαν, αἱ καθ᾽ ἕκαςα, καθ᾽ ἅς 35 γεται, ἐναντία μέντοι ἀλλήλων λέγεται· ἔτε γὰρ τὸ ἀγα"
tlg001,11,ἐπισημῶν,ἐπισημῶν,1,69,3586,False,"ταῖς καθ᾽ ἔκαςα· ταύτας γὰρ καὶ ἔχομεν· ἐπισήμονες γὰρ ρων λέγεται ἢ ὁπωςδήποτε πρὸς ἄλληλα λέγεται. τὰ δὲ ὡς ⏎ λεγόμεθα τῷ ἔχειν τῶν καθ᾽ ἔκαςα ἐπισημῶν τινά. ὥςε τὰ ἐναντία, αὐτὰ μὲν ἅπερ ἐςὶν ἐδαμῶς πρὸς ἄλληλα λέ- ⏎ αὗται ἂν καὶ ποιότητες εἴησαν, αἱ καθ᾽ ἕκαςα, καθ᾽ ἅς 35 γεται, ἐναντία μέντοι ἀλλήλων λέγεται· ἔτε γὰρ τὸ ἀγα"
tlg001,11,τινά,τινά,1,69,3595,False,"ταῖς καθ᾽ ἔκαςα· ταύτας γὰρ καὶ ἔχομεν· ἐπισήμονες γὰρ ρων λέγεται ἢ ὁπωςδήποτε πρὸς ἄλληλα λέγεται. τὰ δὲ ὡς ⏎ λεγόμεθα τῷ ἔχειν τῶν καθ᾽ ἔκαςα ἐπισημῶν τινά. ὥςε τὰ ἐναντία, αὐτὰ μὲν ἅπερ ἐςὶν ἐδαμῶς πρὸς ἄλληλα λέ- ⏎ αὗται ἂν καὶ ποιότητες εἴησαν, αἱ καθ᾽ ἕκαςα, καθ᾽ ἅς 35 γεται, ἐναντία μέντοι ἀλλήλων λέγεται· ἔτε γὰρ τὸ ἀγα"
tlg001,11,εἴησαν,εἴησαν,1,70,3682,False,"λεγόμεθα τῷ ἔχειν τῶν καθ᾽ ἔκαςα ἐπισημῶν τινά. ὥςε τὰ ἐναντία, αὐτὰ μὲν ἅπερ ἐςὶν ἐδαμῶς πρὸς ἄλληλα λέ- ⏎ αὗται ἂν καὶ ποιότητες εἴησαν, αἱ καθ᾽ ἕκαςα, καθ᾽ ἅς 35 γεται, ἐναντία μέντοι ἀλλήλων λέγεται· ἔτε γὰρ τὸ ἀγα ⏎ ποτε καὶ ποιοὶ λεγόμεθα· αὗται δὲ ἐκ εἰσὶ τῶν πρός τι. θὲν τὸ κακὸ λέγεται ἀγαθόν, ἀλλ' ἐναντίον, ἔτε τὸ λευκὸν"
tlg001,11,καθ᾽,καθ᾽,5,70,3693,False,"λεγόμεθα τῷ ἔχειν τῶν καθ᾽ ἔκαςα ἐπισημῶν τινά. ὥςε τὰ ἐναντία, αὐτὰ μὲν ἅπερ ἐςὶν ἐδαμῶς πρὸς ἄλληλα λέ- ⏎ αὗται ἂν καὶ ποιότητες εἴησαν, αἱ καθ᾽ ἕκαςα, καθ᾽ ἅς 35 γεται, ἐναντία μέντοι ἀλλήλων λέγεται· ἔτε γὰρ τὸ ἀγα ⏎ ποτε καὶ ποιοὶ λεγόμεθα· αὗται δὲ ἐκ εἰσὶ τῶν πρός τι. θὲν τὸ κακὸ λέγεται ἀγαθόν, ἀλλ' ἐναντίον, ἔτε τὸ λευκὸν"
tlg001,11,καθ᾽,καθ᾽,6,70,3705,False,"λεγόμεθα τῷ ἔχειν τῶν καθ᾽ ἔκαςα ἐπισημῶν τινά. ὥςε τὰ ἐναντία, αὐτὰ μὲν ἅπερ ἐςὶν ἐδαμῶς πρὸς ἄλληλα λέ- ⏎ αὗται ἂν καὶ ποιότητες εἴησαν, αἱ καθ᾽ ἕκαςα, καθ᾽ ἅς 35 γεται, ἐναντία μέντοι ἀλλήλων λέγεται· ἔτε γὰρ τὸ ἀγα ⏎ ποτε καὶ ποιοὶ λεγόμεθα· αὗται δὲ ἐκ εἰσὶ τῶν πρός τι. θὲν τὸ κακὸ λέγεται ἀγαθόν, ἀλλ' ἐναντίον, ἔτε τὸ λευκὸν"
tlg001,11,ἅς,ἅς,1,70,3710,False,"λεγόμεθα τῷ ἔχειν τῶν καθ᾽ ἔκαςα ἐπισημῶν τινά. ὥςε τὰ ἐναντία, αὐτὰ μὲν ἅπερ ἐςὶν ἐδαμῶς πρὸς ἄλληλα λέ- ⏎ αὗται ἂν καὶ ποιότητες εἴησαν, αἱ καθ᾽ ἕκαςα, καθ᾽ ἅς 35 γεται, ἐναντία μέντοι ἀλλήλων λέγεται· ἔτε γὰρ τὸ ἀγα ⏎ ποτε καὶ ποιοὶ λεγόμεθα· αὗται δὲ ἐκ εἰσὶ τῶν πρός τι. θὲν τὸ κακὸ λέγεται ἀγαθόν, ἀλλ' ἐναντίον, ἔτε τὸ λευκὸν"
tlg001,11,ἔτε,ἔτε,1,70,3755,False,"λεγόμεθα τῷ ἔχειν τῶν καθ᾽ ἔκαςα ἐπισημῶν τινά. ὥςε τὰ ἐναντία, αὐτὰ μὲν ἅπερ ἐςὶν ἐδαμῶς πρὸς ἄλληλα λέ- ⏎ αὗται ἂν καὶ ποιότητες εἴησαν, αἱ καθ᾽ ἕκαςα, καθ᾽ ἅς 35 γεται, ἐναντία μέντοι ἀλλήλων λέγεται· ἔτε γὰρ τὸ ἀγα ⏎ ποτε καὶ ποιοὶ λεγόμεθα· αὗται δὲ ἐκ εἰσὶ τῶν πρός τι. θὲν τὸ κακὸ λέγεται ἀγαθόν, ἀλλ' ἐναντίον, ἔτε τὸ λευκὸν"
tlg001,11,ἀγα,ἀγα,1,70,3766,False,"λεγόμεθα τῷ ἔχειν τῶν καθ᾽ ἔκαςα ἐπισημῶν τινά. ὥςε τὰ ἐναντία, αὐτὰ μὲν ἅπερ ἐςὶν ἐδαμῶς πρὸς ἄλληλα λέ- ⏎ αὗται ἂν καὶ ποιότητες εἴησαν, αἱ καθ᾽ ἕκαςα, καθ᾽ ἅς 35 γεται, ἐναντία μέντοι ἀλλήλων λέγεται· ἔτε γὰρ τὸ ἀγα ⏎ ποτε καὶ ποιοὶ λεγόμεθα· αὗται δὲ ἐκ εἰσὶ τῶν πρός τι. θὲν τὸ κακὸ λέγεται ἀγαθόν, ἀλλ' ἐναντίον, ἔτε τὸ λευκὸν"
tlg001,11,θὲν,θὲν,1,71,3825,False,"αὗται ἂν καὶ ποιότητες εἴησαν, αἱ καθ᾽ ἕκαςα, καθ᾽ ἅς 35 γεται, ἐναντία μέντοι ἀλλήλων λέγεται· ἔτε γὰρ τὸ ἀγα ⏎ ποτε καὶ ποιοὶ λεγόμεθα· αὗται δὲ ἐκ εἰσὶ τῶν πρός τι. θὲν τὸ κακὸ λέγεται ἀγαθόν, ἀλλ' ἐναντίον, ἔτε τὸ λευκὸν ⏎ ἔτι εἰ τυγχάνοι τὸ αὐτὸ πρός τι καὶ ποιὸν ὄν, ἐδὲν ἄτοπον τῇ μέλανος λευκόν, ἀλλ᾿ ἐναντίον. ὥςε διαφέρεσιν αὗται"
tlg001,11,κακὸ,κακὸ,1,71,3832,False,"αὗται ἂν καὶ ποιότητες εἴησαν, αἱ καθ᾽ ἕκαςα, καθ᾽ ἅς 35 γεται, ἐναντία μέντοι ἀλλήλων λέγεται· ἔτε γὰρ τὸ ἀγα ⏎ ποτε καὶ ποιοὶ λεγόμεθα· αὗται δὲ ἐκ εἰσὶ τῶν πρός τι. θὲν τὸ κακὸ λέγεται ἀγαθόν, ἀλλ' ἐναντίον, ἔτε τὸ λευκὸν ⏎ ἔτι εἰ τυγχάνοι τὸ αὐτὸ πρός τι καὶ ποιὸν ὄν, ἐδὲν ἄτοπον τῇ μέλανος λευκόν, ἀλλ᾿ ἐναντίον. ὥςε διαφέρεσιν αὗται"
tlg001,11,ἔτε,ἔτε,2,71,3868,False,"αὗται ἂν καὶ ποιότητες εἴησαν, αἱ καθ᾽ ἕκαςα, καθ᾽ ἅς 35 γεται, ἐναντία μέντοι ἀλλήλων λέγεται· ἔτε γὰρ τὸ ἀγα ⏎ ποτε καὶ ποιοὶ λεγόμεθα· αὗται δὲ ἐκ εἰσὶ τῶν πρός τι. θὲν τὸ κακὸ λέγεται ἀγαθόν, ἀλλ' ἐναντίον, ἔτε τὸ λευκὸν ⏎ ἔτι εἰ τυγχάνοι τὸ αὐτὸ πρός τι καὶ ποιὸν ὄν, ἐδὲν ἄτοπον τῇ μέλανος λευκόν, ἀλλ᾿ ἐναντίον. ὥςε διαφέρεσιν αὗται"
tlg001,11,μέλανος,μέλανος,1,72,3943,False,"ποτε καὶ ποιοὶ λεγόμεθα· αὗται δὲ ἐκ εἰσὶ τῶν πρός τι. θὲν τὸ κακὸ λέγεται ἀγαθόν, ἀλλ' ἐναντίον, ἔτε τὸ λευκὸν ⏎ ἔτι εἰ τυγχάνοι τὸ αὐτὸ πρός τι καὶ ποιὸν ὄν, ἐδὲν ἄτοπον τῇ μέλανος λευκόν, ἀλλ᾿ ἐναντίον. ὥςε διαφέρεσιν αὗται ⏎ ἐν ἀμφοτέροις τοῖς γένεσιν αὐτὸ καταριθμεῖσθαι."
tlg001,11,ἀλλ᾿,ἀλλ᾿,1,72,3959,False,"ποτε καὶ ποιοὶ λεγόμεθα· αὗται δὲ ἐκ εἰσὶ τῶν πρός τι. θὲν τὸ κακὸ λέγεται ἀγαθόν, ἀλλ' ἐναντίον, ἔτε τὸ λευκὸν ⏎ ἔτι εἰ τυγχάνοι τὸ αὐτὸ πρός τι καὶ ποιὸν ὄν, ἐδὲν ἄτοπον τῇ μέλανος λευκόν, ἀλλ᾿ ἐναντίον. ὥςε διαφέρεσιν αὗται ⏎ ἐν ἀμφοτέροις τοῖς γένεσιν αὐτὸ καταριθμεῖσθαι."
tlg001,11,τοιαῦτα,τοιαῦτα,1,74,4086,False,ἐν ἀμφοτέροις τοῖς γένεσιν αὐτὸ καταριθμεῖσθαι. ⏎ αἱ ἀντιθέσεις ἀλλήλων. ὅσα δὲ τῶν ἐναντίων τοιαῦτα ἐςιν ⏎ 1. γραμματικὴν γραμματικῆς καὶ G. || 3. alterum το om Β. | 4. δικαιότερος καὶ ὑγιεινότερος C. || 6. μᾶλλον καὶ τὸ ἧττον ἐπιδ. C. ||
tlg001,11,το,το,2,75,4147,False,αἱ ἀντιθέσεις ἀλλήλων. ὅσα δὲ τῶν ἐναντίων τοιαῦτα ἐςιν ⏎ 1. γραμματικὴν γραμματικῆς καὶ G. || 3. alterum το om Β. | 4. δικαιότερος καὶ ὑγιεινότερος C. || 6. μᾶλλον καὶ τὸ ἧττον ἐπιδ. C. || ⏎ 8. ἢ τὸν] καὶ τὸν C. 9. μᾶλλον ante ῥηθήσεται C. || 14. ἐπιδέχεται τὰ ποιὰ C. | 16. καὶ] ἢ C. || 17. ἐκ ἔςιν ἕτερον ἑτέρῳ C. || 18. τῆς
tlg001,11,β,β,1,75,4153,False,αἱ ἀντιθέσεις ἀλλήλων. ὅσα δὲ τῶν ἐναντίων τοιαῦτα ἐςιν ⏎ 1. γραμματικὴν γραμματικῆς καὶ G. || 3. alterum το om Β. | 4. δικαιότερος καὶ ὑγιεινότερος C. || 6. μᾶλλον καὶ τὸ ἧττον ἐπιδ. C. || ⏎ 8. ἢ τὸν] καὶ τὸν C. 9. μᾶλλον ante ῥηθήσεται C. || 14. ἐπιδέχεται τὰ ποιὰ C. | 16. καὶ] ἢ C. || 17. ἐκ ἔςιν ἕτερον ἑτέρῳ C. || 18. τῆς
tlg001,11,ἔστιν,ἔςιν,1,76,4335,False,"1. γραμματικὴν γραμματικῆς καὶ G. || 3. alterum το om Β. | 4. δικαιότερος καὶ ὑγιεινότερος C. || 6. μᾶλλον καὶ τὸ ἧττον ἐπιδ. C. || ⏎ 8. ἢ τὸν] καὶ τὸν C. 9. μᾶλλον ante ῥηθήσεται C. || 14. ἐπιδέχεται τὰ ποιὰ C. | 16. καὶ] ἢ C. || 17. ἐκ ἔςιν ἕτερον ἑτέρῳ C. || 18. τῆς ⏎ om C. \ καὶ] ή C. || 20. φήσει Β. || 22. καὶ τὰς δ. G. || 23. ἐλέγομεν ante είναι ponit B, om pr C. || πασῶν τῶν τοιέτων ποιοτήτων τὰ"
tlg001,11,ή,ή,1,77,4380,False,"8. ἢ τὸν] καὶ τὸν C. 9. μᾶλλον ante ῥηθήσεται C. || 14. ἐπιδέχεται τὰ ποιὰ C. | 16. καὶ] ἢ C. || 17. ἐκ ἔςιν ἕτερον ἑτέρῳ C. || 18. τῆς ⏎ om C. \ καὶ] ή C. || 20. φήσει Β. || 22. καὶ τὰς δ. G. || 23. ἐλέγομεν ante είναι ponit B, om pr C. || πασῶν τῶν τοιέτων ποιοτήτων τὰ ⏎ γένη τῶν πρός C. || 24. έκαςον G. || μὲν om 4. || 28. εἰ] ἢ corr AC. || 31. λέγεται om C. I 34. τινάς C. II 37. y om AB. || 38. αὐτὸ τοῖς γένεσιν C."
tlg001,11,β,β,2,77,4398,False,"8. ἢ τὸν] καὶ τὸν C. 9. μᾶλλον ante ῥηθήσεται C. || 14. ἐπιδέχεται τὰ ποιὰ C. | 16. καὶ] ἢ C. || 17. ἐκ ἔςιν ἕτερον ἑτέρῳ C. || 18. τῆς ⏎ om C. \ καὶ] ή C. || 20. φήσει Β. || 22. καὶ τὰς δ. G. || 23. ἐλέγομεν ante είναι ponit B, om pr C. || πασῶν τῶν τοιέτων ποιοτήτων τὰ ⏎ γένη τῶν πρός C. || 24. έκαςον G. || μὲν om 4. || 28. εἰ] ἢ corr AC. || 31. λέγεται om C. I 34. τινάς C. II 37. y om AB. || 38. αὐτὸ τοῖς γένεσιν C."
tlg001,11,είναι,είναι,1,77,4443,False,"8. ἢ τὸν] καὶ τὸν C. 9. μᾶλλον ante ῥηθήσεται C. || 14. ἐπιδέχεται τὰ ποιὰ C. | 16. καὶ] ἢ C. || 17. ἐκ ἔςιν ἕτερον ἑτέρῳ C. || 18. τῆς ⏎ om C. \ καὶ] ή C. || 20. φήσει Β. || 22. καὶ τὰς δ. G. || 23. ἐλέγομεν ante είναι ponit B, om pr C. || πασῶν τῶν τοιέτων ποιοτήτων τὰ ⏎ γένη τῶν πρός C. || 24. έκαςον G. || μὲν om 4. || 28. εἰ] ἢ corr AC. || 31. λέγεται om C. I 34. τινάς C. II 37. y om AB. || 38. αὐτὸ τοῖς γένεσιν C."
tlg001,11,έκαστον,έκαςον,1,78,4525,False,"om C. \ καὶ] ή C. || 20. φήσει Β. || 22. καὶ τὰς δ. G. || 23. ἐλέγομεν ante είναι ponit B, om pr C. || πασῶν τῶν τοιέτων ποιοτήτων τὰ ⏎ γένη τῶν πρός C. || 24. έκαςον G. || μὲν om 4. || 28. εἰ] ἢ corr AC. || 31. λέγεται om C. I 34. τινάς C. II 37. y om AB. || 38. αὐτὸ τοῖς γένεσιν C. ⏎ 5. μᾶλλον καὶ τὸ ἧττον C. || 6. ἧττον, καὶ λυπεῖσθαι μᾶλλον καὶ ἧττον. ἐπ. C. || 22. τα om C. || οἷον] ώς ABC. || 25. λέγον"
tlg001,11,τα,τα,1,79,4735,False,"γένη τῶν πρός C. || 24. έκαςον G. || μὲν om 4. || 28. εἰ] ἢ corr AC. || 31. λέγεται om C. I 34. τινάς C. II 37. y om AB. || 38. αὐτὸ τοῖς γένεσιν C. ⏎ 5. μᾶλλον καὶ τὸ ἧττον C. || 6. ἧττον, καὶ λυπεῖσθαι μᾶλλον καὶ ἧττον. ἐπ. C. || 22. τα om C. || οἷον] ώς ABC. || 25. λέγον ⏎ ται Ε. || 26. αὐτὸ] τῇ ἡμίσεος αὐτὸ C. || 28. γε] δὲ ΑΒ. || 29. πρὸς τὸ ἀντ. BC. || 32. inter ἑτέρων et λέγεται Β locum relinquit"
tlg001,11,ώς,ώς,1,79,4753,False,"γένη τῶν πρός C. || 24. έκαςον G. || μὲν om 4. || 28. εἰ] ἢ corr AC. || 31. λέγεται om C. I 34. τινάς C. II 37. y om AB. || 38. αὐτὸ τοῖς γένεσιν C. ⏎ 5. μᾶλλον καὶ τὸ ἧττον C. || 6. ἧττον, καὶ λυπεῖσθαι μᾶλλον καὶ ἧττον. ἐπ. C. || 22. τα om C. || οἷον] ώς ABC. || 25. λέγον ⏎ ται Ε. || 26. αὐτὸ] τῇ ἡμίσεος αὐτὸ C. || 28. γε] δὲ ΑΒ. || 29. πρὸς τὸ ἀντ. BC. || 32. inter ἑτέρων et λέγεται Β locum relinquit"
tlg001,11,λέγον,λέγον,1,79,4768,False,"γένη τῶν πρός C. || 24. έκαςον G. || μὲν om 4. || 28. εἰ] ἢ corr AC. || 31. λέγεται om C. I 34. τινάς C. II 37. y om AB. || 38. αὐτὸ τοῖς γένεσιν C. ⏎ 5. μᾶλλον καὶ τὸ ἧττον C. || 6. ἧττον, καὶ λυπεῖσθαι μᾶλλον καὶ ἧττον. ἐπ. C. || 22. τα om C. || οἷον] ώς ABC. || 25. λέγον ⏎ ται Ε. || 26. αὐτὸ] τῇ ἡμίσεος αὐτὸ C. || 28. γε] δὲ ΑΒ. || 29. πρὸς τὸ ἀντ. BC. || 32. inter ἑτέρων et λέγεται Β locum relinquit"
tlg001,11,ται,ται,2,80,4774,False,"5. μᾶλλον καὶ τὸ ἧττον C. || 6. ἧττον, καὶ λυπεῖσθαι μᾶλλον καὶ ἧττον. ἐπ. C. || 22. τα om C. || οἷον] ώς ABC. || 25. λέγον ⏎ ται Ε. || 26. αὐτὸ] τῇ ἡμίσεος αὐτὸ C. || 28. γε] δὲ ΑΒ. || 29. πρὸς τὸ ἀντ. BC. || 32. inter ἑτέρων et λέγεται Β locum relinquit ⏎ litteris 4 aut 5. idem in margine habet τῶν ἀντικειμένων."
tlg001,11,ε,ε,1,80,4778,False,"5. μᾶλλον καὶ τὸ ἧττον C. || 6. ἧττον, καὶ λυπεῖσθαι μᾶλλον καὶ ἧττον. ἐπ. C. || 22. τα om C. || οἷον] ώς ABC. || 25. λέγον ⏎ ται Ε. || 26. αὐτὸ] τῇ ἡμίσεος αὐτὸ C. || 28. γε] δὲ ΑΒ. || 29. πρὸς τὸ ἀντ. BC. || 32. inter ἑτέρων et λέγεται Β locum relinquit ⏎ litteris 4 aut 5. idem in margine habet τῶν ἀντικειμένων."
tlg001,11,αβ,αβ,1,80,4827,False,"5. μᾶλλον καὶ τὸ ἧττον C. || 6. ἧττον, καὶ λυπεῖσθαι μᾶλλον καὶ ἧττον. ἐπ. C. || 22. τα om C. || οἷον] ώς ABC. || 25. λέγον ⏎ ται Ε. || 26. αὐτὸ] τῇ ἡμίσεος αὐτὸ C. || 28. γε] δὲ ΑΒ. || 29. πρὸς τὸ ἀντ. BC. || 32. inter ἑτέρων et λέγεται Β locum relinquit ⏎ litteris 4 aut 5. idem in margine habet τῶν ἀντικειμένων."
tlg001,11,β,β,3,80,4886,False,"5. μᾶλλον καὶ τὸ ἧττον C. || 6. ἧττον, καὶ λυπεῖσθαι μᾶλλον καὶ ἧττον. ἐπ. C. || 22. τα om C. || οἷον] ώς ABC. || 25. λέγον ⏎ ται Ε. || 26. αὐτὸ] τῇ ἡμίσεος αὐτὸ C. || 28. γε] δὲ ΑΒ. || 29. πρὸς τὸ ἀντ. BC. || 32. inter ἑτέρων et λέγεται Β locum relinquit ⏎ litteris 4 aut 5. idem in margine habet τῶν ἀντικειμένων."
tlg001,12,κατηγορια,κατηγορια,1,2,3,False,12 ⏎ ΚΑΤΗΓΟΡΙΑ Ι. ⏎ δὲ ἐδαμῶς λέγεται ὁ ἄνθρωπος. ἀντικεῖσθαι δὲ καὶ ταῦτα
tlg001,12,ι,ι,1,2,13,False,12 ⏎ ΚΑΤΗΓΟΡΙΑ Ι. ⏎ δὲ ἐδαμῶς λέγεται ὁ ἄνθρωπος. ἀντικεῖσθαι δὲ καὶ ταῦτα
tlg001,12,τυ,τυ,1,5,181,False,"δοκεῖ, τὸ ἐςερῆσθαι καὶ τὸ τὴν ἕξιν ἔχειν, ὡς ςέρησις καὶ ⏎ ἕξις· ὁ γὰρ τρόπος τῆς ἀντιθέσεως ὁ αὐτός· ὡς γὰρ ἡ τυ ⏎ φλότης τῇ ὄψει ἀντίκειται, ὅτω καὶ τὸ τυφλὸν εἶναι τῷ"
tlg001,12,φλότης,φλότης,1,6,184,False,"ἕξις· ὁ γὰρ τρόπος τῆς ἀντιθέσεως ὁ αὐτός· ὡς γὰρ ἡ τυ ⏎ φλότης τῇ ὄψει ἀντίκειται, ὅτω καὶ τὸ τυφλὸν εἶναι τῷ ⏎ 5 ὄψιν ἔχειν ἀντίκειται."
tlg001,12,ὅτω,ὅτω,1,6,211,False,"ἕξις· ὁ γὰρ τρόπος τῆς ἀντιθέσεως ὁ αὐτός· ὡς γὰρ ἡ τυ ⏎ φλότης τῇ ὄψει ἀντίκειται, ὅτω καὶ τὸ τυφλὸν εἶναι τῷ ⏎ 5 ὄψιν ἔχειν ἀντίκειται."
tlg001,12,κατά,κατά,1,8,302,False,5 ὄψιν ἔχειν ἀντίκειται. ⏎ Οὐκ ἔτι δὲ ἐδὲ τὸ ὑπὸ τὴν ἀπόφασιν καὶ κατά ⏎ φασιν. ἀπόφασις καὶ κατάφασις· ἡ μὲν γὰρ κατάφασις
tlg001,12,φασιν,φασιν,1,9,307,False,Οὐκ ἔτι δὲ ἐδὲ τὸ ὑπὸ τὴν ἀπόφασιν καὶ κατά ⏎ φασιν. ἀπόφασις καὶ κατάφασις· ἡ μὲν γὰρ κατάφασις ⏎ λόγος ἐςὶ καταφατικὸς καὶ ἡ ἀπόφασις λόγος ἀποφατι
tlg001,12,καταφατικὸς,καταφατικὸς,1,10,368,False,"φασιν. ἀπόφασις καὶ κατάφασις· ἡ μὲν γὰρ κατάφασις ⏎ λόγος ἐςὶ καταφατικὸς καὶ ἡ ἀπόφασις λόγος ἀποφατι ⏎ κός, τῶν δὲ ὑπὸ τὴν κατάφασιν καὶ ἀπόφασιν ἐδέν ἐςι"
tlg001,12,ἀποφατι,ἀποφατι,1,10,401,False,"φασιν. ἀπόφασις καὶ κατάφασις· ἡ μὲν γὰρ κατάφασις ⏎ λόγος ἐςὶ καταφατικὸς καὶ ἡ ἀπόφασις λόγος ἀποφατι ⏎ κός, τῶν δὲ ὑπὸ τὴν κατάφασιν καὶ ἀπόφασιν ἐδέν ἐςι"
tlg001,12,κός,κός,1,11,409,False,"λόγος ἐςὶ καταφατικὸς καὶ ἡ ἀπόφασις λόγος ἀποφατι ⏎ κός, τῶν δὲ ὑπὸ τὴν κατάφασιν καὶ ἀπόφασιν ἐδέν ἐςι ⏎ λόγος. λέγεται δὲ καὶ ταῦτα ἀντικεῖσθαι ἀλλήλοις ὡς καὶ"
tlg001,12,τάφασις,τάφασις,1,13,517,False,λόγος. λέγεται δὲ καὶ ταῦτα ἀντικεῖσθαι ἀλλήλοις ὡς καὶ ⏎ τάφασις καὶ ἀπόφασις· καὶ γὰρ ἐπὶ τούτων ὁ τρόπος τῆς ⏎ ἀντιθέσεως ὁ αὐτός. ὡς γάρ ποτε ή κατάφασις πρὸς τὴν
tlg001,12,ή,ή,1,14,603,False,"τάφασις καὶ ἀπόφασις· καὶ γὰρ ἐπὶ τούτων ὁ τρόπος τῆς ⏎ ἀντιθέσεως ὁ αὐτός. ὡς γάρ ποτε ή κατάφασις πρὸς τὴν ⏎ ἀπόφασιν ἀντίκειται, οἷον τὸ κάθηται τῷ ἐ κάθηται, ὅτω"
tlg001,12,ὅτω,ὅτω,2,15,675,False,"ἀντιθέσεως ὁ αὐτός. ὡς γάρ ποτε ή κατάφασις πρὸς τὴν ⏎ ἀπόφασιν ἀντίκειται, οἷον τὸ κάθηται τῷ ἐ κάθηται, ὅτω ⏎ καὶ τὸ ὑφ᾽ ἑκάτερον πρᾶγμα ἀντίκειται, τὸ καθῆσθαι τῷ"
tlg001,12,ὑφ᾽,ὑφ᾽,1,16,686,False,"ἀπόφασιν ἀντίκειται, οἷον τὸ κάθηται τῷ ἐ κάθηται, ὅτω ⏎ καὶ τὸ ὑφ᾽ ἑκάτερον πρᾶγμα ἀντίκειται, τὸ καθῆσθαι τῷ ⏎ μὴ καθῆσθαι."
tlg001,12,τύτων,τύτων,1,19,825,False,"ὥςε ἐν οἷς πέφυκε γίνεσθαι ἢ ὧν κατηγορεῖται ἀναγκαῖον ⏎ αὐτῶν θάτερον ὑπάρχειν, τύτων ἐδὲν ἐςιν· ἀνὰ μέσον. ὧν δέ ⏎ γε μὴ ἀναγκαῖον θάτερον ὑπάρχειν, τέτων ἔςι τι ἀνὰ μέ-"
tlg001,12,ζών,ζών,1,21,958,False,"γε μὴ ἀναγκαῖον θάτερον ὑπάρχειν, τέτων ἔςι τι ἀνὰ μέ- ⏎ σον πάντως, οἷον νόσος καὶ ὑγίεια ἐν σώματι ζών πέφυκε ⏎ γίνεσθαι, καὶ ἀναγκαῖόν γε θάτερον ὑπάρχειν τῷ τὸ ζών"
tlg001,12,ζών,ζών,2,22,1019,False,"σον πάντως, οἷον νόσος καὶ ὑγίεια ἐν σώματι ζών πέφυκε ⏎ γίνεσθαι, καὶ ἀναγκαῖόν γε θάτερον ὑπάρχειν τῷ τὸ ζών ⏎ σώματι, ἢ νόσον ἢ ὑγίειαν. καὶ περιττὸν δὲ καὶ ἄρτιον ἀριθ"
tlg001,12,ἀριθ,ἀριθ,1,23,1077,False,"γίνεσθαι, καὶ ἀναγκαῖόν γε θάτερον ὑπάρχειν τῷ τὸ ζών ⏎ σώματι, ἢ νόσον ἢ ὑγίειαν. καὶ περιττὸν δὲ καὶ ἄρτιον ἀριθ ⏎ μοῦ κατηγορεῖται, καὶ ἀναγκαῖόν γε θάτερον τῷ ἀριθμῷ"
tlg001,12,μοῦ,μοῦ,1,24,1082,False,"σώματι, ἢ νόσον ἢ ὑγίειαν. καὶ περιττὸν δὲ καὶ ἄρτιον ἀριθ ⏎ μοῦ κατηγορεῖται, καὶ ἀναγκαῖόν γε θάτερον τῷ ἀριθμῷ ⏎ ὑπάρχειν, ἢ περιττὸν ἢ ἄρτιον. καὶ ἐκ ἔςι γε τέτων ἐδὲν"
tlg001,12,περιττῇ,περιττῇ,1,26,1227,False,"ὑπάρχειν, ἢ περιττὸν ἢ ἄρτιον. καὶ ἐκ ἔςι γε τέτων ἐδὲν ⏎ ἀνὰ μέσον, ὅτε νόσο καὶ ὑγιείας ἔτε περιττῇ καὶ ἀρτίο. ὧν ⏎ δέ γε μὴ ἀναγκαῖον θάτερον ὑπάρχειν, τέτων ἔςι τι ἀνὰ 10"
tlg001,12,σπυδαῖον,σπυδαῖον,1,31,1470,False,"ἐ γὰρ πᾶν ἤτοι λευκὸν ἢ μέλαν ἐςίν. καὶ φαῦλον δὲ καὶ ⏎ σπυδαῖον κατηγορεῖται μὲν καὶ κατ᾿ ἀνθρώπε καὶ κατὰ ⏎ ἄλλων πολλῶν, ἐκ ἀναγκαῖον δὲ θάτερον αὐτῶν ὑπάρχειν 15"
tlg001,12,κατ᾿,κατ᾿,1,31,1500,False,"ἐ γὰρ πᾶν ἤτοι λευκὸν ἢ μέλαν ἐςίν. καὶ φαῦλον δὲ καὶ ⏎ σπυδαῖον κατηγορεῖται μὲν καὶ κατ᾿ ἀνθρώπε καὶ κατὰ ⏎ ἄλλων πολλῶν, ἐκ ἀναγκαῖον δὲ θάτερον αὐτῶν ὑπάρχειν 15"
tlg001,12,φαῦλα,φαῦλα,1,33,1622,False,"ἄλλων πολλῶν, ἐκ ἀναγκαῖον δὲ θάτερον αὐτῶν ὑπάρχειν 15 ⏎ ἐκείνοις ὧν ἂν κατηγορῆται ὁ γὰρ πάντα ἤτοι φαῦλα ἢ Ὅτι δὲ ἡ τέρησις καὶ ἡ ἕξις ἐκ ἀντίκειται ὡς τὰ ⏎ σπυδαῖα ἐςιν. καὶ ἔςι γέ τι τέτων ἀνὰ μέσον, οἷον τὸ μὲν πρός τι, φανερόν· ὁ γὰρ λέγεται αὐτὸ ὅπερ ἐςὶ τῇ ἀντι-"
tlg001,12,τέρησις,τέρησις,1,33,1639,False,"ἄλλων πολλῶν, ἐκ ἀναγκαῖον δὲ θάτερον αὐτῶν ὑπάρχειν 15 ⏎ ἐκείνοις ὧν ἂν κατηγορῆται ὁ γὰρ πάντα ἤτοι φαῦλα ἢ Ὅτι δὲ ἡ τέρησις καὶ ἡ ἕξις ἐκ ἀντίκειται ὡς τὰ ⏎ σπυδαῖα ἐςιν. καὶ ἔςι γέ τι τέτων ἀνὰ μέσον, οἷον τὸ μὲν πρός τι, φανερόν· ὁ γὰρ λέγεται αὐτὸ ὅπερ ἐςὶ τῇ ἀντι-"
tlg001,12,σπυδαῖα,σπυδαῖα,1,34,1678,False,"ἐκείνοις ὧν ἂν κατηγορῆται ὁ γὰρ πάντα ἤτοι φαῦλα ἢ Ὅτι δὲ ἡ τέρησις καὶ ἡ ἕξις ἐκ ἀντίκειται ὡς τὰ ⏎ σπυδαῖα ἐςιν. καὶ ἔςι γέ τι τέτων ἀνὰ μέσον, οἷον τὸ μὲν πρός τι, φανερόν· ὁ γὰρ λέγεται αὐτὸ ὅπερ ἐςὶ τῇ ἀντι- ⏎ λευκᾶ καὶ μέλανος τὸ φαιὸν καὶ τὸ ὠχρὸν καὶ ὅσα ἄλλα κειμένο. ἡ γὰρ ὄψις ἐκ ἔςι τυφλότητος ἔψις, ἐδ᾽ ἄλλως"
tlg001,12,ἀντι,ἀντι,1,34,1784,False,"ἐκείνοις ὧν ἂν κατηγορῆται ὁ γὰρ πάντα ἤτοι φαῦλα ἢ Ὅτι δὲ ἡ τέρησις καὶ ἡ ἕξις ἐκ ἀντίκειται ὡς τὰ ⏎ σπυδαῖα ἐςιν. καὶ ἔςι γέ τι τέτων ἀνὰ μέσον, οἷον τὸ μὲν πρός τι, φανερόν· ὁ γὰρ λέγεται αὐτὸ ὅπερ ἐςὶ τῇ ἀντι- ⏎ λευκᾶ καὶ μέλανος τὸ φαιὸν καὶ τὸ ὠχρὸν καὶ ὅσα ἄλλα κειμένο. ἡ γὰρ ὄψις ἐκ ἔςι τυφλότητος ἔψις, ἐδ᾽ ἄλλως"
tlg001,12,λευκᾶ,λευκᾶ,1,35,1790,False,"σπυδαῖα ἐςιν. καὶ ἔςι γέ τι τέτων ἀνὰ μέσον, οἷον τὸ μὲν πρός τι, φανερόν· ὁ γὰρ λέγεται αὐτὸ ὅπερ ἐςὶ τῇ ἀντι- ⏎ λευκᾶ καὶ μέλανος τὸ φαιὸν καὶ τὸ ὠχρὸν καὶ ὅσα ἄλλα κειμένο. ἡ γὰρ ὄψις ἐκ ἔςι τυφλότητος ἔψις, ἐδ᾽ ἄλλως ⏎ χρώματα, τῇ δὲ φαύλο καὶ σπεδαίς τὸ ἔτε φαῦλον ἔτε ἐδαμῶς πρὸς αὐτὸ λέγεται. ὡσαύτως δὲ ἐδὲ ἡ τυφλότης"
tlg001,12,κειμένο,κειμένο,1,35,1843,False,"σπυδαῖα ἐςιν. καὶ ἔςι γέ τι τέτων ἀνὰ μέσον, οἷον τὸ μὲν πρός τι, φανερόν· ὁ γὰρ λέγεται αὐτὸ ὅπερ ἐςὶ τῇ ἀντι- ⏎ λευκᾶ καὶ μέλανος τὸ φαιὸν καὶ τὸ ὠχρὸν καὶ ὅσα ἄλλα κειμένο. ἡ γὰρ ὄψις ἐκ ἔςι τυφλότητος ἔψις, ἐδ᾽ ἄλλως ⏎ χρώματα, τῇ δὲ φαύλο καὶ σπεδαίς τὸ ἔτε φαῦλον ἔτε ἐδαμῶς πρὸς αὐτὸ λέγεται. ὡσαύτως δὲ ἐδὲ ἡ τυφλότης"
tlg001,12,ἔψις,ἔψις,1,35,1881,False,"σπυδαῖα ἐςιν. καὶ ἔςι γέ τι τέτων ἀνὰ μέσον, οἷον τὸ μὲν πρός τι, φανερόν· ὁ γὰρ λέγεται αὐτὸ ὅπερ ἐςὶ τῇ ἀντι- ⏎ λευκᾶ καὶ μέλανος τὸ φαιὸν καὶ τὸ ὠχρὸν καὶ ὅσα ἄλλα κειμένο. ἡ γὰρ ὄψις ἐκ ἔςι τυφλότητος ἔψις, ἐδ᾽ ἄλλως ⏎ χρώματα, τῇ δὲ φαύλο καὶ σπεδαίς τὸ ἔτε φαῦλον ἔτε ἐδαμῶς πρὸς αὐτὸ λέγεται. ὡσαύτως δὲ ἐδὲ ἡ τυφλότης"
tlg001,12,ἐδ᾽,ἐδ᾽,1,35,1887,False,"σπυδαῖα ἐςιν. καὶ ἔςι γέ τι τέτων ἀνὰ μέσον, οἷον τὸ μὲν πρός τι, φανερόν· ὁ γὰρ λέγεται αὐτὸ ὅπερ ἐςὶ τῇ ἀντι- ⏎ λευκᾶ καὶ μέλανος τὸ φαιὸν καὶ τὸ ὠχρὸν καὶ ὅσα ἄλλα κειμένο. ἡ γὰρ ὄψις ἐκ ἔςι τυφλότητος ἔψις, ἐδ᾽ ἄλλως ⏎ χρώματα, τῇ δὲ φαύλο καὶ σπεδαίς τὸ ἔτε φαῦλον ἔτε ἐδαμῶς πρὸς αὐτὸ λέγεται. ὡσαύτως δὲ ἐδὲ ἡ τυφλότης"
tlg001,12,σπεδαίς,σπεδαίς,1,36,1922,False,"λευκᾶ καὶ μέλανος τὸ φαιὸν καὶ τὸ ὠχρὸν καὶ ὅσα ἄλλα κειμένο. ἡ γὰρ ὄψις ἐκ ἔςι τυφλότητος ἔψις, ἐδ᾽ ἄλλως ⏎ χρώματα, τῇ δὲ φαύλο καὶ σπεδαίς τὸ ἔτε φαῦλον ἔτε ἐδαμῶς πρὸς αὐτὸ λέγεται. ὡσαύτως δὲ ἐδὲ ἡ τυφλότης ⏎ σπυδαῖον, ἐπ' ἐνίων μὲν ἐν ὀνόματα κείται τοῖς ἀνὰ μέσον, 20 λέγοιτ' ἂν τυφλότης όψεως, ἀλλὰ σέρησις μὲν ὄψεως ἡ"
tlg001,12,σπυδαῖον,σπυδαῖον,2,37,2000,False,"χρώματα, τῇ δὲ φαύλο καὶ σπεδαίς τὸ ἔτε φαῦλον ἔτε ἐδαμῶς πρὸς αὐτὸ λέγεται. ὡσαύτως δὲ ἐδὲ ἡ τυφλότης ⏎ σπυδαῖον, ἐπ' ἐνίων μὲν ἐν ὀνόματα κείται τοῖς ἀνὰ μέσον, 20 λέγοιτ' ἂν τυφλότης όψεως, ἀλλὰ σέρησις μὲν ὄψεως ἡ ⏎ οἷον λευκᾶ καὶ μέλανος τὸ φαιὸν καὶ τὸ ὠχρὸν καὶ ὅσα τυφλότης λέγεται, τυφλότης δὲ ὄψεως & λέγεται. ἔτι τὰ"
tlg001,12,κείται,κείται,1,37,2035,False,"χρώματα, τῇ δὲ φαύλο καὶ σπεδαίς τὸ ἔτε φαῦλον ἔτε ἐδαμῶς πρὸς αὐτὸ λέγεται. ὡσαύτως δὲ ἐδὲ ἡ τυφλότης ⏎ σπυδαῖον, ἐπ' ἐνίων μὲν ἐν ὀνόματα κείται τοῖς ἀνὰ μέσον, 20 λέγοιτ' ἂν τυφλότης όψεως, ἀλλὰ σέρησις μὲν ὄψεως ἡ ⏎ οἷον λευκᾶ καὶ μέλανος τὸ φαιὸν καὶ τὸ ὠχρὸν καὶ ὅσα τυφλότης λέγεται, τυφλότης δὲ ὄψεως & λέγεται. ἔτι τὰ"
tlg001,12,όψεως,όψεως,1,37,2081,False,"χρώματα, τῇ δὲ φαύλο καὶ σπεδαίς τὸ ἔτε φαῦλον ἔτε ἐδαμῶς πρὸς αὐτὸ λέγεται. ὡσαύτως δὲ ἐδὲ ἡ τυφλότης ⏎ σπυδαῖον, ἐπ' ἐνίων μὲν ἐν ὀνόματα κείται τοῖς ἀνὰ μέσον, 20 λέγοιτ' ἂν τυφλότης όψεως, ἀλλὰ σέρησις μὲν ὄψεως ἡ ⏎ οἷον λευκᾶ καὶ μέλανος τὸ φαιὸν καὶ τὸ ὠχρὸν καὶ ὅσα τυφλότης λέγεται, τυφλότης δὲ ὄψεως & λέγεται. ἔτι τὰ"
tlg001,12,σέρησις,σέρησις,1,37,2093,False,"χρώματα, τῇ δὲ φαύλο καὶ σπεδαίς τὸ ἔτε φαῦλον ἔτε ἐδαμῶς πρὸς αὐτὸ λέγεται. ὡσαύτως δὲ ἐδὲ ἡ τυφλότης ⏎ σπυδαῖον, ἐπ' ἐνίων μὲν ἐν ὀνόματα κείται τοῖς ἀνὰ μέσον, 20 λέγοιτ' ἂν τυφλότης όψεως, ἀλλὰ σέρησις μὲν ὄψεως ἡ ⏎ οἷον λευκᾶ καὶ μέλανος τὸ φαιὸν καὶ τὸ ὠχρὸν καὶ ὅσα τυφλότης λέγεται, τυφλότης δὲ ὄψεως & λέγεται. ἔτι τὰ"
tlg001,12,λευκᾶ,λευκᾶ,2,38,2118,False,"σπυδαῖον, ἐπ' ἐνίων μὲν ἐν ὀνόματα κείται τοῖς ἀνὰ μέσον, 20 λέγοιτ' ἂν τυφλότης όψεως, ἀλλὰ σέρησις μὲν ὄψεως ἡ ⏎ οἷον λευκᾶ καὶ μέλανος τὸ φαιὸν καὶ τὸ ὠχρὸν καὶ ὅσα τυφλότης λέγεται, τυφλότης δὲ ὄψεως & λέγεται. ἔτι τὰ ⏎ ἄλλα χρώματα· ἐπ' ἐνίων δὲ ὀνόματι μὲν ἐκ εὔπορον τὸ πρός τι πάντα πρὸς ἀντιςρέφοντα λέγεται, ὥςε καὶ ἡ τυ"
tlg001,12,τυ,τυ,2,39,2324,False,"οἷον λευκᾶ καὶ μέλανος τὸ φαιὸν καὶ τὸ ὠχρὸν καὶ ὅσα τυφλότης λέγεται, τυφλότης δὲ ὄψεως & λέγεται. ἔτι τὰ ⏎ ἄλλα χρώματα· ἐπ' ἐνίων δὲ ὀνόματι μὲν ἐκ εὔπορον τὸ πρός τι πάντα πρὸς ἀντιςρέφοντα λέγεται, ὥςε καὶ ἡ τυ ⏎ ἀνὰ μέσον ἀποδῆναι, τῇ δ᾽ ἑκατέρα τῶν ἄκρων ἀποφάσει φλότης εἴπερ ἦν τῶν πρός τι, ἀντέςρεψεν. ἂν κἀκεῖνο πρὸς"
tlg001,12,ἀποδῆναι,ἀποδῆναι,1,40,2337,False,"ἄλλα χρώματα· ἐπ' ἐνίων δὲ ὀνόματι μὲν ἐκ εὔπορον τὸ πρός τι πάντα πρὸς ἀντιςρέφοντα λέγεται, ὥςε καὶ ἡ τυ ⏎ ἀνὰ μέσον ἀποδῆναι, τῇ δ᾽ ἑκατέρα τῶν ἄκρων ἀποφάσει φλότης εἴπερ ἦν τῶν πρός τι, ἀντέςρεψεν. ἂν κἀκεῖνο πρὸς ⏎ τὸ ἀνὰ μέσον ὁρίζεται, οἷον τὸ ἔτε ἀγαθὸν ἔτε κακὸν καὶ ἃ λέγεται. ἀλλ᾽ ἐκ ἀντιςρέφει· ἰ γὰρ λέγεται ἡ ὄψις"
tlg001,12,δ᾽,δ᾽,1,40,2350,False,"ἄλλα χρώματα· ἐπ' ἐνίων δὲ ὀνόματι μὲν ἐκ εὔπορον τὸ πρός τι πάντα πρὸς ἀντιςρέφοντα λέγεται, ὥςε καὶ ἡ τυ ⏎ ἀνὰ μέσον ἀποδῆναι, τῇ δ᾽ ἑκατέρα τῶν ἄκρων ἀποφάσει φλότης εἴπερ ἦν τῶν πρός τι, ἀντέςρεψεν. ἂν κἀκεῖνο πρὸς ⏎ τὸ ἀνὰ μέσον ὁρίζεται, οἷον τὸ ἔτε ἀγαθὸν ἔτε κακὸν καὶ ἃ λέγεται. ἀλλ᾽ ἐκ ἀντιςρέφει· ἰ γὰρ λέγεται ἡ ὄψις"
tlg001,12,ἑκατέρα,ἑκατέρα,1,40,2353,False,"ἄλλα χρώματα· ἐπ' ἐνίων δὲ ὀνόματι μὲν ἐκ εὔπορον τὸ πρός τι πάντα πρὸς ἀντιςρέφοντα λέγεται, ὥςε καὶ ἡ τυ ⏎ ἀνὰ μέσον ἀποδῆναι, τῇ δ᾽ ἑκατέρα τῶν ἄκρων ἀποφάσει φλότης εἴπερ ἦν τῶν πρός τι, ἀντέςρεψεν. ἂν κἀκεῖνο πρὸς ⏎ τὸ ἀνὰ μέσον ὁρίζεται, οἷον τὸ ἔτε ἀγαθὸν ἔτε κακὸν καὶ ἃ λέγεται. ἀλλ᾽ ἐκ ἀντιςρέφει· ἰ γὰρ λέγεται ἡ ὄψις"
tlg001,12,φλότης,φλότης,2,40,2380,False,"ἄλλα χρώματα· ἐπ' ἐνίων δὲ ὀνόματι μὲν ἐκ εὔπορον τὸ πρός τι πάντα πρὸς ἀντιςρέφοντα λέγεται, ὥςε καὶ ἡ τυ ⏎ ἀνὰ μέσον ἀποδῆναι, τῇ δ᾽ ἑκατέρα τῶν ἄκρων ἀποφάσει φλότης εἴπερ ἦν τῶν πρός τι, ἀντέςρεψεν. ἂν κἀκεῖνο πρὸς ⏎ τὸ ἀνὰ μέσον ὁρίζεται, οἷον τὸ ἔτε ἀγαθὸν ἔτε κακὸν καὶ ἃ λέγεται. ἀλλ᾽ ἐκ ἀντιςρέφει· ἰ γὰρ λέγεται ἡ ὄψις"
tlg001,12,ἀντέστρεψεν,ἀντέςρεψεν,1,40,2409,False,"ἄλλα χρώματα· ἐπ' ἐνίων δὲ ὀνόματι μὲν ἐκ εὔπορον τὸ πρός τι πάντα πρὸς ἀντιςρέφοντα λέγεται, ὥςε καὶ ἡ τυ ⏎ ἀνὰ μέσον ἀποδῆναι, τῇ δ᾽ ἑκατέρα τῶν ἄκρων ἀποφάσει φλότης εἴπερ ἦν τῶν πρός τι, ἀντέςρεψεν. ἂν κἀκεῖνο πρὸς ⏎ τὸ ἀνὰ μέσον ὁρίζεται, οἷον τὸ ἔτε ἀγαθὸν ἔτε κακὸν καὶ ἃ λέγεται. ἀλλ᾽ ἐκ ἀντιςρέφει· ἰ γὰρ λέγεται ἡ ὄψις"
tlg001,12,ἃ,ἃ,1,41,2493,False,"ἀνὰ μέσον ἀποδῆναι, τῇ δ᾽ ἑκατέρα τῶν ἄκρων ἀποφάσει φλότης εἴπερ ἦν τῶν πρός τι, ἀντέςρεψεν. ἂν κἀκεῖνο πρὸς ⏎ τὸ ἀνὰ μέσον ὁρίζεται, οἷον τὸ ἔτε ἀγαθὸν ἔτε κακὸν καὶ ἃ λέγεται. ἀλλ᾽ ἐκ ἀντιςρέφει· ἰ γὰρ λέγεται ἡ ὄψις ⏎ ἴτε δίκαιον ὅτε ἄδικον."
tlg001,12,ἀλλ᾽,ἀλλ᾽,1,41,2504,False,"ἀνὰ μέσον ἀποδῆναι, τῇ δ᾽ ἑκατέρα τῶν ἄκρων ἀποφάσει φλότης εἴπερ ἦν τῶν πρός τι, ἀντέςρεψεν. ἂν κἀκεῖνο πρὸς ⏎ τὸ ἀνὰ μέσον ὁρίζεται, οἷον τὸ ἔτε ἀγαθὸν ἔτε κακὸν καὶ ἃ λέγεται. ἀλλ᾽ ἐκ ἀντιςρέφει· ἰ γὰρ λέγεται ἡ ὄψις ⏎ ἴτε δίκαιον ὅτε ἄδικον."
tlg001,12,ων,ων,1,45,2589,False,"25 ⏎ ων ⏎ Στέρησις δὲ καὶ ἕξις λέγεται μὲν περὶ ταὐτόν τι, οἷον Ὅτι δὲ ἐδ' ὡς τὰ ἐναντία ἀντίκειται τὰ κατὰ φέρη-"
tlg001,12,φέρη,φέρη,1,46,2690,False,"ων ⏎ Στέρησις δὲ καὶ ἕξις λέγεται μὲν περὶ ταὐτόν τι, οἷον Ὅτι δὲ ἐδ' ὡς τὰ ἐναντία ἀντίκειται τὰ κατὰ φέρη- ⏎ ἡ ὄψις καὶ ἡ τυφλότης περὶ ὀφθαλμόν· καθόλυ δὲ εἰπεῖν, σιν καὶ ἕξιν λεγόμενα, ἐκ τῶνδε δῆλον. τῶν μὲν γὰρ ἐναν"
tlg001,12,καθόλυ,καθόλυ,1,47,2733,False,"Στέρησις δὲ καὶ ἕξις λέγεται μὲν περὶ ταὐτόν τι, οἷον Ὅτι δὲ ἐδ' ὡς τὰ ἐναντία ἀντίκειται τὰ κατὰ φέρη- ⏎ ἡ ὄψις καὶ ἡ τυφλότης περὶ ὀφθαλμόν· καθόλυ δὲ εἰπεῖν, σιν καὶ ἕξιν λεγόμενα, ἐκ τῶνδε δῆλον. τῶν μὲν γὰρ ἐναν ⏎ ἐν ᾧ ἡ ἕξις πέφυκε γίνεσθαι, περὶ τᾶτο λέγεται ἑκάτερον τίων, ὧν μηδέν ἐςιν ἀνὰ μέσον, ἀναγκαῖον, ἐν ᾧ πέφυκε"
tlg001,12,σιν,σιν,1,47,2751,False,"Στέρησις δὲ καὶ ἕξις λέγεται μὲν περὶ ταὐτόν τι, οἷον Ὅτι δὲ ἐδ' ὡς τὰ ἐναντία ἀντίκειται τὰ κατὰ φέρη- ⏎ ἡ ὄψις καὶ ἡ τυφλότης περὶ ὀφθαλμόν· καθόλυ δὲ εἰπεῖν, σιν καὶ ἕξιν λεγόμενα, ἐκ τῶνδε δῆλον. τῶν μὲν γὰρ ἐναν ⏎ ἐν ᾧ ἡ ἕξις πέφυκε γίνεσθαι, περὶ τᾶτο λέγεται ἑκάτερον τίων, ὧν μηδέν ἐςιν ἀνὰ μέσον, ἀναγκαῖον, ἐν ᾧ πέφυκε"
tlg001,12,ἐναν,ἐναν,1,47,2802,False,"Στέρησις δὲ καὶ ἕξις λέγεται μὲν περὶ ταὐτόν τι, οἷον Ὅτι δὲ ἐδ' ὡς τὰ ἐναντία ἀντίκειται τὰ κατὰ φέρη- ⏎ ἡ ὄψις καὶ ἡ τυφλότης περὶ ὀφθαλμόν· καθόλυ δὲ εἰπεῖν, σιν καὶ ἕξιν λεγόμενα, ἐκ τῶνδε δῆλον. τῶν μὲν γὰρ ἐναν ⏎ ἐν ᾧ ἡ ἕξις πέφυκε γίνεσθαι, περὶ τᾶτο λέγεται ἑκάτερον τίων, ὧν μηδέν ἐςιν ἀνὰ μέσον, ἀναγκαῖον, ἐν ᾧ πέφυκε"
tlg001,12,τᾶτο,τᾶτο,1,48,2841,False,"ἡ ὄψις καὶ ἡ τυφλότης περὶ ὀφθαλμόν· καθόλυ δὲ εἰπεῖν, σιν καὶ ἕξιν λεγόμενα, ἐκ τῶνδε δῆλον. τῶν μὲν γὰρ ἐναν ⏎ ἐν ᾧ ἡ ἕξις πέφυκε γίνεσθαι, περὶ τᾶτο λέγεται ἑκάτερον τίων, ὧν μηδέν ἐςιν ἀνὰ μέσον, ἀναγκαῖον, ἐν ᾧ πέφυκε ⏎ αὐτῶν. ἐςερῆσθαι δὲ τότε λέγομεν ἕκαςον τῶν τῆς ἕξεως γίνεσθαι ἢ ὧν κατηγορεῖται, θάτερον αὐτῶν ὑπάρχειν ἀεί·"
tlg001,12,τίων,τίων,1,48,2863,False,"ἡ ὄψις καὶ ἡ τυφλότης περὶ ὀφθαλμόν· καθόλυ δὲ εἰπεῖν, σιν καὶ ἕξιν λεγόμενα, ἐκ τῶνδε δῆλον. τῶν μὲν γὰρ ἐναν ⏎ ἐν ᾧ ἡ ἕξις πέφυκε γίνεσθαι, περὶ τᾶτο λέγεται ἑκάτερον τίων, ὧν μηδέν ἐςιν ἀνὰ μέσον, ἀναγκαῖον, ἐν ᾧ πέφυκε ⏎ αὐτῶν. ἐςερῆσθαι δὲ τότε λέγομεν ἕκαςον τῶν τῆς ἕξεως γίνεσθαι ἢ ὧν κατηγορεῖται, θάτερον αὐτῶν ὑπάρχειν ἀεί·"
tlg001,12,νωδόν,νωδόν,1,51,3161,False,"δεκτικῶν, ὅταν ἐν ᾧ πέφυκεν ὑπάρχειν καὶ ὅτε πέφυκεν 30 τότων γὰρ ἐδὲν ἦν ἀνὰ μέσον, ὧν θάτερον ἦν ἀναγκαῖον τῷ ⏎ ἔχειν μηδαμῶς ὑπάρχῃ. νωδόν τε γὰρ λέγομεν ἢ τὸ μὴ δεκτικῷ ὑπάρχειν, οἷον ἐπὶ νίσε καὶ ὑγιείας καὶ περιττῇ ⏎ ἔχον ὀδόντας, καὶ τυφλὸν ἢ τὸ μὴ ἔχον ὄψιν, ἀλλὰ τὸ καὶ ἀρτίου. ὧν δὲ ἔςι τι ἀνὰ μέσον, ἐδέποτε ἀνάγκη παντὶ"
tlg001,12,νίσε,νίσε,1,51,3217,False,"δεκτικῶν, ὅταν ἐν ᾧ πέφυκεν ὑπάρχειν καὶ ὅτε πέφυκεν 30 τότων γὰρ ἐδὲν ἦν ἀνὰ μέσον, ὧν θάτερον ἦν ἀναγκαῖον τῷ ⏎ ἔχειν μηδαμῶς ὑπάρχῃ. νωδόν τε γὰρ λέγομεν ἢ τὸ μὴ δεκτικῷ ὑπάρχειν, οἷον ἐπὶ νίσε καὶ ὑγιείας καὶ περιττῇ ⏎ ἔχον ὀδόντας, καὶ τυφλὸν ἢ τὸ μὴ ἔχον ὄψιν, ἀλλὰ τὸ καὶ ἀρτίου. ὧν δὲ ἔςι τι ἀνὰ μέσον, ἐδέποτε ἀνάγκη παντὶ"
tlg001,12,περιττῇ,περιττῇ,2,51,3238,False,"δεκτικῶν, ὅταν ἐν ᾧ πέφυκεν ὑπάρχειν καὶ ὅτε πέφυκεν 30 τότων γὰρ ἐδὲν ἦν ἀνὰ μέσον, ὧν θάτερον ἦν ἀναγκαῖον τῷ ⏎ ἔχειν μηδαμῶς ὑπάρχῃ. νωδόν τε γὰρ λέγομεν ἢ τὸ μὴ δεκτικῷ ὑπάρχειν, οἷον ἐπὶ νίσε καὶ ὑγιείας καὶ περιττῇ ⏎ ἔχον ὀδόντας, καὶ τυφλὸν ἢ τὸ μὴ ἔχον ὄψιν, ἀλλὰ τὸ καὶ ἀρτίου. ὧν δὲ ἔςι τι ἀνὰ μέσον, ἐδέποτε ἀνάγκη παντὶ"
tlg001,12,ἔψιν,ἔψιν,1,53,3406,False,"ἔχον ὀδόντας, καὶ τυφλὸν ἢ τὸ μὴ ἔχον ὄψιν, ἀλλὰ τὸ καὶ ἀρτίου. ὧν δὲ ἔςι τι ἀνὰ μέσον, ἐδέποτε ἀνάγκη παντὶ ⏎ μὴ ἔχον ὅτε πέφυκεν ἔχειν· τινὰ γὰρ ἐκ γενετῆς ἔτε ἔψιν ὑπάρχειν θάτερον· ἔτε γὰρ λευκὸν ἢ μέλαν ἀνάγκη πᾶν ⏎ ἔχει ἔτε ὀδόντας, ἀλλ᾽ ἐ λέγεται ὅτε νωδὰ ἔτε τυφλά. εἶναι τὸ δεκτικόν, ἔτε θερμὸν ἔτε ψυχρόν· τέτων γὰρ"
tlg001,12,ἀλλ᾽,ἀλλ᾽,2,54,3481,False,"μὴ ἔχον ὅτε πέφυκεν ἔχειν· τινὰ γὰρ ἐκ γενετῆς ἔτε ἔψιν ὑπάρχειν θάτερον· ἔτε γὰρ λευκὸν ἢ μέλαν ἀνάγκη πᾶν ⏎ ἔχει ἔτε ὀδόντας, ἀλλ᾽ ἐ λέγεται ὅτε νωδὰ ἔτε τυφλά. εἶναι τὸ δεκτικόν, ἔτε θερμὸν ἔτε ψυχρόν· τέτων γὰρ ⏎ τὸ δὲ ἐςερῆσθαι καὶ τὸ τὴν ἕξιν ἔχειν ἐκ ἔςι ςέρησις καὶ 35 ἀνὰ μέσον τι ἐδὲν κωλύει ὑπάρχειν. ἔτι δὲ καὶ τέ"
tlg001,12,τέ,τέ,1,55,3674,False,"ἔχει ἔτε ὀδόντας, ἀλλ᾽ ἐ λέγεται ὅτε νωδὰ ἔτε τυφλά. εἶναι τὸ δεκτικόν, ἔτε θερμὸν ἔτε ψυχρόν· τέτων γὰρ ⏎ τὸ δὲ ἐςερῆσθαι καὶ τὸ τὴν ἕξιν ἔχειν ἐκ ἔςι ςέρησις καὶ 35 ἀνὰ μέσον τι ἐδὲν κωλύει ὑπάρχειν. ἔτι δὲ καὶ τέ ⏎ ἕξις. ἕξις μὲν γάρ ἐςιν ἡ ὄψις, σέρησις δὲ ἡ τυφλότης των ἦν τι ἀνὰ μέσον, ὧν μὴ ἀναγκαῖον θάτερον ὑπάρχειν"
tlg001,12,σέρησις,σέρησις,2,56,3709,False,"τὸ δὲ ἐςερῆσθαι καὶ τὸ τὴν ἕξιν ἔχειν ἐκ ἔςι ςέρησις καὶ 35 ἀνὰ μέσον τι ἐδὲν κωλύει ὑπάρχειν. ἔτι δὲ καὶ τέ ⏎ ἕξις. ἕξις μὲν γάρ ἐςιν ἡ ὄψις, σέρησις δὲ ἡ τυφλότης των ἦν τι ἀνὰ μέσον, ὧν μὴ ἀναγκαῖον θάτερον ὑπάρχειν ⏎ τὸ δὲ ἔχειν τὴν ἔψιν ἐκ ἔσιν ὄψις, ἐδὲ τὸ τυφλὸν εἶναι ἦν τῷ δεκτικῷ, εἰ μὴ οἷς φύσει τὸ ἓν ὑπάρχει, οἷον"
tlg001,12,των,των,1,56,3731,False,"τὸ δὲ ἐςερῆσθαι καὶ τὸ τὴν ἕξιν ἔχειν ἐκ ἔςι ςέρησις καὶ 35 ἀνὰ μέσον τι ἐδὲν κωλύει ὑπάρχειν. ἔτι δὲ καὶ τέ ⏎ ἕξις. ἕξις μὲν γάρ ἐςιν ἡ ὄψις, σέρησις δὲ ἡ τυφλότης των ἦν τι ἀνὰ μέσον, ὧν μὴ ἀναγκαῖον θάτερον ὑπάρχειν ⏎ τὸ δὲ ἔχειν τὴν ἔψιν ἐκ ἔσιν ὄψις, ἐδὲ τὸ τυφλὸν εἶναι ἦν τῷ δεκτικῷ, εἰ μὴ οἷς φύσει τὸ ἓν ὑπάρχει, οἷον"
tlg001,12,ἔψιν,ἔψιν,2,57,3801,False,"ἕξις. ἕξις μὲν γάρ ἐςιν ἡ ὄψις, σέρησις δὲ ἡ τυφλότης των ἦν τι ἀνὰ μέσον, ὧν μὴ ἀναγκαῖον θάτερον ὑπάρχειν ⏎ τὸ δὲ ἔχειν τὴν ἔψιν ἐκ ἔσιν ὄψις, ἐδὲ τὸ τυφλὸν εἶναι ἦν τῷ δεκτικῷ, εἰ μὴ οἷς φύσει τὸ ἓν ὑπάρχει, οἷον ⏎ τυφλότης. ςέρησις γάρ τίς ἡ τυφλότης ἐςίν, τὸ δὲ τυφλὸν τῷ πυρὶ τὸ θερμῷ εἶναι καὶ τῇ χιόνι τὸ λευκῇ. ἐπὶ δὲ"
tlg001,12,ἔσιν,ἔσιν,1,57,3809,False,"ἕξις. ἕξις μὲν γάρ ἐςιν ἡ ὄψις, σέρησις δὲ ἡ τυφλότης των ἦν τι ἀνὰ μέσον, ὧν μὴ ἀναγκαῖον θάτερον ὑπάρχειν ⏎ τὸ δὲ ἔχειν τὴν ἔψιν ἐκ ἔσιν ὄψις, ἐδὲ τὸ τυφλὸν εἶναι ἦν τῷ δεκτικῷ, εἰ μὴ οἷς φύσει τὸ ἓν ὑπάρχει, οἷον ⏎ τυφλότης. ςέρησις γάρ τίς ἡ τυφλότης ἐςίν, τὸ δὲ τυφλὸν τῷ πυρὶ τὸ θερμῷ εἶναι καὶ τῇ χιόνι τὸ λευκῇ. ἐπὶ δὲ"
tlg001,12,ἐσιν,ἐσιν,1,59,4027,False,"τυφλότης. ςέρησις γάρ τίς ἡ τυφλότης ἐςίν, τὸ δὲ τυφλὸν τῷ πυρὶ τὸ θερμῷ εἶναι καὶ τῇ χιόνι τὸ λευκῇ. ἐπὶ δὲ ⏎ εἶναι ἐςερῆσθαι, ἐ ςέρησίς ἐσιν. ἔτι εἰ ἦν ἡ τυφλότης ταύ- τέτων ἀφωρισμένως ἀναγκαῖον θάτερον ὑπάρχειν, καὶ ἐχ ⏎ τὸν τῷ τυφλὸν εἶναι, κατηγορεῖτο ἂν ἀμφότερα κατὰ τὸ 40 ὁπότερον ἔτυχεν· ἰ γὰρ ἐνδέχεται τὸ πῦρ ψυχρὸν εἶναι"
tlg001,12,ταύ,ταύ,1,59,4054,False,"τυφλότης. ςέρησις γάρ τίς ἡ τυφλότης ἐςίν, τὸ δὲ τυφλὸν τῷ πυρὶ τὸ θερμῷ εἶναι καὶ τῇ χιόνι τὸ λευκῇ. ἐπὶ δὲ ⏎ εἶναι ἐςερῆσθαι, ἐ ςέρησίς ἐσιν. ἔτι εἰ ἦν ἡ τυφλότης ταύ- τέτων ἀφωρισμένως ἀναγκαῖον θάτερον ὑπάρχειν, καὶ ἐχ ⏎ τὸν τῷ τυφλὸν εἶναι, κατηγορεῖτο ἂν ἀμφότερα κατὰ τὸ 40 ὁπότερον ἔτυχεν· ἰ γὰρ ἐνδέχεται τὸ πῦρ ψυχρὸν εἶναι"
tlg001,12,τὸν,τὸν,1,60,4112,False,"εἶναι ἐςερῆσθαι, ἐ ςέρησίς ἐσιν. ἔτι εἰ ἦν ἡ τυφλότης ταύ- τέτων ἀφωρισμένως ἀναγκαῖον θάτερον ὑπάρχειν, καὶ ἐχ ⏎ τὸν τῷ τυφλὸν εἶναι, κατηγορεῖτο ἂν ἀμφότερα κατὰ τὸ 40 ὁπότερον ἔτυχεν· ἰ γὰρ ἐνδέχεται τὸ πῦρ ψυχρὸν εἶναι ⏎ αὐτῇ· ἀλλὰ τυφλὸς μὲν λέγεται ὁ ἄνθρωπος, τυφλότης οὐδὲ τὴν χιόνα μέλαιναν. ὥςε παντὶ μὲν οὐκ ἀνάγκη"
tlg001,12,αὐτῇ,αὐτῇ,1,61,4221,False,"τὸν τῷ τυφλὸν εἶναι, κατηγορεῖτο ἂν ἀμφότερα κατὰ τὸ 40 ὁπότερον ἔτυχεν· ἰ γὰρ ἐνδέχεται τὸ πῦρ ψυχρὸν εἶναι ⏎ αὐτῇ· ἀλλὰ τυφλὸς μὲν λέγεται ὁ ἄνθρωπος, τυφλότης οὐδὲ τὴν χιόνα μέλαιναν. ὥςε παντὶ μὲν οὐκ ἀνάγκη ⏎ 11. ἐν τῷ σώματι C. || 18. καὶ τῷ μέλανος C. || 28. ] ὧν ἂν ΑΒ. || πέφυκεν ἡ ἕξις C. || 35. ἔχειν τὴν ἕξιν C."
tlg001,12,αβ,αβ,1,62,4382,False,"αὐτῇ· ἀλλὰ τυφλὸς μὲν λέγεται ὁ ἄνθρωπος, τυφλότης οὐδὲ τὴν χιόνα μέλαιναν. ὥςε παντὶ μὲν οὐκ ἀνάγκη ⏎ 11. ἐν τῷ σώματι C. || 18. καὶ τῷ μέλανος C. || 28. ] ὧν ἂν ΑΒ. || πέφυκεν ἡ ἕξις C. || 35. ἔχειν τὴν ἕξιν C. ⏎ 9. καὶ] ἢ C. | 16. δὲ καὶ ἡ C. | 22. λέγεται ἐδ᾽ ὄψις τυφλότητος. ἔτι rc G. | 30. ἀναγκαῖον ἦν C. 34. ψυχρὸν ἔτε θερμόν G."
tlg001,12,ἐδ᾽,ἐδ᾽,2,63,4477,False,11. ἐν τῷ σώματι C. || 18. καὶ τῷ μέλανος C. || 28. ] ὧν ἂν ΑΒ. || πέφυκεν ἡ ἕξις C. || 35. ἔχειν τὴν ἕξιν C. ⏎ 9. καὶ] ἢ C. | 16. δὲ καὶ ἡ C. | 22. λέγεται ἐδ᾽ ὄψις τυφλότητος. ἔτι rc G. | 30. ἀναγκαῖον ἦν C. 34. ψυχρὸν ἔτε θερμόν G. ⏎ 36. ἦν θάτερον ὑπάρχειν Ο.
tlg001,12,ο,ο,1,64,4579,False,9. καὶ] ἢ C. | 16. δὲ καὶ ἡ C. | 22. λέγεται ἐδ᾽ ὄψις τυφλότητος. ἔτι rc G. | 30. ἀναγκαῖον ἦν C. 34. ψυχρὸν ἔτε θερμόν G. ⏎ 36. ἦν θάτερον ὑπάρχειν Ο.
tlg001,13,κατηγορια,κατηγορια,1,1,0,False,ΚΑΤΗΓΟΡΙΑ Ι ⏎ 13
tlg001,13,ι,ι,1,1,10,False,ΚΑΤΗΓΟΡΙΑ Ι ⏎ 13
tlg001,13,το,το,1,4,17,False,4 ⏎ ΤΟ ⏎ •
tlg001,13,ἐχ,ἐχ,1,7,128,False,"τῷ δεκτικῷ θάτερον αὐτῶν ὑπάρχειν, ἀλλὰ μόνον οἷς φύ- ⏎ σει τὸ ἓν ὑπάρχει, καὶ τέτοις ἀφωρισμένως τὸ ἓν καὶ ἐχ ⏎ ὁπότερον ἔτυχεν. ἐπὶ δὲ τῆς τερήσεως καὶ τῆς ἕξεως ἐδέ-"
tlg001,13,τερήσεως,τερήσεως,1,8,159,False,"σει τὸ ἓν ὑπάρχει, καὶ τέτοις ἀφωρισμένως τὸ ἓν καὶ ἐχ ⏎ ὁπότερον ἔτυχεν. ἐπὶ δὲ τῆς τερήσεως καὶ τῆς ἕξεως ἐδέ- ⏎ τερον τῶν εἰρημένων ἀληθές· ἐδὲ γὰρ ἀεὶ τῷ δεκτικῷ ἀναγ-"
tlg001,13,ἔτε,ἔτε,1,11,306,False,"καῖον θάτερον αὐτῶν ὑπάρχειν τὸ γὰρ μήπω πεφυκὸς 5 ⏎ ὄψιν ἔχειν ἔτε τυφλὸν ἔτε ὄψιν ἔχον λέγεται, ὥςε ἐκ ἂν ⏎ εἴη ταῦτα τῶν τοιέτων ἐναντίων ὧν ἐδὲν ἐςιν ἀνὰ μέσον."
tlg001,13,ἔτε,ἔτε,2,11,317,False,"καῖον θάτερον αὐτῶν ὑπάρχειν τὸ γὰρ μήπω πεφυκὸς 5 ⏎ ὄψιν ἔχειν ἔτε τυφλὸν ἔτε ὄψιν ἔχον λέγεται, ὥςε ἐκ ἂν ⏎ εἴη ταῦτα τῶν τοιέτων ἐναντίων ὧν ἐδὲν ἐςιν ἀνὰ μέσον."
tlg001,13,ἀλλ᾽,ἀλλ᾽,1,13,405,False,εἴη ταῦτα τῶν τοιέτων ἐναντίων ὧν ἐδὲν ἐςιν ἀνὰ μέσον. ⏎ ἀλλ᾽ ἐδ᾽ ὧν τι ἔσιν ἀνὰ μέσον· ἀναγκαῖον γάρ ποτε παντὶ ⏎ τῷ δεκτικῷ θάτερον αὐτῶν ὑπάρχειν· ὅταν γὰρ ἤδη πε-
tlg001,13,ἐδ᾽,ἐδ᾽,1,13,410,False,εἴη ταῦτα τῶν τοιέτων ἐναντίων ὧν ἐδὲν ἐςιν ἀνὰ μέσον. ⏎ ἀλλ᾽ ἐδ᾽ ὧν τι ἔσιν ἀνὰ μέσον· ἀναγκαῖον γάρ ποτε παντὶ ⏎ τῷ δεκτικῷ θάτερον αὐτῶν ὑπάρχειν· ὅταν γὰρ ἤδη πε-
tlg001,13,ἔσιν,ἔσιν,1,13,420,False,εἴη ταῦτα τῶν τοιέτων ἐναντίων ὧν ἐδὲν ἐςιν ἀνὰ μέσον. ⏎ ἀλλ᾽ ἐδ᾽ ὧν τι ἔσιν ἀνὰ μέσον· ἀναγκαῖον γάρ ποτε παντὶ ⏎ τῷ δεκτικῷ θάτερον αὐτῶν ὑπάρχειν· ὅταν γὰρ ἤδη πε-
tlg001,13,ἀλλ᾿,ἀλλ᾿,1,16,607,False,"φυκὸς ἢ ὄψιν ἔχειν, τότε ἢ τυφλὸν ἢ ὄψιν ἔχον ῥηθήσεται, 10 ⏎ καὶ τέτων ἐκ ἀφωρισμένως θάτερον, ἀλλ᾿ ὁπότερον ἔτυχεν ⏎ ἐ γὰρ ἀναγκαῖον ἢ τυφλὸν ἢ ἔχον ὄψιν εἶναι, ἀλλ' ὁπό"
tlg001,13,ὁπό,ὁπό,1,17,677,False,"καὶ τέτων ἐκ ἀφωρισμένως θάτερον, ἀλλ᾿ ὁπότερον ἔτυχεν ⏎ ἐ γὰρ ἀναγκαῖον ἢ τυφλὸν ἢ ἔχον ὄψιν εἶναι, ἀλλ' ὁπό ⏎ τερον ἔτυχεν. ἐπὶ δὲ τῶν ἐναντίων, ὧν ἔςι τι ἀνὰ μέσον,"
tlg001,13,τερον,τερον,1,18,681,False,"ἐ γὰρ ἀναγκαῖον ἢ τυφλὸν ἢ ἔχον ὄψιν εἶναι, ἀλλ' ὁπό ⏎ τερον ἔτυχεν. ἐπὶ δὲ τῶν ἐναντίων, ὧν ἔςι τι ἀνὰ μέσον, ⏎ ἐδέποτε ἀναγκαῖον ἦν παντὶ θάτερον ὑπάρχειν, ἀλλὰ τισί,"
tlg001,13,ἔτε,ἔτε,3,25,1059,False,"ἐπὶ γὰρ μόνων τέτων ἀναγκαῖον ἀεὶ τὸ μὲν ἀληθὲς τὸ δὲ ⏎ ψεῦδος αὐτῶν εἶναι. ἔτε γὰρ ἐπὶ τῶν ἐναντίων ἀναγκαῖον ⏎ ἀεὶ θάτερον ἀληθὲς εἶναι θάτερον δὲ ψεῦδος, ὅτε ἐπὶ τῶν"
tlg001,13,ἴτε,ἴτε,1,28,1246,False,"πρός τι, ὅτε ἐπὶ τῆς ἕξεως καὶ τῆς ςερήσεως. οἷον ἡ ὑγίεια ⏎ καὶ ἡ νόσος ἐναντία, καὶ ἐδέτερόν γε ἴτε ἀληθὲς ἔτε ψευδός ⏎ ἐςιν. ὡσαύτως δὲ καὶ τὸ διπλάσιον καὶ τὸ ἥμισυ ὡς τὰ πρός"
tlg001,13,ἔτε,ἔτε,4,28,1257,False,"πρός τι, ὅτε ἐπὶ τῆς ἕξεως καὶ τῆς ςερήσεως. οἷον ἡ ὑγίεια ⏎ καὶ ἡ νόσος ἐναντία, καὶ ἐδέτερόν γε ἴτε ἀληθὲς ἔτε ψευδός ⏎ ἐςιν. ὡσαύτως δὲ καὶ τὸ διπλάσιον καὶ τὸ ἥμισυ ὡς τὰ πρός"
tlg001,13,ψευδός,ψευδός,1,28,1261,False,"πρός τι, ὅτε ἐπὶ τῆς ἕξεως καὶ τῆς ςερήσεως. οἷον ἡ ὑγίεια ⏎ καὶ ἡ νόσος ἐναντία, καὶ ἐδέτερόν γε ἴτε ἀληθὲς ἔτε ψευδός ⏎ ἐςιν. ὡσαύτως δὲ καὶ τὸ διπλάσιον καὶ τὸ ἥμισυ ὡς τὰ πρός"
tlg001,13,ἔτε,ἔτε,5,30,1368,False,"ἐςιν. ὡσαύτως δὲ καὶ τὸ διπλάσιον καὶ τὸ ἥμισυ ὡς τὰ πρός ⏎ τι ἀντίκειται, καὶ ἐκ ἔςιν αὐτῶν ἐδέτερον ἔτε ἀληθὲς ἔτε ψευ ⏎ δος. δε γε τὰ κατὰ φέρησιν καὶ ἕξιν, οἷον ἡ ὄψις καὶ ἡ"
tlg001,13,ἔτε,ἔτε,6,30,1379,False,"ἐςιν. ὡσαύτως δὲ καὶ τὸ διπλάσιον καὶ τὸ ἥμισυ ὡς τὰ πρός ⏎ τι ἀντίκειται, καὶ ἐκ ἔςιν αὐτῶν ἐδέτερον ἔτε ἀληθὲς ἔτε ψευ ⏎ δος. δε γε τὰ κατὰ φέρησιν καὶ ἕξιν, οἷον ἡ ὄψις καὶ ἡ"
tlg001,13,ψευ,ψευ,1,30,1383,False,"ἐςιν. ὡσαύτως δὲ καὶ τὸ διπλάσιον καὶ τὸ ἥμισυ ὡς τὰ πρός ⏎ τι ἀντίκειται, καὶ ἐκ ἔςιν αὐτῶν ἐδέτερον ἔτε ἀληθὲς ἔτε ψευ ⏎ δος. δε γε τὰ κατὰ φέρησιν καὶ ἕξιν, οἷον ἡ ὄψις καὶ ἡ"
tlg001,13,δος,δος,1,31,1387,False,"τι ἀντίκειται, καὶ ἐκ ἔςιν αὐτῶν ἐδέτερον ἔτε ἀληθὲς ἔτε ψευ ⏎ δος. δε γε τὰ κατὰ φέρησιν καὶ ἕξιν, οἷον ἡ ὄψις καὶ ἡ ⏎ τυφλότης. ὅλως δὲ τῶν κατὰ μηδεμίαν συμπλοκὴν λεγομέ"
tlg001,13,δε,δε,1,31,1392,False,"τι ἀντίκειται, καὶ ἐκ ἔςιν αὐτῶν ἐδέτερον ἔτε ἀληθὲς ἔτε ψευ ⏎ δος. δε γε τὰ κατὰ φέρησιν καὶ ἕξιν, οἷον ἡ ὄψις καὶ ἡ ⏎ τυφλότης. ὅλως δὲ τῶν κατὰ μηδεμίαν συμπλοκὴν λεγομέ"
tlg001,13,φέρησιν,φέρησιν,1,31,1406,False,"τι ἀντίκειται, καὶ ἐκ ἔςιν αὐτῶν ἐδέτερον ἔτε ἀληθὲς ἔτε ψευ ⏎ δος. δε γε τὰ κατὰ φέρησιν καὶ ἕξιν, οἷον ἡ ὄψις καὶ ἡ ⏎ τυφλότης. ὅλως δὲ τῶν κατὰ μηδεμίαν συμπλοκὴν λεγομέ"
tlg001,13,λεγομέ,λεγομέ,1,32,1488,False,"δος. δε γε τὰ κατὰ φέρησιν καὶ ἕξιν, οἷον ἡ ὄψις καὶ ἡ ⏎ τυφλότης. ὅλως δὲ τῶν κατὰ μηδεμίαν συμπλοκὴν λεγομέ ⏎ νων ἰδὲν ἔτε ἀληθὲς ἔτε ψευδός ἐςιν· πάντα δὲ τὰ εἰρη"
tlg001,13,νων,νων,1,33,1495,False,τυφλότης. ὅλως δὲ τῶν κατὰ μηδεμίαν συμπλοκὴν λεγομέ ⏎ νων ἰδὲν ἔτε ἀληθὲς ἔτε ψευδός ἐςιν· πάντα δὲ τὰ εἰρη ⏎ μένα ἄνευ συμπλοκῆς λέγεται. ἢ μὴν ἀλλὰ μάλιςα ἂν
tlg001,13,ἔτε,ἔτε,7,33,1504,False,τυφλότης. ὅλως δὲ τῶν κατὰ μηδεμίαν συμπλοκὴν λεγομέ ⏎ νων ἰδὲν ἔτε ἀληθὲς ἔτε ψευδός ἐςιν· πάντα δὲ τὰ εἰρη ⏎ μένα ἄνευ συμπλοκῆς λέγεται. ἢ μὴν ἀλλὰ μάλιςα ἂν
tlg001,13,ἔτε,ἔτε,8,33,1515,False,τυφλότης. ὅλως δὲ τῶν κατὰ μηδεμίαν συμπλοκὴν λεγομέ ⏎ νων ἰδὲν ἔτε ἀληθὲς ἔτε ψευδός ἐςιν· πάντα δὲ τὰ εἰρη ⏎ μένα ἄνευ συμπλοκῆς λέγεται. ἢ μὴν ἀλλὰ μάλιςα ἂν
tlg001,13,ψευδός,ψευδός,2,33,1519,False,τυφλότης. ὅλως δὲ τῶν κατὰ μηδεμίαν συμπλοκὴν λεγομέ ⏎ νων ἰδὲν ἔτε ἀληθὲς ἔτε ψευδός ἐςιν· πάντα δὲ τὰ εἰρη ⏎ μένα ἄνευ συμπλοκῆς λέγεται. ἢ μὴν ἀλλὰ μάλιςα ἂν
tlg001,13,εἰρη,εἰρη,1,33,1544,False,τυφλότης. ὅλως δὲ τῶν κατὰ μηδεμίαν συμπλοκὴν λεγομέ ⏎ νων ἰδὲν ἔτε ἀληθὲς ἔτε ψευδός ἐςιν· πάντα δὲ τὰ εἰρη ⏎ μένα ἄνευ συμπλοκῆς λέγεται. ἢ μὴν ἀλλὰ μάλιςα ἂν
tlg001,13,μένα,μένα,1,34,1549,False,νων ἰδὲν ἔτε ἀληθὲς ἔτε ψευδός ἐςιν· πάντα δὲ τὰ εἰρη ⏎ μένα ἄνευ συμπλοκῆς λέγεται. ἢ μὴν ἀλλὰ μάλιςα ἂν ⏎ δόξειε τὸ τοῦτο συμβαίνειν ἐπὶ τῶν κατὰ συμπλοκὴν ἐναν
tlg001,13,ἐναν,ἐναν,1,35,1649,False,μένα ἄνευ συμπλοκῆς λέγεται. ἢ μὴν ἀλλὰ μάλιςα ἂν ⏎ δόξειε τὸ τοῦτο συμβαίνειν ἐπὶ τῶν κατὰ συμπλοκὴν ἐναν ⏎ τίων λεγομένων· τὸ γὰρ ὑγιαίνειν Σωκράτην τῷ νοσεῖν Σω
tlg001,13,τίων,τίων,1,36,1654,False,δόξειε τὸ τοῦτο συμβαίνειν ἐπὶ τῶν κατὰ συμπλοκὴν ἐναν ⏎ τίων λεγομένων· τὸ γὰρ ὑγιαίνειν Σωκράτην τῷ νοσεῖν Σω ⏎ κράτην ἐναντίον ἐςίν. ἀλλ᾽ ἐδ᾽ ἐπὶ τέτων ἀναγκαῖον ἀεὶ
tlg001,13,σω,σω,1,36,1706,False,δόξειε τὸ τοῦτο συμβαίνειν ἐπὶ τῶν κατὰ συμπλοκὴν ἐναν ⏎ τίων λεγομένων· τὸ γὰρ ὑγιαίνειν Σωκράτην τῷ νοσεῖν Σω ⏎ κράτην ἐναντίον ἐςίν. ἀλλ᾽ ἐδ᾽ ἐπὶ τέτων ἀναγκαῖον ἀεὶ
tlg001,13,κράτην,κράτην,1,37,1709,False,τίων λεγομένων· τὸ γὰρ ὑγιαίνειν Σωκράτην τῷ νοσεῖν Σω ⏎ κράτην ἐναντίον ἐςίν. ἀλλ᾽ ἐδ᾽ ἐπὶ τέτων ἀναγκαῖον ἀεὶ ⏎ θάτερον μὲν ἀληθὲς θάτερον δὲ ψεῦδος εἶναι. ὄντος μὲν γὰρ
tlg001,13,ἀλλ᾽,ἀλλ᾽,2,37,1731,False,τίων λεγομένων· τὸ γὰρ ὑγιαίνειν Σωκράτην τῷ νοσεῖν Σω ⏎ κράτην ἐναντίον ἐςίν. ἀλλ᾽ ἐδ᾽ ἐπὶ τέτων ἀναγκαῖον ἀεὶ ⏎ θάτερον μὲν ἀληθὲς θάτερον δὲ ψεῦδος εἶναι. ὄντος μὲν γὰρ
tlg001,13,ἐδ᾽,ἐδ᾽,2,37,1736,False,τίων λεγομένων· τὸ γὰρ ὑγιαίνειν Σωκράτην τῷ νοσεῖν Σω ⏎ κράτην ἐναντίον ἐςίν. ἀλλ᾽ ἐδ᾽ ἐπὶ τέτων ἀναγκαῖον ἀεὶ ⏎ θάτερον μὲν ἀληθὲς θάτερον δὲ ψεῦδος εἶναι. ὄντος μὲν γὰρ
tlg001,13,ετι,ετι,1,40,1876,False,"Σωκράτος ἔςαι τὸ μὲν ἀληθὲς τὸ δὲ ψεῦδος, μὴ ὄντος δὲ ⏎ Ετι ἐπὶ μὲν τῶν ἐναντίων, ὑπάρχοντος το δεκτικό, ἀμφότερα ψευδῆ· ἔτε γὰρ τὸ νοσεῖν Σωκράτην ἔτε τὸ ⏎ δυνατὸν εἰς ἄλληλα μεταβολὴν γίνεσθαι, εἰ μή τινι φύσει ὑγιαίνειν ἐςὶν ἀληθὲς αὐτῇ μὴ ὄντος ὅλως το Σωκράτης."
tlg001,13,το,το,2,40,1913,False,"Σωκράτος ἔςαι τὸ μὲν ἀληθὲς τὸ δὲ ψεῦδος, μὴ ὄντος δὲ ⏎ Ετι ἐπὶ μὲν τῶν ἐναντίων, ὑπάρχοντος το δεκτικό, ἀμφότερα ψευδῆ· ἔτε γὰρ τὸ νοσεῖν Σωκράτην ἔτε τὸ ⏎ δυνατὸν εἰς ἄλληλα μεταβολὴν γίνεσθαι, εἰ μή τινι φύσει ὑγιαίνειν ἐςὶν ἀληθὲς αὐτῇ μὴ ὄντος ὅλως το Σωκράτης."
tlg001,13,δεκτικό,δεκτικό,1,40,1916,False,"Σωκράτος ἔςαι τὸ μὲν ἀληθὲς τὸ δὲ ψεῦδος, μὴ ὄντος δὲ ⏎ Ετι ἐπὶ μὲν τῶν ἐναντίων, ὑπάρχοντος το δεκτικό, ἀμφότερα ψευδῆ· ἔτε γὰρ τὸ νοσεῖν Σωκράτην ἔτε τὸ ⏎ δυνατὸν εἰς ἄλληλα μεταβολὴν γίνεσθαι, εἰ μή τινι φύσει ὑγιαίνειν ἐςὶν ἀληθὲς αὐτῇ μὴ ὄντος ὅλως το Σωκράτης."
tlg001,13,ἔτε,ἔτε,9,40,1941,False,"Σωκράτος ἔςαι τὸ μὲν ἀληθὲς τὸ δὲ ψεῦδος, μὴ ὄντος δὲ ⏎ Ετι ἐπὶ μὲν τῶν ἐναντίων, ὑπάρχοντος το δεκτικό, ἀμφότερα ψευδῆ· ἔτε γὰρ τὸ νοσεῖν Σωκράτην ἔτε τὸ ⏎ δυνατὸν εἰς ἄλληλα μεταβολὴν γίνεσθαι, εἰ μή τινι φύσει ὑγιαίνειν ἐςὶν ἀληθὲς αὐτῇ μὴ ὄντος ὅλως το Σωκράτης."
tlg001,13,ἔτε,ἔτε,10,40,1968,False,"Σωκράτος ἔςαι τὸ μὲν ἀληθὲς τὸ δὲ ψεῦδος, μὴ ὄντος δὲ ⏎ Ετι ἐπὶ μὲν τῶν ἐναντίων, ὑπάρχοντος το δεκτικό, ἀμφότερα ψευδῆ· ἔτε γὰρ τὸ νοσεῖν Σωκράτην ἔτε τὸ ⏎ δυνατὸν εἰς ἄλληλα μεταβολὴν γίνεσθαι, εἰ μή τινι φύσει ὑγιαίνειν ἐςὶν ἀληθὲς αὐτῇ μὴ ὄντος ὅλως το Σωκράτης."
tlg001,13,αὐτῇ,αὐτῇ,1,41,2053,False,"Ετι ἐπὶ μὲν τῶν ἐναντίων, ὑπάρχοντος το δεκτικό, ἀμφότερα ψευδῆ· ἔτε γὰρ τὸ νοσεῖν Σωκράτην ἔτε τὸ ⏎ δυνατὸν εἰς ἄλληλα μεταβολὴν γίνεσθαι, εἰ μή τινι φύσει ὑγιαίνειν ἐςὶν ἀληθὲς αὐτῇ μὴ ὄντος ὅλως το Σωκράτης. ⏎ τὸ ἓν ὑπάρχει, οἷον τῷ πυρὶ τὸ θερμῷ εἶναι· καὶ γὰρ τὸ 20 ἐπὶ δὲ τῆς ςερήσεως καὶ τῆς ἕξεως μὴ ὄντος τε ὅλως ἐδέ"
tlg001,13,το,το,3,41,2072,False,"Ετι ἐπὶ μὲν τῶν ἐναντίων, ὑπάρχοντος το δεκτικό, ἀμφότερα ψευδῆ· ἔτε γὰρ τὸ νοσεῖν Σωκράτην ἔτε τὸ ⏎ δυνατὸν εἰς ἄλληλα μεταβολὴν γίνεσθαι, εἰ μή τινι φύσει ὑγιαίνειν ἐςὶν ἀληθὲς αὐτῇ μὴ ὄντος ὅλως το Σωκράτης. ⏎ τὸ ἓν ὑπάρχει, οἷον τῷ πυρὶ τὸ θερμῷ εἶναι· καὶ γὰρ τὸ 20 ἐπὶ δὲ τῆς ςερήσεως καὶ τῆς ἕξεως μὴ ὄντος τε ὅλως ἐδέ"
tlg001,13,σωκράτης,σωκράτης,1,41,2075,False,"Ετι ἐπὶ μὲν τῶν ἐναντίων, ὑπάρχοντος το δεκτικό, ἀμφότερα ψευδῆ· ἔτε γὰρ τὸ νοσεῖν Σωκράτην ἔτε τὸ ⏎ δυνατὸν εἰς ἄλληλα μεταβολὴν γίνεσθαι, εἰ μή τινι φύσει ὑγιαίνειν ἐςὶν ἀληθὲς αὐτῇ μὴ ὄντος ὅλως το Σωκράτης. ⏎ τὸ ἓν ὑπάρχει, οἷον τῷ πυρὶ τὸ θερμῷ εἶναι· καὶ γὰρ τὸ 20 ἐπὶ δὲ τῆς ςερήσεως καὶ τῆς ἕξεως μὴ ὄντος τε ὅλως ἐδέ"
tlg001,13,τερον,τερον,2,43,2252,False,"τὸ ἓν ὑπάρχει, οἷον τῷ πυρὶ τὸ θερμῷ εἶναι· καὶ γὰρ τὸ 20 ἐπὶ δὲ τῆς ςερήσεως καὶ τῆς ἕξεως μὴ ὄντος τε ὅλως ἐδέ ⏎ ὑγιαῖνον δυνατὸν νοσῆσαι καὶ τὸ λευκὸν μέλαν γενέσθαι τερον ἀληθές, ὄντος τε ἐκ ἀεὶ θάτερον ἀληθὲς θάτερον δὲ ⏎ καὶ τὸ ψυχρὸν θερμόν, καὶ ἐκ σπεδαίς γε φαῦλον καὶ ἐκ ψεῦδος· τὸ γὰρ ὄψιν ἔχειν Σωκράτην τῷ τυφλὸν εἶναι Σω"
tlg001,13,σω,σω,2,44,2413,False,"ὑγιαῖνον δυνατὸν νοσῆσαι καὶ τὸ λευκὸν μέλαν γενέσθαι τερον ἀληθές, ὄντος τε ἐκ ἀεὶ θάτερον ἀληθὲς θάτερον δὲ ⏎ καὶ τὸ ψυχρὸν θερμόν, καὶ ἐκ σπεδαίς γε φαῦλον καὶ ἐκ ψεῦδος· τὸ γὰρ ὄψιν ἔχειν Σωκράτην τῷ τυφλὸν εἶναι Σω ⏎ φαύλο σποδαῖον δυνατὸν γενέσθαι. ὁ γὰρ φαῦλος εἰς βελ- κράτην ἀντίκειται ὡς σέρησις καὶ ἕξις, καὶ ὄντος τε ἐκ"
tlg001,13,φαύλο,φαύλο,1,45,2416,False,"καὶ τὸ ψυχρὸν θερμόν, καὶ ἐκ σπεδαίς γε φαῦλον καὶ ἐκ ψεῦδος· τὸ γὰρ ὄψιν ἔχειν Σωκράτην τῷ τυφλὸν εἶναι Σω ⏎ φαύλο σποδαῖον δυνατὸν γενέσθαι. ὁ γὰρ φαῦλος εἰς βελ- κράτην ἀντίκειται ὡς σέρησις καὶ ἕξις, καὶ ὄντος τε ἐκ ⏎ τίας διατριβὰς ἀγόμενος καὶ λόγος κἂν μικρόν γέ τι ἐπι- ἀναγκαῖον θάτερον ἀληθὲς εἶναι ἢ ψεῦδος (ὅτε γὰρ μήπω"
tlg001,13,βελ,βελ,1,45,2466,False,"καὶ τὸ ψυχρὸν θερμόν, καὶ ἐκ σπεδαίς γε φαῦλον καὶ ἐκ ψεῦδος· τὸ γὰρ ὄψιν ἔχειν Σωκράτην τῷ τυφλὸν εἶναι Σω ⏎ φαύλο σποδαῖον δυνατὸν γενέσθαι. ὁ γὰρ φαῦλος εἰς βελ- κράτην ἀντίκειται ὡς σέρησις καὶ ἕξις, καὶ ὄντος τε ἐκ ⏎ τίας διατριβὰς ἀγόμενος καὶ λόγος κἂν μικρόν γέ τι ἐπι- ἀναγκαῖον θάτερον ἀληθὲς εἶναι ἢ ψεῦδος (ὅτε γὰρ μήπω"
tlg001,13,κράτην,κράτην,2,45,2471,False,"καὶ τὸ ψυχρὸν θερμόν, καὶ ἐκ σπεδαίς γε φαῦλον καὶ ἐκ ψεῦδος· τὸ γὰρ ὄψιν ἔχειν Σωκράτην τῷ τυφλὸν εἶναι Σω ⏎ φαύλο σποδαῖον δυνατὸν γενέσθαι. ὁ γὰρ φαῦλος εἰς βελ- κράτην ἀντίκειται ὡς σέρησις καὶ ἕξις, καὶ ὄντος τε ἐκ ⏎ τίας διατριβὰς ἀγόμενος καὶ λόγος κἂν μικρόν γέ τι ἐπι- ἀναγκαῖον θάτερον ἀληθὲς εἶναι ἢ ψεῦδος (ὅτε γὰρ μήπω"
tlg001,13,σέρησις,σέρησις,1,45,2492,False,"καὶ τὸ ψυχρὸν θερμόν, καὶ ἐκ σπεδαίς γε φαῦλον καὶ ἐκ ψεῦδος· τὸ γὰρ ὄψιν ἔχειν Σωκράτην τῷ τυφλὸν εἶναι Σω ⏎ φαύλο σποδαῖον δυνατὸν γενέσθαι. ὁ γὰρ φαῦλος εἰς βελ- κράτην ἀντίκειται ὡς σέρησις καὶ ἕξις, καὶ ὄντος τε ἐκ ⏎ τίας διατριβὰς ἀγόμενος καὶ λόγος κἂν μικρόν γέ τι ἐπι- ἀναγκαῖον θάτερον ἀληθὲς εἶναι ἢ ψεῦδος (ὅτε γὰρ μήπω"
tlg001,13,τίας,τίας,1,46,2526,False,"φαύλο σποδαῖον δυνατὸν γενέσθαι. ὁ γὰρ φαῦλος εἰς βελ- κράτην ἀντίκειται ὡς σέρησις καὶ ἕξις, καὶ ὄντος τε ἐκ ⏎ τίας διατριβὰς ἀγόμενος καὶ λόγος κἂν μικρόν γέ τι ἐπι- ἀναγκαῖον θάτερον ἀληθὲς εἶναι ἢ ψεῦδος (ὅτε γὰρ μήπω ⏎ δοίη εἰς τὸ βελτίων εἶναι. ἐὰν δὲ ἅπαξ κἂν μικρὰν ἐπίδοσιν 25 πέφυκεν ἔχειν, ἀμφότερα ψευδῆ), μὴ ἔντος τε ὅλως το"
tlg001,13,βελτίων,βελτίων,1,47,2648,False,"τίας διατριβὰς ἀγόμενος καὶ λόγος κἂν μικρόν γέ τι ἐπι- ἀναγκαῖον θάτερον ἀληθὲς εἶναι ἢ ψεῦδος (ὅτε γὰρ μήπω ⏎ δοίη εἰς τὸ βελτίων εἶναι. ἐὰν δὲ ἅπαξ κἂν μικρὰν ἐπίδοσιν 25 πέφυκεν ἔχειν, ἀμφότερα ψευδῆ), μὴ ἔντος τε ὅλως το ⏎ λάβῃ, φανερὸν ὅτι ἢ τελέως ἂν μεταβάλοι ἢ πάνυ πολλὴν Σωκράτες, καὶ ὅτω ψευδῆ ἀμφότερα, καὶ τὸ ὄψιν ἔχειν"
tlg001,13,ἔντος,ἔντος,1,47,2733,False,"τίας διατριβὰς ἀγόμενος καὶ λόγος κἂν μικρόν γέ τι ἐπι- ἀναγκαῖον θάτερον ἀληθὲς εἶναι ἢ ψεῦδος (ὅτε γὰρ μήπω ⏎ δοίη εἰς τὸ βελτίων εἶναι. ἐὰν δὲ ἅπαξ κἂν μικρὰν ἐπίδοσιν 25 πέφυκεν ἔχειν, ἀμφότερα ψευδῆ), μὴ ἔντος τε ὅλως το ⏎ λάβῃ, φανερὸν ὅτι ἢ τελέως ἂν μεταβάλοι ἢ πάνυ πολλὴν Σωκράτες, καὶ ὅτω ψευδῆ ἀμφότερα, καὶ τὸ ὄψιν ἔχειν"
tlg001,13,το,το,4,47,2747,False,"τίας διατριβὰς ἀγόμενος καὶ λόγος κἂν μικρόν γέ τι ἐπι- ἀναγκαῖον θάτερον ἀληθὲς εἶναι ἢ ψεῦδος (ὅτε γὰρ μήπω ⏎ δοίη εἰς τὸ βελτίων εἶναι. ἐὰν δὲ ἅπαξ κἂν μικρὰν ἐπίδοσιν 25 πέφυκεν ἔχειν, ἀμφότερα ψευδῆ), μὴ ἔντος τε ὅλως το ⏎ λάβῃ, φανερὸν ὅτι ἢ τελέως ἂν μεταβάλοι ἢ πάνυ πολλὴν Σωκράτες, καὶ ὅτω ψευδῆ ἀμφότερα, καὶ τὸ ὄψιν ἔχειν"
tlg001,13,ὅτω,ὅτω,1,48,2818,False,"δοίη εἰς τὸ βελτίων εἶναι. ἐὰν δὲ ἅπαξ κἂν μικρὰν ἐπίδοσιν 25 πέφυκεν ἔχειν, ἀμφότερα ψευδῆ), μὴ ἔντος τε ὅλως το ⏎ λάβῃ, φανερὸν ὅτι ἢ τελέως ἂν μεταβάλοι ἢ πάνυ πολλὴν Σωκράτες, καὶ ὅτω ψευδῆ ἀμφότερα, καὶ τὸ ὄψιν ἔχειν ⏎ ἐπίδοσιν λάβοι· ἀεὶ γὰρ εὐκινητότερος πρὸς ἀρετὴν γίνεται, καὶ τὸ τυφλὸν αὐτὸν εἶναι. ἐπὶ δέ γε τῆς καταφάσεως"
tlg001,13,ᾗ,ᾗ,1,50,3053,False,"ἐπίδοσιν λάβοι· ἀεὶ γὰρ εὐκινητότερος πρὸς ἀρετὴν γίνεται, καὶ τὸ τυφλὸν αὐτὸν εἶναι. ἐπὶ δέ γε τῆς καταφάσεως ⏎ κἂν ἡντινοῦν ἐπίδοσιν εἰληφὼς ἐξ ἀρχῆς ᾖ, ὥςε καὶ πλείω καὶ τῆς ἀποφάσεως ἀεί, ἐάν τε ᾗ ἐάν τε μὴ ᾖ, τὸ ἕτερον ⏎ εἰκὸς ἐπίδοσιν αὐτὸν λαμβάνειν. καὶ τᾶτο ἀεὶ γινόμενον τε ἔςαι ψεῦδος καὶ τὸ ἕτερον ἀληθές. τὸ γὰρ νοσεῖν Σωκρά"
tlg001,13,τᾶτο,τᾶτο,1,51,3114,False,"κἂν ἡντινοῦν ἐπίδοσιν εἰληφὼς ἐξ ἀρχῆς ᾖ, ὥςε καὶ πλείω καὶ τῆς ἀποφάσεως ἀεί, ἐάν τε ᾗ ἐάν τε μὴ ᾖ, τὸ ἕτερον ⏎ εἰκὸς ἐπίδοσιν αὐτὸν λαμβάνειν. καὶ τᾶτο ἀεὶ γινόμενον τε ἔςαι ψεῦδος καὶ τὸ ἕτερον ἀληθές. τὸ γὰρ νοσεῖν Σωκρά ⏎ λείως εἰς τὴν ἐναντίαν ἕξιν ἀποκαθίζησιν, ἐάν περ μὴ χρόνῳ 30 την καὶ τὸ μὴ νοσεῖν Σωκράτην, ὄντος τε αὐτῇ φανερὸν ὅτι"
tlg001,13,σωκρά,σωκρά,1,51,3184,False,"κἂν ἡντινοῦν ἐπίδοσιν εἰληφὼς ἐξ ἀρχῆς ᾖ, ὥςε καὶ πλείω καὶ τῆς ἀποφάσεως ἀεί, ἐάν τε ᾗ ἐάν τε μὴ ᾖ, τὸ ἕτερον ⏎ εἰκὸς ἐπίδοσιν αὐτὸν λαμβάνειν. καὶ τᾶτο ἀεὶ γινόμενον τε ἔςαι ψεῦδος καὶ τὸ ἕτερον ἀληθές. τὸ γὰρ νοσεῖν Σωκρά ⏎ λείως εἰς τὴν ἐναντίαν ἕξιν ἀποκαθίζησιν, ἐάν περ μὴ χρόνῳ 30 την καὶ τὸ μὴ νοσεῖν Σωκράτην, ὄντος τε αὐτῇ φανερὸν ὅτι"
tlg001,13,λείως,λείως,1,52,3190,False,"εἰκὸς ἐπίδοσιν αὐτὸν λαμβάνειν. καὶ τᾶτο ἀεὶ γινόμενον τε ἔςαι ψεῦδος καὶ τὸ ἕτερον ἀληθές. τὸ γὰρ νοσεῖν Σωκρά ⏎ λείως εἰς τὴν ἐναντίαν ἕξιν ἀποκαθίζησιν, ἐάν περ μὴ χρόνῳ 30 την καὶ τὸ μὴ νοσεῖν Σωκράτην, ὄντος τε αὐτῇ φανερὸν ὅτι ⏎ ἐξείργηται. ἐπὶ δέ γε τῆς ἕξεως καὶ τῆς ςερήσεως ἀδύνα- τὸ ἕτερον αὐτῶν ἀληθὲς ἢ ψεῦδος, καὶ μὴ ὄντος ὁμοίως"
tlg001,13,ἀποκαθίζησιν,ἀποκαθίζησιν,1,52,3218,False,"εἰκὸς ἐπίδοσιν αὐτὸν λαμβάνειν. καὶ τᾶτο ἀεὶ γινόμενον τε ἔςαι ψεῦδος καὶ τὸ ἕτερον ἀληθές. τὸ γὰρ νοσεῖν Σωκρά ⏎ λείως εἰς τὴν ἐναντίαν ἕξιν ἀποκαθίζησιν, ἐάν περ μὴ χρόνῳ 30 την καὶ τὸ μὴ νοσεῖν Σωκράτην, ὄντος τε αὐτῇ φανερὸν ὅτι ⏎ ἐξείργηται. ἐπὶ δέ γε τῆς ἕξεως καὶ τῆς ςερήσεως ἀδύνα- τὸ ἕτερον αὐτῶν ἀληθὲς ἢ ψεῦδος, καὶ μὴ ὄντος ὁμοίως"
tlg001,13,την,την,1,52,3252,False,"εἰκὸς ἐπίδοσιν αὐτὸν λαμβάνειν. καὶ τᾶτο ἀεὶ γινόμενον τε ἔςαι ψεῦδος καὶ τὸ ἕτερον ἀληθές. τὸ γὰρ νοσεῖν Σωκρά ⏎ λείως εἰς τὴν ἐναντίαν ἕξιν ἀποκαθίζησιν, ἐάν περ μὴ χρόνῳ 30 την καὶ τὸ μὴ νοσεῖν Σωκράτην, ὄντος τε αὐτῇ φανερὸν ὅτι ⏎ ἐξείργηται. ἐπὶ δέ γε τῆς ἕξεως καὶ τῆς ςερήσεως ἀδύνα- τὸ ἕτερον αὐτῶν ἀληθὲς ἢ ψεῦδος, καὶ μὴ ὄντος ὁμοίως"
tlg001,13,αὐτῇ,αὐτῇ,2,52,3292,False,"εἰκὸς ἐπίδοσιν αὐτὸν λαμβάνειν. καὶ τᾶτο ἀεὶ γινόμενον τε ἔςαι ψεῦδος καὶ τὸ ἕτερον ἀληθές. τὸ γὰρ νοσεῖν Σωκρά ⏎ λείως εἰς τὴν ἐναντίαν ἕξιν ἀποκαθίζησιν, ἐάν περ μὴ χρόνῳ 30 την καὶ τὸ μὴ νοσεῖν Σωκράτην, ὄντος τε αὐτῇ φανερὸν ὅτι ⏎ ἐξείργηται. ἐπὶ δέ γε τῆς ἕξεως καὶ τῆς ςερήσεως ἀδύνα- τὸ ἕτερον αὐτῶν ἀληθὲς ἢ ψεῦδος, καὶ μὴ ὄντος ὁμοίως"
tlg001,13,ἀλη,ἀλη,1,54,3520,False,"ἐξείργηται. ἐπὶ δέ γε τῆς ἕξεως καὶ τῆς ςερήσεως ἀδύνα- τὸ ἕτερον αὐτῶν ἀληθὲς ἢ ψεῦδος, καὶ μὴ ὄντος ὁμοίως ⏎ τον εἰς ἄλληλα μεταβολὴν γενέσθαι. ἀπὸ μὲν γὰρ τῆς τὸ μὲν γὰρ νοσεῖν μὴ ὄντος ψεῦδος, τὸ δὲ μὴ νοσεῖν ἀλη ⏎ ἕξεως ἐπὶ τὴν σέρησιν γίνεται μεταβολή, ἀπὸ δὲ τῆς ςε- θές. ὥστε ἐπὶ μόνων τέτων ἴδιον ἂν εἴη τὸ ἀεὶ θάτερον αὐτ"
tlg001,13,σέρησιν,σέρησιν,1,55,3538,False,"τον εἰς ἄλληλα μεταβολὴν γενέσθαι. ἀπὸ μὲν γὰρ τῆς τὸ μὲν γὰρ νοσεῖν μὴ ὄντος ψεῦδος, τὸ δὲ μὴ νοσεῖν ἀλη ⏎ ἕξεως ἐπὶ τὴν σέρησιν γίνεται μεταβολή, ἀπὸ δὲ τῆς ςε- θές. ὥστε ἐπὶ μόνων τέτων ἴδιον ἂν εἴη τὸ ἀεὶ θάτερον αὐτ ⏎ ρήσεως ἐπὶ τὴν ἕξιν ἀδύνατον. ἔτε γὰρ τυφλὸς γενόμενος τῶν ἀληθὲς ἢ ψεῦδος εἶναι, ὅσα ὡς κατάφασις καὶ ἀπό-"
tlg001,13,θές,θές,1,55,3579,False,"τον εἰς ἄλληλα μεταβολὴν γενέσθαι. ἀπὸ μὲν γὰρ τῆς τὸ μὲν γὰρ νοσεῖν μὴ ὄντος ψεῦδος, τὸ δὲ μὴ νοσεῖν ἀλη ⏎ ἕξεως ἐπὶ τὴν σέρησιν γίνεται μεταβολή, ἀπὸ δὲ τῆς ςε- θές. ὥστε ἐπὶ μόνων τέτων ἴδιον ἂν εἴη τὸ ἀεὶ θάτερον αὐτ ⏎ ρήσεως ἐπὶ τὴν ἕξιν ἀδύνατον. ἔτε γὰρ τυφλὸς γενόμενος τῶν ἀληθὲς ἢ ψεῦδος εἶναι, ὅσα ὡς κατάφασις καὶ ἀπό-"
tlg001,13,αὐτ,αὐτ,1,55,3633,False,"τον εἰς ἄλληλα μεταβολὴν γενέσθαι. ἀπὸ μὲν γὰρ τῆς τὸ μὲν γὰρ νοσεῖν μὴ ὄντος ψεῦδος, τὸ δὲ μὴ νοσεῖν ἀλη ⏎ ἕξεως ἐπὶ τὴν σέρησιν γίνεται μεταβολή, ἀπὸ δὲ τῆς ςε- θές. ὥστε ἐπὶ μόνων τέτων ἴδιον ἂν εἴη τὸ ἀεὶ θάτερον αὐτ ⏎ ρήσεως ἐπὶ τὴν ἕξιν ἀδύνατον. ἔτε γὰρ τυφλὸς γενόμενος τῶν ἀληθὲς ἢ ψεῦδος εἶναι, ὅσα ὡς κατάφασις καὶ ἀπό-"
tlg001,13,ἔτε,ἔτε,11,56,3667,False,"ἕξεως ἐπὶ τὴν σέρησιν γίνεται μεταβολή, ἀπὸ δὲ τῆς ςε- θές. ὥστε ἐπὶ μόνων τέτων ἴδιον ἂν εἴη τὸ ἀεὶ θάτερον αὐτ ⏎ ρήσεως ἐπὶ τὴν ἕξιν ἀδύνατον. ἔτε γὰρ τυφλὸς γενόμενος τῶν ἀληθὲς ἢ ψεῦδος εἶναι, ὅσα ὡς κατάφασις καὶ ἀπό- ⏎ τις πάλιν ἀνέβλεψεν, ἔτε φαλακρὸς ὢν πάλιν κομήτης 35 φασις ἀντίκειται."
tlg001,13,ἔτε,ἔτε,12,57,3766,False,"ρήσεως ἐπὶ τὴν ἕξιν ἀδύνατον. ἔτε γὰρ τυφλὸς γενόμενος τῶν ἀληθὲς ἢ ψεῦδος εἶναι, ὅσα ὡς κατάφασις καὶ ἀπό- ⏎ τις πάλιν ἀνέβλεψεν, ἔτε φαλακρὸς ὢν πάλιν κομήτης 35 φασις ἀντίκειται. ⏎ ἐγένετο, ἔτε νωδὸς ὢν ἰδόντας ἔφυσεν:"
tlg001,13,ἔτε,ἔτε,13,58,3826,False,"τις πάλιν ἀνέβλεψεν, ἔτε φαλακρὸς ὢν πάλιν κομήτης 35 φασις ἀντίκειται. ⏎ ἐγένετο, ἔτε νωδὸς ὢν ἰδόντας ἔφυσεν: ⏎ Εναντίον δέ ἐςιν ἐξ ἀνάγκης ἀγαθῷ μὲν κακόν· τοτο 11"
tlg001,13,ἰδόντας,ἰδόντας,1,58,3839,False,"τις πάλιν ἀνέβλεψεν, ἔτε φαλακρὸς ὢν πάλιν κομήτης 35 φασις ἀντίκειται. ⏎ ἐγένετο, ἔτε νωδὸς ὢν ἰδόντας ἔφυσεν: ⏎ Εναντίον δέ ἐςιν ἐξ ἀνάγκης ἀγαθῷ μὲν κακόν· τοτο 11"
tlg001,13,εναντίον,εναντίον,1,59,3855,False,"ἐγένετο, ἔτε νωδὸς ὢν ἰδόντας ἔφυσεν: ⏎ Εναντίον δέ ἐςιν ἐξ ἀνάγκης ἀγαθῷ μὲν κακόν· τοτο 11 ⏎ Οσα δὲ ὡς κατάφασις καὶ ἀπόφασις ἀντίκειται, δὲ δῆλον τῇ καθ᾽ ἕκαςον ἐπαγωγῇ, οἷον ὑγιείᾳ νόσος καὶ"
tlg001,13,τοτο,τοτο,1,59,3900,False,"ἐγένετο, ἔτε νωδὸς ὢν ἰδόντας ἔφυσεν: ⏎ Εναντίον δέ ἐςιν ἐξ ἀνάγκης ἀγαθῷ μὲν κακόν· τοτο 11 ⏎ Οσα δὲ ὡς κατάφασις καὶ ἀπόφασις ἀντίκειται, δὲ δῆλον τῇ καθ᾽ ἕκαςον ἐπαγωγῇ, οἷον ὑγιείᾳ νόσος καὶ"
tlg001,13,οσα,οσα,1,60,3908,False,"Εναντίον δέ ἐςιν ἐξ ἀνάγκης ἀγαθῷ μὲν κακόν· τοτο 11 ⏎ Οσα δὲ ὡς κατάφασις καὶ ἀπόφασις ἀντίκειται, δὲ δῆλον τῇ καθ᾽ ἕκαςον ἐπαγωγῇ, οἷον ὑγιείᾳ νόσος καὶ ⏎ και"
tlg001,13,καθ᾽,καθ᾽,1,60,3965,False,"Εναντίον δέ ἐςιν ἐξ ἀνάγκης ἀγαθῷ μὲν κακόν· τοτο 11 ⏎ Οσα δὲ ὡς κατάφασις καὶ ἀπόφασις ἀντίκειται, δὲ δῆλον τῇ καθ᾽ ἕκαςον ἐπαγωγῇ, οἷον ὑγιείᾳ νόσος καὶ ⏎ και"
tlg001,13,και,και,1,61,4008,False,"Οσα δὲ ὡς κατάφασις καὶ ἀπόφασις ἀντίκειται, δὲ δῆλον τῇ καθ᾽ ἕκαςον ἐπαγωγῇ, οἷον ὑγιείᾳ νόσος καὶ ⏎ και ⏎ ων"
tlg001,13,ων,ων,1,62,4012,False,και ⏎ ων ⏎ αν
tlg001,13,αν,αν,1,63,4015,False,ων ⏎ αν ⏎ 4. ἔτε BC. || 8. ποτε om B et pr C. || 10. ἔχειν ὄψιν C. 1 ἔχον όψιν C. || 12. ἀναγκαίως corr C. | ὄψιν ἔχον C. 1 είναι] μη-
tlg001,13,ἔτε,ἔτε,14,64,4021,False,αν ⏎ 4. ἔτε BC. || 8. ποτε om B et pr C. || 10. ἔχειν ὄψιν C. 1 ἔχον όψιν C. || 12. ἀναγκαίως corr C. | ὄψιν ἔχον C. 1 είναι] μη- ⏎ θήσεται corr C. || 13. δὲ] δέ γέ Β. || τι om ΑΒ. || 18. ὄντος Β. || 20. ὑπάρχει corr in a B. || τὸ om BC | θερμὸν Β. || εἶναι]
tlg001,13,όψιν,όψιν,1,64,4082,False,αν ⏎ 4. ἔτε BC. || 8. ποτε om B et pr C. || 10. ἔχειν ὄψιν C. 1 ἔχον όψιν C. || 12. ἀναγκαίως corr C. | ὄψιν ἔχον C. 1 είναι] μη- ⏎ θήσεται corr C. || 13. δὲ] δέ γέ Β. || τι om ΑΒ. || 18. ὄντος Β. || 20. ὑπάρχει corr in a B. || τὸ om BC | θερμὸν Β. || εἶναι]
tlg001,13,ἀναγκαίως,ἀναγκαίως,1,64,4097,False,αν ⏎ 4. ἔτε BC. || 8. ποτε om B et pr C. || 10. ἔχειν ὄψιν C. 1 ἔχον όψιν C. || 12. ἀναγκαίως corr C. | ὄψιν ἔχον C. 1 είναι] μη- ⏎ θήσεται corr C. || 13. δὲ] δέ γέ Β. || τι om ΑΒ. || 18. ὄντος Β. || 20. ὑπάρχει corr in a B. || τὸ om BC | θερμὸν Β. || εἶναι]
tlg001,13,είναι,είναι,1,64,4132,False,αν ⏎ 4. ἔτε BC. || 8. ποτε om B et pr C. || 10. ἔχειν ὄψιν C. 1 ἔχον όψιν C. || 12. ἀναγκαίως corr C. | ὄψιν ἔχον C. 1 είναι] μη- ⏎ θήσεται corr C. || 13. δὲ] δέ γέ Β. || τι om ΑΒ. || 18. ὄντος Β. || 20. ὑπάρχει corr in a B. || τὸ om BC | θερμὸν Β. || εἶναι]
tlg001,13,μη,μη,1,64,4139,False,αν ⏎ 4. ἔτε BC. || 8. ποτε om B et pr C. || 10. ἔχειν ὄψιν C. 1 ἔχον όψιν C. || 12. ἀναγκαίως corr C. | ὄψιν ἔχον C. 1 είναι] μη- ⏎ θήσεται corr C. || 13. δὲ] δέ γέ Β. || τι om ΑΒ. || 18. ὄντος Β. || 20. ὑπάρχει corr in a B. || τὸ om BC | θερμὸν Β. || εἶναι]
tlg001,13,θήσεται,θήσεται,1,65,4143,False,4. ἔτε BC. || 8. ποτε om B et pr C. || 10. ἔχειν ὄψιν C. 1 ἔχον όψιν C. || 12. ἀναγκαίως corr C. | ὄψιν ἔχον C. 1 είναι] μη- ⏎ θήσεται corr C. || 13. δὲ] δέ γέ Β. || τι om ΑΒ. || 18. ὄντος Β. || 20. ὑπάρχει corr in a B. || τὸ om BC | θερμὸν Β. || εἶναι] ⏎ ὑπάρχειν C. || 24. τοι C. || 25. ἐὰν δὲ] αἴτε γὰρ rc 4. || 26. φανερόν ἐςιν ὅτι C. || 27. αἰεὶ Β. || 28. ἐξ ἀρχῆς εἰληφώς C. || 29. ἀεὶ
tlg001,13,β,β,1,65,4176,False,4. ἔτε BC. || 8. ποτε om B et pr C. || 10. ἔχειν ὄψιν C. 1 ἔχον όψιν C. || 12. ἀναγκαίως corr C. | ὄψιν ἔχον C. 1 είναι] μη- ⏎ θήσεται corr C. || 13. δὲ] δέ γέ Β. || τι om ΑΒ. || 18. ὄντος Β. || 20. ὑπάρχει corr in a B. || τὸ om BC | θερμὸν Β. || εἶναι] ⏎ ὑπάρχειν C. || 24. τοι C. || 25. ἐὰν δὲ] αἴτε γὰρ rc 4. || 26. φανερόν ἐςιν ὅτι C. || 27. αἰεὶ Β. || 28. ἐξ ἀρχῆς εἰληφώς C. || 29. ἀεὶ
tlg001,13,αβ,αβ,1,65,4188,False,4. ἔτε BC. || 8. ποτε om B et pr C. || 10. ἔχειν ὄψιν C. 1 ἔχον όψιν C. || 12. ἀναγκαίως corr C. | ὄψιν ἔχον C. 1 είναι] μη- ⏎ θήσεται corr C. || 13. δὲ] δέ γέ Β. || τι om ΑΒ. || 18. ὄντος Β. || 20. ὑπάρχει corr in a B. || τὸ om BC | θερμὸν Β. || εἶναι] ⏎ ὑπάρχειν C. || 24. τοι C. || 25. ἐὰν δὲ] αἴτε γὰρ rc 4. || 26. φανερόν ἐςιν ὅτι C. || 27. αἰεὶ Β. || 28. ἐξ ἀρχῆς εἰληφώς C. || 29. ἀεὶ
tlg001,13,β,β,2,65,4205,False,4. ἔτε BC. || 8. ποτε om B et pr C. || 10. ἔχειν ὄψιν C. 1 ἔχον όψιν C. || 12. ἀναγκαίως corr C. | ὄψιν ἔχον C. 1 είναι] μη- ⏎ θήσεται corr C. || 13. δὲ] δέ γέ Β. || τι om ΑΒ. || 18. ὄντος Β. || 20. ὑπάρχει corr in a B. || τὸ om BC | θερμὸν Β. || εἶναι] ⏎ ὑπάρχειν C. || 24. τοι C. || 25. ἐὰν δὲ] αἴτε γὰρ rc 4. || 26. φανερόν ἐςιν ὅτι C. || 27. αἰεὶ Β. || 28. ἐξ ἀρχῆς εἰληφώς C. || 29. ἀεὶ
tlg001,13,θερμὸν,θερμὸν,1,65,4250,False,4. ἔτε BC. || 8. ποτε om B et pr C. || 10. ἔχειν ὄψιν C. 1 ἔχον όψιν C. || 12. ἀναγκαίως corr C. | ὄψιν ἔχον C. 1 είναι] μη- ⏎ θήσεται corr C. || 13. δὲ] δέ γέ Β. || τι om ΑΒ. || 18. ὄντος Β. || 20. ὑπάρχει corr in a B. || τὸ om BC | θερμὸν Β. || εἶναι] ⏎ ὑπάρχειν C. || 24. τοι C. || 25. ἐὰν δὲ] αἴτε γὰρ rc 4. || 26. φανερόν ἐςιν ὅτι C. || 27. αἰεὶ Β. || 28. ἐξ ἀρχῆς εἰληφώς C. || 29. ἀεὶ
tlg001,13,β,β,3,65,4257,False,4. ἔτε BC. || 8. ποτε om B et pr C. || 10. ἔχειν ὄψιν C. 1 ἔχον όψιν C. || 12. ἀναγκαίως corr C. | ὄψιν ἔχον C. 1 είναι] μη- ⏎ θήσεται corr C. || 13. δὲ] δέ γέ Β. || τι om ΑΒ. || 18. ὄντος Β. || 20. ὑπάρχει corr in a B. || τὸ om BC | θερμὸν Β. || εἶναι] ⏎ ὑπάρχειν C. || 24. τοι C. || 25. ἐὰν δὲ] αἴτε γὰρ rc 4. || 26. φανερόν ἐςιν ὅτι C. || 27. αἰεὶ Β. || 28. ἐξ ἀρχῆς εἰληφώς C. || 29. ἀεὶ
tlg001,13,αἴτε,αἴτε,1,66,4311,False,θήσεται corr C. || 13. δὲ] δέ γέ Β. || τι om ΑΒ. || 18. ὄντος Β. || 20. ὑπάρχει corr in a B. || τὸ om BC | θερμὸν Β. || εἶναι] ⏎ ὑπάρχειν C. || 24. τοι C. || 25. ἐὰν δὲ] αἴτε γὰρ rc 4. || 26. φανερόν ἐςιν ὅτι C. || 27. αἰεὶ Β. || 28. ἐξ ἀρχῆς εἰληφώς C. || 29. ἀεὶ ⏎ om C. || 30. ἄν C. || 31. γε om Α. || 33. γίνεται ἐπὶ σέρησιν C. || 34. τις τυφλὸς γενόμενος C. I 35. ἀνέβλεψεν εἰ μήτι γε θείαι δυνά-
tlg001,13,β,β,4,66,4365,False,θήσεται corr C. || 13. δὲ] δέ γέ Β. || τι om ΑΒ. || 18. ὄντος Β. || 20. ὑπάρχει corr in a B. || τὸ om BC | θερμὸν Β. || εἶναι] ⏎ ὑπάρχειν C. || 24. τοι C. || 25. ἐὰν δὲ] αἴτε γὰρ rc 4. || 26. φανερόν ἐςιν ὅτι C. || 27. αἰεὶ Β. || 28. ἐξ ἀρχῆς εἰληφώς C. || 29. ἀεὶ ⏎ om C. || 30. ἄν C. || 31. γε om Α. || 33. γίνεται ἐπὶ σέρησιν C. || 34. τις τυφλὸς γενόμενος C. I 35. ἀνέβλεψεν εἰ μήτι γε θείαι δυνά-
tlg001,13,εἰληφώς,εἰληφώς,1,66,4384,False,θήσεται corr C. || 13. δὲ] δέ γέ Β. || τι om ΑΒ. || 18. ὄντος Β. || 20. ὑπάρχει corr in a B. || τὸ om BC | θερμὸν Β. || εἶναι] ⏎ ὑπάρχειν C. || 24. τοι C. || 25. ἐὰν δὲ] αἴτε γὰρ rc 4. || 26. φανερόν ἐςιν ὅτι C. || 27. αἰεὶ Β. || 28. ἐξ ἀρχῆς εἰληφώς C. || 29. ἀεὶ ⏎ om C. || 30. ἄν C. || 31. γε om Α. || 33. γίνεται ἐπὶ σέρησιν C. || 34. τις τυφλὸς γενόμενος C. I 35. ἀνέβλεψεν εἰ μήτι γε θείαι δυνά-
tlg001,13,ἄν,ἄν,1,67,4419,False,"ὑπάρχειν C. || 24. τοι C. || 25. ἐὰν δὲ] αἴτε γὰρ rc 4. || 26. φανερόν ἐςιν ὅτι C. || 27. αἰεὶ Β. || 28. ἐξ ἀρχῆς εἰληφώς C. || 29. ἀεὶ ⏎ om C. || 30. ἄν C. || 31. γε om Α. || 33. γίνεται ἐπὶ σέρησιν C. || 34. τις τυφλὸς γενόμενος C. I 35. ἀνέβλεψεν εἰ μήτι γε θείαι δυνά- ⏎ μει 4, ἀνέβλεψεν εἰ μή τινι θείᾳ δυνάμει C, qui rc supra ἐξηγητό."
tlg001,13,α,α,1,67,4438,False,"ὑπάρχειν C. || 24. τοι C. || 25. ἐὰν δὲ] αἴτε γὰρ rc 4. || 26. φανερόν ἐςιν ὅτι C. || 27. αἰεὶ Β. || 28. ἐξ ἀρχῆς εἰληφώς C. || 29. ἀεὶ ⏎ om C. || 30. ἄν C. || 31. γε om Α. || 33. γίνεται ἐπὶ σέρησιν C. || 34. τις τυφλὸς γενόμενος C. I 35. ἀνέβλεψεν εἰ μήτι γε θείαι δυνά- ⏎ μει 4, ἀνέβλεψεν εἰ μή τινι θείᾳ δυνάμει C, qui rc supra ἐξηγητό."
tlg001,13,σέρησιν,σέρησιν,2,67,4460,False,"ὑπάρχειν C. || 24. τοι C. || 25. ἐὰν δὲ] αἴτε γὰρ rc 4. || 26. φανερόν ἐςιν ὅτι C. || 27. αἰεὶ Β. || 28. ἐξ ἀρχῆς εἰληφώς C. || 29. ἀεὶ ⏎ om C. || 30. ἄν C. || 31. γε om Α. || 33. γίνεται ἐπὶ σέρησιν C. || 34. τις τυφλὸς γενόμενος C. I 35. ἀνέβλεψεν εἰ μήτι γε θείαι δυνά- ⏎ μει 4, ἀνέβλεψεν εἰ μή τινι θείᾳ δυνάμει C, qui rc supra ἐξηγητό."
tlg001,13,θείαι,θείαι,1,67,4529,False,"ὑπάρχειν C. || 24. τοι C. || 25. ἐὰν δὲ] αἴτε γὰρ rc 4. || 26. φανερόν ἐςιν ὅτι C. || 27. αἰεὶ Β. || 28. ἐξ ἀρχῆς εἰληφώς C. || 29. ἀεὶ ⏎ om C. || 30. ἄν C. || 31. γε om Α. || 33. γίνεται ἐπὶ σέρησιν C. || 34. τις τυφλὸς γενόμενος C. I 35. ἀνέβλεψεν εἰ μήτι γε θείαι δυνά- ⏎ μει 4, ἀνέβλεψεν εἰ μή τινι θείᾳ δυνάμει C, qui rc supra ἐξηγητό."
tlg001,13,ἐξηγητό,ἐξηγητό,1,68,4598,False,"om C. || 30. ἄν C. || 31. γε om Α. || 33. γίνεται ἐπὶ σέρησιν C. || 34. τις τυφλὸς γενόμενος C. I 35. ἀνέβλεψεν εἰ μήτι γε θείαι δυνά- ⏎ μει 4, ἀνέβλεψεν εἰ μή τινι θείᾳ δυνάμει C, qui rc supra ἐξηγητό. ⏎ 1. τρόπον 4. 1 2. μόνων γὰρ G. || 4. θάτερον μὲν ἀληθὲς G. || 5. alterum της om C. 6. prius τε om C. 9. ἡ τυφλότης καὶ ἔψις"
tlg001,13,της,της,1,69,4680,False,"μει 4, ἀνέβλεψεν εἰ μή τινι θείᾳ δυνάμει C, qui rc supra ἐξηγητό. ⏎ 1. τρόπον 4. 1 2. μόνων γὰρ G. || 4. θάτερον μὲν ἀληθὲς G. || 5. alterum της om C. 6. prius τε om C. 9. ἡ τυφλότης καὶ ἔψις ⏎ C. || 13. τοιῖτον G. || 14. σωκράτη Β et hic et postea. || 16. εἶναι post ἀληθὲς C. || 20. τε] μὲν Β. || 21. τε] δὲ ΑΒ. || θάτερον post"
tlg001,13,ἔψις,ἔψις,1,69,4726,False,"μει 4, ἀνέβλεψεν εἰ μή τινι θείᾳ δυνάμει C, qui rc supra ἐξηγητό. ⏎ 1. τρόπον 4. 1 2. μόνων γὰρ G. || 4. θάτερον μὲν ἀληθὲς G. || 5. alterum της om C. 6. prius τε om C. 9. ἡ τυφλότης καὶ ἔψις ⏎ C. || 13. τοιῖτον G. || 14. σωκράτη Β et hic et postea. || 16. εἶναι post ἀληθὲς C. || 20. τε] μὲν Β. || 21. τε] δὲ ΑΒ. || θάτερον post"
tlg001,13,τοιῖτον,τοιῖτον,1,70,4741,False,"1. τρόπον 4. 1 2. μόνων γὰρ G. || 4. θάτερον μὲν ἀληθὲς G. || 5. alterum της om C. 6. prius τε om C. 9. ἡ τυφλότης καὶ ἔψις ⏎ C. || 13. τοιῖτον G. || 14. σωκράτη Β et hic et postea. || 16. εἶναι post ἀληθὲς C. || 20. τε] μὲν Β. || 21. τε] δὲ ΑΒ. || θάτερον post ⏎ ἀεὶ om Β. θάτερον δὲ ψεῦδος om. 4. || 23. τε] codices γε. 26. ὄψιν αὐτὸν ἔχειν C. | 30. Σωκράτην om C. || 31. ἢ Β, τὸ δὲ ἔτε"
tlg001,13,β,β,5,70,4767,False,"1. τρόπον 4. 1 2. μόνων γὰρ G. || 4. θάτερον μὲν ἀληθὲς G. || 5. alterum της om C. 6. prius τε om C. 9. ἡ τυφλότης καὶ ἔψις ⏎ C. || 13. τοιῖτον G. || 14. σωκράτη Β et hic et postea. || 16. εἶναι post ἀληθὲς C. || 20. τε] μὲν Β. || 21. τε] δὲ ΑΒ. || θάτερον post ⏎ ἀεὶ om Β. θάτερον δὲ ψεῦδος om. 4. || 23. τε] codices γε. 26. ὄψιν αὐτὸν ἔχειν C. | 30. Σωκράτην om C. || 31. ἢ Β, τὸ δὲ ἔτε"
tlg001,13,β,β,6,70,4830,False,"1. τρόπον 4. 1 2. μόνων γὰρ G. || 4. θάτερον μὲν ἀληθὲς G. || 5. alterum της om C. 6. prius τε om C. 9. ἡ τυφλότης καὶ ἔψις ⏎ C. || 13. τοιῖτον G. || 14. σωκράτη Β et hic et postea. || 16. εἶναι post ἀληθὲς C. || 20. τε] μὲν Β. || 21. τε] δὲ ΑΒ. || θάτερον post ⏎ ἀεὶ om Β. θάτερον δὲ ψεῦδος om. 4. || 23. τε] codices γε. 26. ὄψιν αὐτὸν ἔχειν C. | 30. Σωκράτην om C. || 31. ἢ Β, τὸ δὲ ἔτε"
tlg001,13,αβ,αβ,2,70,4847,False,"1. τρόπον 4. 1 2. μόνων γὰρ G. || 4. θάτερον μὲν ἀληθὲς G. || 5. alterum της om C. 6. prius τε om C. 9. ἡ τυφλότης καὶ ἔψις ⏎ C. || 13. τοιῖτον G. || 14. σωκράτη Β et hic et postea. || 16. εἶναι post ἀληθὲς C. || 20. τε] μὲν Β. || 21. τε] δὲ ΑΒ. || θάτερον post ⏎ ἀεὶ om Β. θάτερον δὲ ψεῦδος om. 4. || 23. τε] codices γε. 26. ὄψιν αὐτὸν ἔχειν C. | 30. Σωκράτην om C. || 31. ἢ Β, τὸ δὲ ἔτε"
tlg001,13,β,β,7,71,4874,False,"C. || 13. τοιῖτον G. || 14. σωκράτη Β et hic et postea. || 16. εἶναι post ἀληθὲς C. || 20. τε] μὲν Β. || 21. τε] δὲ ΑΒ. || θάτερον post ⏎ ἀεὶ om Β. θάτερον δὲ ψεῦδος om. 4. || 23. τε] codices γε. 26. ὄψιν αὐτὸν ἔχειν C. | 30. Σωκράτην om C. || 31. ἢ Β, τὸ δὲ ἔτε ⏎ ρον C, om. 4. || 37. νόσος καὶ τῆ δικαιοσύνη ἀδικία και G"
tlg001,13,β,β,8,71,4979,False,"C. || 13. τοιῖτον G. || 14. σωκράτη Β et hic et postea. || 16. εἶναι post ἀληθὲς C. || 20. τε] μὲν Β. || 21. τε] δὲ ΑΒ. || θάτερον post ⏎ ἀεὶ om Β. θάτερον δὲ ψεῦδος om. 4. || 23. τε] codices γε. 26. ὄψιν αὐτὸν ἔχειν C. | 30. Σωκράτην om C. || 31. ἢ Β, τὸ δὲ ἔτε ⏎ ρον C, om. 4. || 37. νόσος καὶ τῆ δικαιοσύνη ἀδικία και G"
tlg001,13,ἔτε,ἔτε,15,71,4988,False,"C. || 13. τοιῖτον G. || 14. σωκράτη Β et hic et postea. || 16. εἶναι post ἀληθὲς C. || 20. τε] μὲν Β. || 21. τε] δὲ ΑΒ. || θάτερον post ⏎ ἀεὶ om Β. θάτερον δὲ ψεῦδος om. 4. || 23. τε] codices γε. 26. ὄψιν αὐτὸν ἔχειν C. | 30. Σωκράτην om C. || 31. ἢ Β, τὸ δὲ ἔτε ⏎ ρον C, om. 4. || 37. νόσος καὶ τῆ δικαιοσύνη ἀδικία και G"
tlg001,13,ρον,ρον,1,72,4992,False,"ἀεὶ om Β. θάτερον δὲ ψεῦδος om. 4. || 23. τε] codices γε. 26. ὄψιν αὐτὸν ἔχειν C. | 30. Σωκράτην om C. || 31. ἢ Β, τὸ δὲ ἔτε ⏎ ρον C, om. 4. || 37. νόσος καὶ τῆ δικαιοσύνη ἀδικία και G"
tlg001,13,τῆ,τῆ,1,72,5023,False,"ἀεὶ om Β. θάτερον δὲ ψεῦδος om. 4. || 23. τε] codices γε. 26. ὄψιν αὐτὸν ἔχειν C. | 30. Σωκράτην om C. || 31. ἢ Β, τὸ δὲ ἔτε ⏎ ρον C, om. 4. || 37. νόσος καὶ τῆ δικαιοσύνη ἀδικία και G"
tlg001,13,δικαιοσύνη,δικαιοσύνη,1,72,5026,False,"ἀεὶ om Β. θάτερον δὲ ψεῦδος om. 4. || 23. τε] codices γε. 26. ὄψιν αὐτὸν ἔχειν C. | 30. Σωκράτην om C. || 31. ἢ Β, τὸ δὲ ἔτε ⏎ ρον C, om. 4. || 37. νόσος καὶ τῆ δικαιοσύνη ἀδικία και G"
tlg001,13,και,και,2,72,5044,False,"ἀεὶ om Β. θάτερον δὲ ψεῦδος om. 4. || 23. τε] codices γε. 26. ὄψιν αὐτὸν ἔχειν C. | 30. Σωκράτην om C. || 31. ἢ Β, τὸ δὲ ἔτε ⏎ ρον C, om. 4. || 37. νόσος καὶ τῆ δικαιοσύνη ἀδικία και G"
tlg001,14,κατηγοριαι,κατηγοριαι,1,2,3,False,14 ⏎ ΚΑΤΗΓΟΡΙΑΙ ⏎ 12
tlg001,14,ἀνδρείᾳ,ἀνδρείᾳ,1,4,17,False,"12 ⏎ ἀνδρείᾳ, δειλία, ὁμοίως δὲ καὶ ἐπὶ τῶν ἄλλων. κακῷ δὲ ⏎ ὁτὲ μὲν ἀγαθὸν ἐναντίον, ὁτὲ δὲ κακόν· τῇ γὰρ ἐνδείᾳ κακῷ"
tlg001,14,ἔν,ἔν,1,6,160,False,"ὁτὲ μὲν ἀγαθὸν ἐναντίον, ὁτὲ δὲ κακόν· τῇ γὰρ ἐνδείᾳ κακῷ ⏎ ὄντι ἡ ὑπερβολὴ ἐναντίον κακὸν ἔν· ὁμοίως δὲ καὶ ἡ με ⏎ σέτης ἐναντία ἑκατέρῳ, οὖσα ἀγαθόν. ἐπ' ὀλίγων δ᾽ ἂν"
tlg001,14,με,με,1,6,180,False,"ὁτὲ μὲν ἀγαθὸν ἐναντίον, ὁτὲ δὲ κακόν· τῇ γὰρ ἐνδείᾳ κακῷ ⏎ ὄντι ἡ ὑπερβολὴ ἐναντίον κακὸν ἔν· ὁμοίως δὲ καὶ ἡ με ⏎ σέτης ἐναντία ἑκατέρῳ, οὖσα ἀγαθόν. ἐπ' ὀλίγων δ᾽ ἂν"
tlg001,14,σέτης,σέτης,1,7,183,False,"ὄντι ἡ ὑπερβολὴ ἐναντίον κακὸν ἔν· ὁμοίως δὲ καὶ ἡ με ⏎ σέτης ἐναντία ἑκατέρῳ, οὖσα ἀγαθόν. ἐπ' ὀλίγων δ᾽ ἂν ⏎ τὰ τοῖστον ἴδοι τις, ἐπὶ δὲ τῶν πλείςων ἀεὶ τῷ κακῷ τὸ 5"
tlg001,14,δ᾽,δ᾽,1,7,230,False,"ὄντι ἡ ὑπερβολὴ ἐναντίον κακὸν ἔν· ὁμοίως δὲ καὶ ἡ με ⏎ σέτης ἐναντία ἑκατέρῳ, οὖσα ἀγαθόν. ἐπ' ὀλίγων δ᾽ ἂν ⏎ τὰ τοῖστον ἴδοι τις, ἐπὶ δὲ τῶν πλείςων ἀεὶ τῷ κακῷ τὸ 5"
tlg001,14,τοῖστον,τοῖστον,1,8,239,False,"σέτης ἐναντία ἑκατέρῳ, οὖσα ἀγαθόν. ἐπ' ὀλίγων δ᾽ ἂν ⏎ τὰ τοῖστον ἴδοι τις, ἐπὶ δὲ τῶν πλείςων ἀεὶ τῷ κακῷ τὸ 5 ⏎ ἀγαθὸν ἐναντίον ἐςίν."
tlg001,14,πλείστων,πλείςων,1,8,268,False,"σέτης ἐναντία ἑκατέρῳ, οὖσα ἀγαθόν. ἐπ' ὀλίγων δ᾽ ἂν ⏎ τὰ τοῖστον ἴδοι τις, ἐπὶ δὲ τῶν πλείςων ἀεὶ τῷ κακῷ τὸ 5 ⏎ ἀγαθὸν ἐναντίον ἐςίν."
tlg001,14,α,α,1,10,315,False,"ἀγαθὸν ἐναντίον ἐςίν. ⏎ Α ⏎ των τῇ τάξει, καὶ ἐπὶ τῆς γραμματικῆς τὰ ςοιχεῖα πρό"
tlg001,14,πρό,πρό,1,11,366,False,"Α ⏎ των τῇ τάξει, καὶ ἐπὶ τῆς γραμματικῆς τὰ ςοιχεῖα πρό ⏎ τερα τῶν συλλαβῶν), ἐπί τε τῶν λόγων ὁμοίως· τὸ γὰρ"
tlg001,14,τερα,τερα,1,12,370,False,"των τῇ τάξει, καὶ ἐπὶ τῆς γραμματικῆς τὰ ςοιχεῖα πρό ⏎ τερα τῶν συλλαβῶν), ἐπί τε τῶν λόγων ὁμοίως· τὸ γὰρ ⏎ προοίμιον τῆς διηγήσεως πρότερον τῇ τάξει ἐςίν."
tlg001,14,ειώθασι,ειώθασι,1,15,551,False,Ἔτι παρὰ τὰ εἰρημένα τὸ βέλτιον καὶ τὸ τιμιώτερον ⏎ πρότερον εἶναι τῇ φύσει δοκεῖ. ειώθασι δὲ καὶ οἱ πολλοὶ ⏎ τὰς ἐντιμοτέρας καὶ μᾶλλον ἀγαπωμένος ὑπ᾽ αὐτῶν προς
tlg001,14,ἐντιμοτέρας,ἐντιμοτέρας,1,16,580,False,πρότερον εἶναι τῇ φύσει δοκεῖ. ειώθασι δὲ καὶ οἱ πολλοὶ ⏎ τὰς ἐντιμοτέρας καὶ μᾶλλον ἀγαπωμένος ὑπ᾽ αὐτῶν προς ⏎ τέρες φάσκειν παρ᾽ αὑτοῖς εἶναι. ἔςι μὲν δὴ καὶ σχεδὸν
tlg001,14,ὑπ᾽,ὑπ᾽,1,16,614,False,πρότερον εἶναι τῇ φύσει δοκεῖ. ειώθασι δὲ καὶ οἱ πολλοὶ ⏎ τὰς ἐντιμοτέρας καὶ μᾶλλον ἀγαπωμένος ὑπ᾽ αὐτῶν προς ⏎ τέρες φάσκειν παρ᾽ αὑτοῖς εἶναι. ἔςι μὲν δὴ καὶ σχεδὸν
tlg001,14,προς,προς,1,16,624,False,πρότερον εἶναι τῇ φύσει δοκεῖ. ειώθασι δὲ καὶ οἱ πολλοὶ ⏎ τὰς ἐντιμοτέρας καὶ μᾶλλον ἀγαπωμένος ὑπ᾽ αὐτῶν προς ⏎ τέρες φάσκειν παρ᾽ αὑτοῖς εἶναι. ἔςι μὲν δὴ καὶ σχεδὸν
tlg001,14,τέρες,τέρες,1,17,629,False,τὰς ἐντιμοτέρας καὶ μᾶλλον ἀγαπωμένος ὑπ᾽ αὐτῶν προς ⏎ τέρες φάσκειν παρ᾽ αὑτοῖς εἶναι. ἔςι μὲν δὴ καὶ σχεδὸν ⏎ ἀλλοτριώτατος τῶν τρόπων ὗτος.
tlg001,14,παρ᾽,παρ᾽,1,17,643,False,τὰς ἐντιμοτέρας καὶ μᾶλλον ἀγαπωμένος ὑπ᾽ αὐτῶν προς ⏎ τέρες φάσκειν παρ᾽ αὑτοῖς εἶναι. ἔςι μὲν δὴ καὶ σχεδὸν ⏎ ἀλλοτριώτατος τῶν τρόπων ὗτος.
tlg001,14,αὑτοῖς,αὑτοῖς,1,17,648,False,τὰς ἐντιμοτέρας καὶ μᾶλλον ἀγαπωμένος ὑπ᾽ αὐτῶν προς ⏎ τέρες φάσκειν παρ᾽ αὑτοῖς εἶναι. ἔςι μὲν δὴ καὶ σχεδὸν ⏎ ἀλλοτριώτατος τῶν τρόπων ὗτος.
tlg001,14,ἀλλοτριώτατος,ἀλλοτριώτατος,1,18,684,False,τέρες φάσκειν παρ᾽ αὑτοῖς εἶναι. ἔςι μὲν δὴ καὶ σχεδὸν ⏎ ἀλλοτριώτατος τῶν τρόπων ὗτος. ⏎ αν
tlg001,14,ὗτος,ὗτος,1,18,709,False,τέρες φάσκειν παρ᾽ αὑτοῖς εἶναι. ἔςι μὲν δὴ καὶ σχεδὸν ⏎ ἀλλοτριώτατος τῶν τρόπων ὗτος. ⏎ αν
tlg001,14,αν,αν,1,19,715,False,"ἀλλοτριώτατος τῶν τρόπων ὗτος. ⏎ αν ⏎ Ἔτι ἐπὶ τῶν ἐναντίων ἐκ ἀναγκαῖον, ἐὰν θάτερον ᾖ,"
tlg001,14,υγιαινόντων,υγιαινόντων,1,21,789,False,"Ἔτι ἐπὶ τῶν ἐναντίων ἐκ ἀναγκαῖον, ἐὰν θάτερον ᾖ, ⏎ καὶ τὸ λοιπὸν εἶναι. υγιαινόντων μὲν γὰρ ἁπάντων υγίεια ⏎ μὲν ἔςαι, νόσος δὲ ἔ· ὁμοίως δὲ καὶ λευκῶν ὄντων ἁπάν"
tlg001,14,υγίεια,υγίεια,1,21,817,False,"Ἔτι ἐπὶ τῶν ἐναντίων ἐκ ἀναγκαῖον, ἐὰν θάτερον ᾖ, ⏎ καὶ τὸ λοιπὸν εἶναι. υγιαινόντων μὲν γὰρ ἁπάντων υγίεια ⏎ μὲν ἔςαι, νόσος δὲ ἔ· ὁμοίως δὲ καὶ λευκῶν ὄντων ἁπάν"
tlg001,14,ἁπάν,ἁπάν,1,22,873,False,"καὶ τὸ λοιπὸν εἶναι. υγιαινόντων μὲν γὰρ ἁπάντων υγίεια ⏎ μὲν ἔςαι, νόσος δὲ ἔ· ὁμοίως δὲ καὶ λευκῶν ὄντων ἁπάν ⏎ των λευκότης μὲν ἔςαι, μελανία δὲ ἔ. ἔτι εἰ τὸ Σωκράτην"
tlg001,14,ἑτέρα,ἑτέρα,1,26,1043,False,"ἅμα ἀμφότερα τῷ αὐτῷ ὑπάρχειν, ἐκ ἂν ἐνδέχοιτο τὰ ⏎ ἑτέρα τῶν ἐναντίων ὄντος καὶ τὸ λοιπὸν εἶναι ὄντος γὰρ τῇ ⏎ Σωκράτην ὑγιαίνειν ἐκ ἂν εἴη τὸ νοσεῖν Σωκράτην."
tlg001,14,ναι,ναι,1,28,1205,False,"Σωκράτην ὑγιαίνειν ἐκ ἂν εἴη τὸ νοσεῖν Σωκράτην. ⏎ Δῆλον δὲ ὅτι καὶ περὶ ταὐτὸν ἢ εἴδει ἢ γένει πέφυκε 15 ναι ἀκολέθησιν πρὸς τὸν ἀληθῆ περὶ αὐτὸ λόγον. εἰ γὰρ ⏎ γίνεσθαι τὰ ἐναντία. νόσος μὲν γὰρ καὶ ὑγίεια ἐν σώματι ἔςιν ἄνθρωπος, ἀληθὴς ὁ λόγος ᾧ λέγομεν ὅτι ἔςιν ἄν-"
tlg001,14,ζών,ζών,1,30,1368,False,"γίνεσθαι τὰ ἐναντία. νόσος μὲν γὰρ καὶ ὑγίεια ἐν σώματι ἔςιν ἄνθρωπος, ἀληθὴς ὁ λόγος ᾧ λέγομεν ὅτι ἔςιν ἄν- ⏎ ζών πέφυκε γίνεσθαι, λευκότης δὲ καὶ μελανία ἁπλῶς θρωπος. καὶ ἀντιςρέφει γε· εἰ γὰρ ἀληθὴς ὁ λόγος ᾧ λέ ⏎ ἐν σώματι, δικαιοσύνη δὲ καὶ ἀδικία ἐν ψυχῇ ἀνθρώπο γομεν ὅτι ἔςιν ἄνθρωπος, ἔςιν ἄνθρωπος. ἔςι δὲ ὁ μὲν ἀλη"
tlg001,14,λέ,λέ,1,30,1470,False,"γίνεσθαι τὰ ἐναντία. νόσος μὲν γὰρ καὶ ὑγίεια ἐν σώματι ἔςιν ἄνθρωπος, ἀληθὴς ὁ λόγος ᾧ λέγομεν ὅτι ἔςιν ἄν- ⏎ ζών πέφυκε γίνεσθαι, λευκότης δὲ καὶ μελανία ἁπλῶς θρωπος. καὶ ἀντιςρέφει γε· εἰ γὰρ ἀληθὴς ὁ λόγος ᾧ λέ ⏎ ἐν σώματι, δικαιοσύνη δὲ καὶ ἀδικία ἐν ψυχῇ ἀνθρώπο γομεν ὅτι ἔςιν ἄνθρωπος, ἔςιν ἄνθρωπος. ἔςι δὲ ὁ μὲν ἀλη"
tlg001,14,γομεν,γομεν,1,31,1525,False,"ζών πέφυκε γίνεσθαι, λευκότης δὲ καὶ μελανία ἁπλῶς θρωπος. καὶ ἀντιςρέφει γε· εἰ γὰρ ἀληθὴς ὁ λόγος ᾧ λέ ⏎ ἐν σώματι, δικαιοσύνη δὲ καὶ ἀδικία ἐν ψυχῇ ἀνθρώπο γομεν ὅτι ἔςιν ἄνθρωπος, ἔςιν ἄνθρωπος. ἔςι δὲ ὁ μὲν ἀλη ⏎ Ανάγκη δὲ πάντα τὰ ἐναντία ἢ ἐν τῷ αὐτῷ γένει θὴς λόγος ἐδαμῶς αἴτιος τὰ εἶναι τὸ πρᾶγμα, τὸ μέντοι"
tlg001,14,ἀλη,ἀλη,1,31,1578,False,"ζών πέφυκε γίνεσθαι, λευκότης δὲ καὶ μελανία ἁπλῶς θρωπος. καὶ ἀντιςρέφει γε· εἰ γὰρ ἀληθὴς ὁ λόγος ᾧ λέ ⏎ ἐν σώματι, δικαιοσύνη δὲ καὶ ἀδικία ἐν ψυχῇ ἀνθρώπο γομεν ὅτι ἔςιν ἄνθρωπος, ἔςιν ἄνθρωπος. ἔςι δὲ ὁ μὲν ἀλη ⏎ Ανάγκη δὲ πάντα τὰ ἐναντία ἢ ἐν τῷ αὐτῷ γένει θὴς λόγος ἐδαμῶς αἴτιος τὰ εἶναι τὸ πρᾶγμα, τὸ μέντοι"
tlg001,14,ανάγκη,ανάγκη,1,32,1582,False,"ἐν σώματι, δικαιοσύνη δὲ καὶ ἀδικία ἐν ψυχῇ ἀνθρώπο γομεν ὅτι ἔςιν ἄνθρωπος, ἔςιν ἄνθρωπος. ἔςι δὲ ὁ μὲν ἀλη ⏎ Ανάγκη δὲ πάντα τὰ ἐναντία ἢ ἐν τῷ αὐτῷ γένει θὴς λόγος ἐδαμῶς αἴτιος τὰ εἶναι τὸ πρᾶγμα, τὸ μέντοι ⏎ εἶναι ἢ ἐν τοῖς ἐναντίοις γένεσιν, ἢ αὐτὰ γένη εἶναι. λευκὸν 20 πρᾶγμα φαίνεται πως αἴτιον τὸ εἶναι ἀληθῆ τὸν λόγον"
tlg001,14,θὴς,θὴς,1,32,1628,False,"ἐν σώματι, δικαιοσύνη δὲ καὶ ἀδικία ἐν ψυχῇ ἀνθρώπο γομεν ὅτι ἔςιν ἄνθρωπος, ἔςιν ἄνθρωπος. ἔςι δὲ ὁ μὲν ἀλη ⏎ Ανάγκη δὲ πάντα τὰ ἐναντία ἢ ἐν τῷ αὐτῷ γένει θὴς λόγος ἐδαμῶς αἴτιος τὰ εἶναι τὸ πρᾶγμα, τὸ μέντοι ⏎ εἶναι ἢ ἐν τοῖς ἐναντίοις γένεσιν, ἢ αὐτὰ γένη εἶναι. λευκὸν 20 πρᾶγμα φαίνεται πως αἴτιον τὸ εἶναι ἀληθῆ τὸν λόγον"
tlg001,14,φαίνεται,φαίνεται,1,33,1753,False,"Ανάγκη δὲ πάντα τὰ ἐναντία ἢ ἐν τῷ αὐτῷ γένει θὴς λόγος ἐδαμῶς αἴτιος τὰ εἶναι τὸ πρᾶγμα, τὸ μέντοι ⏎ εἶναι ἢ ἐν τοῖς ἐναντίοις γένεσιν, ἢ αὐτὰ γένη εἶναι. λευκὸν 20 πρᾶγμα φαίνεται πως αἴτιον τὸ εἶναι ἀληθῆ τὸν λόγον ⏎ μὲν γὰρ καὶ μέλαν ἐν τῷ αὐτῷ γένει (χρώμα γὰρ αὐτ τῷ γὰρ εἶναι τὸ πρᾶγμα ἢ μὴ ἀληθὴς ὁ λόγος ἢ ψευ"
tlg001,14,χρώμα,χρώμα,1,34,1834,False,"εἶναι ἢ ἐν τοῖς ἐναντίοις γένεσιν, ἢ αὐτὰ γένη εἶναι. λευκὸν 20 πρᾶγμα φαίνεται πως αἴτιον τὸ εἶναι ἀληθῆ τὸν λόγον ⏎ μὲν γὰρ καὶ μέλαν ἐν τῷ αὐτῷ γένει (χρώμα γὰρ αὐτ τῷ γὰρ εἶναι τὸ πρᾶγμα ἢ μὴ ἀληθὴς ὁ λόγος ἢ ψευ ⏎ τῶν τὸ γένος), δικαιοσύνη δὲ καὶ ἀδικία ἐν τοῖς ἐναντίοις δῆς λέγεται. ὥςε κατὰ πέντε τρόπος πρότερον ἕτερον ἑτέρα"
tlg001,14,αὐτ,αὐτ,1,34,1844,False,"εἶναι ἢ ἐν τοῖς ἐναντίοις γένεσιν, ἢ αὐτὰ γένη εἶναι. λευκὸν 20 πρᾶγμα φαίνεται πως αἴτιον τὸ εἶναι ἀληθῆ τὸν λόγον ⏎ μὲν γὰρ καὶ μέλαν ἐν τῷ αὐτῷ γένει (χρώμα γὰρ αὐτ τῷ γὰρ εἶναι τὸ πρᾶγμα ἢ μὴ ἀληθὴς ὁ λόγος ἢ ψευ ⏎ τῶν τὸ γένος), δικαιοσύνη δὲ καὶ ἀδικία ἐν τοῖς ἐναντίοις δῆς λέγεται. ὥςε κατὰ πέντε τρόπος πρότερον ἕτερον ἑτέρα"
tlg001,14,ψευ,ψευ,1,34,1893,False,"εἶναι ἢ ἐν τοῖς ἐναντίοις γένεσιν, ἢ αὐτὰ γένη εἶναι. λευκὸν 20 πρᾶγμα φαίνεται πως αἴτιον τὸ εἶναι ἀληθῆ τὸν λόγον ⏎ μὲν γὰρ καὶ μέλαν ἐν τῷ αὐτῷ γένει (χρώμα γὰρ αὐτ τῷ γὰρ εἶναι τὸ πρᾶγμα ἢ μὴ ἀληθὴς ὁ λόγος ἢ ψευ ⏎ τῶν τὸ γένος), δικαιοσύνη δὲ καὶ ἀδικία ἐν τοῖς ἐναντίοις δῆς λέγεται. ὥςε κατὰ πέντε τρόπος πρότερον ἕτερον ἑτέρα"
tlg001,14,δῆς,δῆς,1,35,1955,False,"μὲν γὰρ καὶ μέλαν ἐν τῷ αὐτῷ γένει (χρώμα γὰρ αὐτ τῷ γὰρ εἶναι τὸ πρᾶγμα ἢ μὴ ἀληθὴς ὁ λόγος ἢ ψευ ⏎ τῶν τὸ γένος), δικαιοσύνη δὲ καὶ ἀδικία ἐν τοῖς ἐναντίοις δῆς λέγεται. ὥςε κατὰ πέντε τρόπος πρότερον ἕτερον ἑτέρα ⏎ γένεσιν (τὰ μὲν γὰρ ἀρετή, τῇ δὲ κακία τὸ γένος)· ἀγαθὸν λέγεται."
tlg001,14,ἑτέρα,ἑτέρα,2,35,2006,False,"μὲν γὰρ καὶ μέλαν ἐν τῷ αὐτῷ γένει (χρώμα γὰρ αὐτ τῷ γὰρ εἶναι τὸ πρᾶγμα ἢ μὴ ἀληθὴς ὁ λόγος ἢ ψευ ⏎ τῶν τὸ γένος), δικαιοσύνη δὲ καὶ ἀδικία ἐν τοῖς ἐναντίοις δῆς λέγεται. ὥςε κατὰ πέντε τρόπος πρότερον ἕτερον ἑτέρα ⏎ γένεσιν (τὰ μὲν γὰρ ἀρετή, τῇ δὲ κακία τὸ γένος)· ἀγαθὸν λέγεται."
tlg001,14,ἀλλ᾿,ἀλλ᾿,1,37,2109,False,"γένεσιν (τὰ μὲν γὰρ ἀρετή, τῇ δὲ κακία τὸ γένος)· ἀγαθὸν λέγεται. ⏎ δὲ καὶ κακὸν ἐκ ἔςιν ἐν γένει, ἀλλ᾿ αὐτὰ τυγχάνει γένη ⏎ τινῶν ἔντα."
tlg001,14,ἔντα,ἔντα,1,38,2139,False,"δὲ καὶ κακὸν ἐκ ἔςιν ἐν γένει, ἀλλ᾿ αὐτὰ τυγχάνει γένη ⏎ τινῶν ἔντα. ⏎ Οἱ μὲν ἦν λεγόμενοι τρόποι το προτέρη σχεδόν του"
tlg001,14,ἦν,ἦν,1,39,2152,False,τινῶν ἔντα. ⏎ Οἱ μὲν ἦν λεγόμενοι τρόποι το προτέρη σχεδόν του ⏎ 10 σετοί εἰσιν. δόξειε δ᾽ ἂν παρὰ τὸς εἰρημένος καὶ ἕτερος
tlg001,14,το,το,1,39,2172,False,τινῶν ἔντα. ⏎ Οἱ μὲν ἦν λεγόμενοι τρόποι το προτέρη σχεδόν του ⏎ 10 σετοί εἰσιν. δόξειε δ᾽ ἂν παρὰ τὸς εἰρημένος καὶ ἕτερος
tlg001,14,προτέρη,προτέρη,1,39,2175,False,τινῶν ἔντα. ⏎ Οἱ μὲν ἦν λεγόμενοι τρόποι το προτέρη σχεδόν του ⏎ 10 σετοί εἰσιν. δόξειε δ᾽ ἂν παρὰ τὸς εἰρημένος καὶ ἕτερος
tlg001,14,σχεδόν,σχεδόν,1,39,2183,False,τινῶν ἔντα. ⏎ Οἱ μὲν ἦν λεγόμενοι τρόποι το προτέρη σχεδόν του ⏎ 10 σετοί εἰσιν. δόξειε δ᾽ ἂν παρὰ τὸς εἰρημένος καὶ ἕτερος
tlg001,14,του,του,1,39,2190,False,τινῶν ἔντα. ⏎ Οἱ μὲν ἦν λεγόμενοι τρόποι το προτέρη σχεδόν του ⏎ 10 σετοί εἰσιν. δόξειε δ᾽ ἂν παρὰ τὸς εἰρημένος καὶ ἕτερος
tlg001,14,σετοί,σετοί,1,40,2197,False,Οἱ μὲν ἦν λεγόμενοι τρόποι το προτέρη σχεδόν του ⏎ 10 σετοί εἰσιν. δόξειε δ᾽ ἂν παρὰ τὸς εἰρημένος καὶ ἕτερος ⏎ εἶναι προτέρω τρόπος· τῶν γὰρ ἀντιςρεφόντων κατὰ τὴν τῆ
tlg001,14,δ᾽,δ᾽,2,40,2217,False,Οἱ μὲν ἦν λεγόμενοι τρόποι το προτέρη σχεδόν του ⏎ 10 σετοί εἰσιν. δόξειε δ᾽ ἂν παρὰ τὸς εἰρημένος καὶ ἕτερος ⏎ εἶναι προτέρω τρόπος· τῶν γὰρ ἀντιςρεφόντων κατὰ τὴν τῆ
tlg001,14,εἰρημένος,εἰρημένος,1,40,2232,False,Οἱ μὲν ἦν λεγόμενοι τρόποι το προτέρη σχεδόν του ⏎ 10 σετοί εἰσιν. δόξειε δ᾽ ἂν παρὰ τὸς εἰρημένος καὶ ἕτερος ⏎ εἶναι προτέρω τρόπος· τῶν γὰρ ἀντιςρεφόντων κατὰ τὴν τῆ
tlg001,14,τῆ,τῆ,1,41,2306,False,10 σετοί εἰσιν. δόξειε δ᾽ ἂν παρὰ τὸς εἰρημένος καὶ ἕτερος ⏎ εἶναι προτέρω τρόπος· τῶν γὰρ ἀντιςρεφόντων κατὰ τὴν τῆ ⏎ εἶναι ἀκολέθησιν τὸ αἴτιον ὁπωσον θατέρῳ τὸ εἶναι πρότε
tlg001,14,ὁπωσον,ὁπωσον,1,42,2336,False,"εἶναι προτέρω τρόπος· τῶν γὰρ ἀντιςρεφόντων κατὰ τὴν τῆ ⏎ εἶναι ἀκολέθησιν τὸ αἴτιον ὁπωσον θατέρῳ τὸ εἶναι πρότε ⏎ ρον εἰκότως τῇ φύσει λέγοιτ' ἄν. ὅτι δ' ἔςι τινὰ τοιαῦτα,"
tlg001,14,πρότε,πρότε,1,42,2359,False,"εἶναι προτέρω τρόπος· τῶν γὰρ ἀντιςρεφόντων κατὰ τὴν τῆ ⏎ εἶναι ἀκολέθησιν τὸ αἴτιον ὁπωσον θατέρῳ τὸ εἶναι πρότε ⏎ ρον εἰκότως τῇ φύσει λέγοιτ' ἄν. ὅτι δ' ἔςι τινὰ τοιαῦτα,"
tlg001,14,ρον,ρον,1,43,2365,False,"εἶναι ἀκολέθησιν τὸ αἴτιον ὁπωσον θατέρῳ τὸ εἶναι πρότε ⏎ ρον εἰκότως τῇ φύσει λέγοιτ' ἄν. ὅτι δ' ἔςι τινὰ τοιαῦτα, ⏎ δῆλον τὸ γὰρ εἶναι ἄνθρωπον ἀντιςρέφει κατὰ τὴν τὸ εν"
tlg001,14,εν,εν,1,44,2474,False,"ρον εἰκότως τῇ φύσει λέγοιτ' ἄν. ὅτι δ' ἔςι τινὰ τοιαῦτα, ⏎ δῆλον τὸ γὰρ εἶναι ἄνθρωπον ἀντιςρέφει κατὰ τὴν τὸ εν ⏎ ."
tlg001,14,α,α,2,46,2479,False,. ⏎ Α ⏎ 25
tlg001,14,α,α,3,48,2484,False,"25 ⏎ Α ⏎ Αμα δὲ λέγεται ἁπλῶς μὲν καὶ κυριώτατα, ὧν ἡ 13"
tlg001,14,αμα,αμα,1,49,2486,False,"Α ⏎ Αμα δὲ λέγεται ἁπλῶς μὲν καὶ κυριώτατα, ὧν ἡ 13 ⏎ γένεσίς ἐσιν ἐν τῷ αὐτῷ χρόνῳ· ἐδέτερον γὰρ πρότερον ἐδὲ"
tlg001,14,ἐσιν,ἐσιν,1,50,2542,False,"Αμα δὲ λέγεται ἁπλῶς μὲν καὶ κυριώτατα, ὧν ἡ 13 ⏎ γένεσίς ἐσιν ἐν τῷ αὐτῷ χρόνῳ· ἐδέτερον γὰρ πρότερον ἐδὲ ⏎ ὕφερόν ἐςιν αὐτῶν. ἅμα δὲ κατὰ τὸν χρόνον ταῦτα λέγε"
tlg001,14,ὕφερόν,ὕφερόν,1,51,2591,False,"γένεσίς ἐσιν ἐν τῷ αὐτῷ χρόνῳ· ἐδέτερον γὰρ πρότερον ἐδὲ ⏎ ὕφερόν ἐςιν αὐτῶν. ἅμα δὲ κατὰ τὸν χρόνον ταῦτα λέγε ⏎ ται. φύσει δὲ ἅμα, ὅσα ἀντιςρέφει μὲν κατὰ τὴν τῇ εἰ"
tlg001,14,λέγε,λέγε,1,51,2639,False,"γένεσίς ἐσιν ἐν τῷ αὐτῷ χρόνῳ· ἐδέτερον γὰρ πρότερον ἐδὲ ⏎ ὕφερόν ἐςιν αὐτῶν. ἅμα δὲ κατὰ τὸν χρόνον ταῦτα λέγε ⏎ ται. φύσει δὲ ἅμα, ὅσα ἀντιςρέφει μὲν κατὰ τὴν τῇ εἰ"
tlg001,14,ται,ται,1,52,2644,False,"ὕφερόν ἐςιν αὐτῶν. ἅμα δὲ κατὰ τὸν χρόνον ταῦτα λέγε ⏎ ται. φύσει δὲ ἅμα, ὅσα ἀντιςρέφει μὲν κατὰ τὴν τῇ εἰ ⏎ ναι ἀκολέθησιν, μηδαμῶς δὲ αἴτιον θάτερον θατέρῳ τῷ εἶναί"
tlg001,14,ναι,ναι,2,53,2697,False,"ται. φύσει δὲ ἅμα, ὅσα ἀντιςρέφει μὲν κατὰ τὴν τῇ εἰ ⏎ ναι ἀκολέθησιν, μηδαμῶς δὲ αἴτιον θάτερον θατέρῳ τῷ εἶναί ⏎ ἐςιν, οἷον ἐπὶ τῇ διπλασίς καὶ τῇ ἡμίσεις· ἀντιςρέφει μὲν"
tlg001,14,διπλασίς,διπλασίς,1,54,2773,False,"ναι ἀκολέθησιν, μηδαμῶς δὲ αἴτιον θάτερον θατέρῳ τῷ εἶναί ⏎ ἐςιν, οἷον ἐπὶ τῇ διπλασίς καὶ τῇ ἡμίσεις· ἀντιςρέφει μὲν ⏎ Πρότερον ἑτέρω ἕτερον λέγεται τετραχῶς, πρῶτον μὲν"
tlg001,14,ἡμίσεις,ἡμίσεις,1,54,2789,False,"ναι ἀκολέθησιν, μηδαμῶς δὲ αἴτιον θάτερον θατέρῳ τῷ εἶναί ⏎ ἐςιν, οἷον ἐπὶ τῇ διπλασίς καὶ τῇ ἡμίσεις· ἀντιςρέφει μὲν ⏎ Πρότερον ἑτέρω ἕτερον λέγεται τετραχῶς, πρῶτον μὲν"
tlg001,14,καθ᾿,καθ᾿,1,56,2891,False,"Πρότερον ἑτέρω ἕτερον λέγεται τετραχῶς, πρῶτον μὲν ⏎ καὶ κυριώτατα κατὰ χρόνον, καθ᾿ ὃ πρεσβύτερον ἕτερον ⏎ ἑτέρα καὶ παλαιότερον λέγεται· τῷ γὰρ τὸν χρόνον πλείω"
tlg001,14,ἑτέρα,ἑτέρα,3,57,2917,False,"καὶ κυριώτατα κατὰ χρόνον, καθ᾿ ὃ πρεσβύτερον ἕτερον ⏎ ἑτέρα καὶ παλαιότερον λέγεται· τῷ γὰρ τὸν χρόνον πλείω ⏎ εἶναι καὶ πρεσβύτερον καὶ παλαιότερον λέγεται. δεύτερον"
tlg001,14,ἀντιστρέφον,ἀντιςρέφον,1,59,3037,False,"εἶναι καὶ πρεσβύτερον καὶ παλαιότερον λέγεται. δεύτερον ⏎ δὲ τὸ μὴ ἀντιςρέφον κατὰ τὴν τὸ εἶναι ἀκολούθησιν, οἷον 30 γὰρ ταῦτα (διπλασίς γὰρ ὄντος ἐςὶν ἥμισυ καὶ ἡμίσεις ⏎ τὸ ἓν τῶν δύο πρότερον δυοῖν μὲν γὰρ ὄντων ἀκολουθεῖ ὄντας διπλάσιόν ἐσιν), ἐδέτερον δὲ ἐδετέρῳ αἴτιον τῇ εἰ"
tlg001,14,διπλασίς,διπλασίς,2,59,3098,False,"εἶναι καὶ πρεσβύτερον καὶ παλαιότερον λέγεται. δεύτερον ⏎ δὲ τὸ μὴ ἀντιςρέφον κατὰ τὴν τὸ εἶναι ἀκολούθησιν, οἷον 30 γὰρ ταῦτα (διπλασίς γὰρ ὄντος ἐςὶν ἥμισυ καὶ ἡμίσεις ⏎ τὸ ἓν τῶν δύο πρότερον δυοῖν μὲν γὰρ ὄντων ἀκολουθεῖ ὄντας διπλάσιόν ἐσιν), ἐδέτερον δὲ ἐδετέρῳ αἴτιον τῇ εἰ"
tlg001,14,ἡμίσεις,ἡμίσεις,2,59,3132,False,"εἶναι καὶ πρεσβύτερον καὶ παλαιότερον λέγεται. δεύτερον ⏎ δὲ τὸ μὴ ἀντιςρέφον κατὰ τὴν τὸ εἶναι ἀκολούθησιν, οἷον 30 γὰρ ταῦτα (διπλασίς γὰρ ὄντος ἐςὶν ἥμισυ καὶ ἡμίσεις ⏎ τὸ ἓν τῶν δύο πρότερον δυοῖν μὲν γὰρ ὄντων ἀκολουθεῖ ὄντας διπλάσιόν ἐσιν), ἐδέτερον δὲ ἐδετέρῳ αἴτιον τῇ εἰ"
tlg001,14,ὄντας,ὄντας,1,60,3193,False,"δὲ τὸ μὴ ἀντιςρέφον κατὰ τὴν τὸ εἶναι ἀκολούθησιν, οἷον 30 γὰρ ταῦτα (διπλασίς γὰρ ὄντος ἐςὶν ἥμισυ καὶ ἡμίσεις ⏎ τὸ ἓν τῶν δύο πρότερον δυοῖν μὲν γὰρ ὄντων ἀκολουθεῖ ὄντας διπλάσιόν ἐσιν), ἐδέτερον δὲ ἐδετέρῳ αἴτιον τῇ εἰ ⏎ εὐθὺς τὸ ἓν εἶναι, ἑνὸς δὲ ὄντος ἐκ ἀναγκαῖον δύο εἶναι, ναί ἐςιν."
tlg001,14,ἐσιν,ἐσιν,2,60,3209,False,"δὲ τὸ μὴ ἀντιςρέφον κατὰ τὴν τὸ εἶναι ἀκολούθησιν, οἷον 30 γὰρ ταῦτα (διπλασίς γὰρ ὄντος ἐςὶν ἥμισυ καὶ ἡμίσεις ⏎ τὸ ἓν τῶν δύο πρότερον δυοῖν μὲν γὰρ ὄντων ἀκολουθεῖ ὄντας διπλάσιόν ἐσιν), ἐδέτερον δὲ ἐδετέρῳ αἴτιον τῇ εἰ ⏎ εὐθὺς τὸ ἓν εἶναι, ἑνὸς δὲ ὄντος ἐκ ἀναγκαῖον δύο εἶναι, ναί ἐςιν."
tlg001,14,ναί,ναί,1,61,3306,False,"τὸ ἓν τῶν δύο πρότερον δυοῖν μὲν γὰρ ὄντων ἀκολουθεῖ ὄντας διπλάσιόν ἐσιν), ἐδέτερον δὲ ἐδετέρῳ αἴτιον τῇ εἰ ⏎ εὐθὺς τὸ ἓν εἶναι, ἑνὸς δὲ ὄντος ἐκ ἀναγκαῖον δύο εἶναι, ναί ἐςιν. ⏎ ὥςε ἐκ ἀντιςρέφει ἀπὸ τὸ ἑνὸς ἡ ἀκολούθησις τὸ εἶναι τὸ"
tlg001,14,τοῖτον,τοῖτον,1,63,3401,False,"ὥςε ἐκ ἀντιςρέφει ἀπὸ τὸ ἑνὸς ἡ ἀκολούθησις τὸ εἶναι τὸ ⏎ λοιπόν. πρότερον δὲ δοκεῖ τὸ τοῖτον εἶναι, ἀφ᾿ ὃ μὴ ἀν- ⏎ τιςρέφει ἡ τὸ εἶναι ἀκολέθησις."
tlg001,14,ἀφ᾿,ἀφ᾿,1,63,3415,False,"ὥςε ἐκ ἀντιςρέφει ἀπὸ τὸ ἑνὸς ἡ ἀκολούθησις τὸ εἶναι τὸ ⏎ λοιπόν. πρότερον δὲ δοκεῖ τὸ τοῖτον εἶναι, ἀφ᾿ ὃ μὴ ἀν- ⏎ τιςρέφει ἡ τὸ εἶναι ἀκολέθησις."
tlg001,14,εν,εν,2,65,3460,False,"τιςρέφει ἡ τὸ εἶναι ἀκολέθησις. ⏎ εν ⏎ Τρίτον δὲ κατά τινα τάξιν τὸ πρότερον λέγεται, και"
tlg001,14,κατά,κατά,1,66,3473,False,"εν ⏎ Τρίτον δὲ κατά τινα τάξιν τὸ πρότερον λέγεται, και ⏎ θάπερ ἐπὶ τῶν ἐπισημῶν καὶ τῶν λόγων. ἔν τε γὰρ ταῖς"
tlg001,14,και,και,1,66,3510,False,"εν ⏎ Τρίτον δὲ κατά τινα τάξιν τὸ πρότερον λέγεται, και ⏎ θάπερ ἐπὶ τῶν ἐπισημῶν καὶ τῶν λόγων. ἔν τε γὰρ ταῖς"
tlg001,14,θάπερ,θάπερ,1,67,3514,False,"Τρίτον δὲ κατά τινα τάξιν τὸ πρότερον λέγεται, και ⏎ θάπερ ἐπὶ τῶν ἐπισημῶν καὶ τῶν λόγων. ἔν τε γὰρ ταῖς ⏎ ἀποδεικτικαῖς ἐπιςήμαις ὑπάρχει τὸ πρότερον καὶ τὸ ὕςε-"
tlg001,14,ἐπισημῶν,ἐπισημῶν,1,67,3528,False,"Τρίτον δὲ κατά τινα τάξιν τὸ πρότερον λέγεται, και ⏎ θάπερ ἐπὶ τῶν ἐπισημῶν καὶ τῶν λόγων. ἔν τε γὰρ ταῖς ⏎ ἀποδεικτικαῖς ἐπιςήμαις ὑπάρχει τὸ πρότερον καὶ τὸ ὕςε-"
tlg001,14,ἔν,ἔν,2,67,3552,False,"Τρίτον δὲ κατά τινα τάξιν τὸ πρότερον λέγεται, και ⏎ θάπερ ἐπὶ τῶν ἐπισημῶν καὶ τῶν λόγων. ἔν τε γὰρ ταῖς ⏎ ἀποδεικτικαῖς ἐπιςήμαις ὑπάρχει τὸ πρότερον καὶ τὸ ὕςε-"
tlg001,14,αὐτῇ,αὐτῇ,1,70,3688,False,ρον τῇ τάξει (τὰ γὰρ ςοιχεῖα πρότερα τῶν διαγραμμά- ⏎ Καὶ τὰ ἐκ τῇ αὐτῇ δὲ γένος ἀντιδιηρημένα ἀλλή ⏎ λοις ἅμα τῇ φύσει λέγεται. ἀντιδιῃρῆσθαι δὲ λέγεται
tlg001,14,ἀντιδιηρημένα,ἀντιδιηρημένα,1,70,3702,False,ρον τῇ τάξει (τὰ γὰρ ςοιχεῖα πρότερα τῶν διαγραμμά- ⏎ Καὶ τὰ ἐκ τῇ αὐτῇ δὲ γένος ἀντιδιηρημένα ἀλλή ⏎ λοις ἅμα τῇ φύσει λέγεται. ἀντιδιῃρῆσθαι δὲ λέγεται
tlg001,14,ἀλλή,ἀλλή,1,70,3716,False,ρον τῇ τάξει (τὰ γὰρ ςοιχεῖα πρότερα τῶν διαγραμμά- ⏎ Καὶ τὰ ἐκ τῇ αὐτῇ δὲ γένος ἀντιδιηρημένα ἀλλή ⏎ λοις ἅμα τῇ φύσει λέγεται. ἀντιδιῃρῆσθαι δὲ λέγεται
tlg001,14,λοις,λοις,1,71,3721,False,"Καὶ τὰ ἐκ τῇ αὐτῇ δὲ γένος ἀντιδιηρημένα ἀλλή ⏎ λοις ἅμα τῇ φύσει λέγεται. ἀντιδιῃρῆσθαι δὲ λέγεται ⏎ 35 ἀλλήλοις τὰ κατὰ τὴν αὐτὴν διαίρεσιν, οἷον τὸ πτηνὸν τῷ"
tlg001,14,αὐτῇ,αὐτῇ,2,74,3890,False,"πεζῷ καὶ τῷ ἐνύδρῳ· ταῦτα γὰρ ἀλλήλοις ἀντιδιῄρηται ⏎ ἐκ τῇ αὐτῇ γένος· τὸ γὰρ ζῷον διαιρεῖται εἰς ταῦτα, εἴς ⏎ τε τὸ πτηνὸν καὶ τὸ πεζὸν καὶ τὸ ἔνυδρον, καὶ ἐδέν γε"
tlg001,14,εἴς,εἴς,1,74,3936,False,"πεζῷ καὶ τῷ ἐνύδρῳ· ταῦτα γὰρ ἀλλήλοις ἀντιδιῄρηται ⏎ ἐκ τῇ αὐτῇ γένος· τὸ γὰρ ζῷον διαιρεῖται εἰς ταῦτα, εἴς ⏎ τε τὸ πτηνὸν καὶ τὸ πεζὸν καὶ τὸ ἔνυδρον, καὶ ἐδέν γε"
tlg001,14,τύτων,τύτων,1,76,3994,False,"τε τὸ πτηνὸν καὶ τὸ πεζὸν καὶ τὸ ἔνυδρον, καὶ ἐδέν γε ⏎ τύτων πρότερον ἢ ὕφερόν ἐςιν, ἀλλ᾽ ἅμα τῇ φύσει τὰ ⏎ 1. ἀνδρία C. || 2. ἐναντίον ἀγαθόν C. || 3. ἔν om C. || 7. ἐπὶ om C. ] ἀναγκαῖόν ἐσιν ἐὰν C. || 11. τὸ Α. || 13. εἶναι] ὑπάρχειν"
tlg001,14,ὕφερόν,ὕφερόν,2,76,4011,False,"τε τὸ πτηνὸν καὶ τὸ πεζὸν καὶ τὸ ἔνυδρον, καὶ ἐδέν γε ⏎ τύτων πρότερον ἢ ὕφερόν ἐςιν, ἀλλ᾽ ἅμα τῇ φύσει τὰ ⏎ 1. ἀνδρία C. || 2. ἐναντίον ἀγαθόν C. || 3. ἔν om C. || 7. ἐπὶ om C. ] ἀναγκαῖόν ἐσιν ἐὰν C. || 11. τὸ Α. || 13. εἶναι] ὑπάρχειν"
tlg001,14,ἀλλ᾽,ἀλλ᾽,1,76,4024,False,"τε τὸ πτηνὸν καὶ τὸ πεζὸν καὶ τὸ ἔνυδρον, καὶ ἐδέν γε ⏎ τύτων πρότερον ἢ ὕφερόν ἐςιν, ἀλλ᾽ ἅμα τῇ φύσει τὰ ⏎ 1. ἀνδρία C. || 2. ἐναντίον ἀγαθόν C. || 3. ἔν om C. || 7. ἐπὶ om C. ] ἀναγκαῖόν ἐσιν ἐὰν C. || 11. τὸ Α. || 13. εἶναι] ὑπάρχειν"
tlg001,14,ἀνδρία,ἀνδρία,1,77,4048,False,"τύτων πρότερον ἢ ὕφερόν ἐςιν, ἀλλ᾽ ἅμα τῇ φύσει τὰ ⏎ 1. ἀνδρία C. || 2. ἐναντίον ἀγαθόν C. || 3. ἔν om C. || 7. ἐπὶ om C. ] ἀναγκαῖόν ἐσιν ἐὰν C. || 11. τὸ Α. || 13. εἶναι] ὑπάρχειν ⏎ Ε. | 15. τὸ αὐτὸ C. Ι 17, πέφυκε γίνεσθαι om BC | 19. ἀναγκαῖον δὲ ἅπαντα G. || 27. και om A. | κατα] κατὰ τὸν BC. || 31. δυ-"
tlg001,14,ἔν,ἔν,3,77,4089,False,"τύτων πρότερον ἢ ὕφερόν ἐςιν, ἀλλ᾽ ἅμα τῇ φύσει τὰ ⏎ 1. ἀνδρία C. || 2. ἐναντίον ἀγαθόν C. || 3. ἔν om C. || 7. ἐπὶ om C. ] ἀναγκαῖόν ἐσιν ἐὰν C. || 11. τὸ Α. || 13. εἶναι] ὑπάρχειν ⏎ Ε. | 15. τὸ αὐτὸ C. Ι 17, πέφυκε γίνεσθαι om BC | 19. ἀναγκαῖον δὲ ἅπαντα G. || 27. και om A. | κατα] κατὰ τὸν BC. || 31. δυ-"
tlg001,14,ἀναγκαῖόν,ἀναγκαῖόν,1,77,4116,False,"τύτων πρότερον ἢ ὕφερόν ἐςιν, ἀλλ᾽ ἅμα τῇ φύσει τὰ ⏎ 1. ἀνδρία C. || 2. ἐναντίον ἀγαθόν C. || 3. ἔν om C. || 7. ἐπὶ om C. ] ἀναγκαῖόν ἐσιν ἐὰν C. || 11. τὸ Α. || 13. εἶναι] ὑπάρχειν ⏎ Ε. | 15. τὸ αὐτὸ C. Ι 17, πέφυκε γίνεσθαι om BC | 19. ἀναγκαῖον δὲ ἅπαντα G. || 27. και om A. | κατα] κατὰ τὸν BC. || 31. δυ-"
tlg001,14,ἐσιν,ἐσιν,3,77,4126,False,"τύτων πρότερον ἢ ὕφερόν ἐςιν, ἀλλ᾽ ἅμα τῇ φύσει τὰ ⏎ 1. ἀνδρία C. || 2. ἐναντίον ἀγαθόν C. || 3. ἔν om C. || 7. ἐπὶ om C. ] ἀναγκαῖόν ἐσιν ἐὰν C. || 11. τὸ Α. || 13. εἶναι] ὑπάρχειν ⏎ Ε. | 15. τὸ αὐτὸ C. Ι 17, πέφυκε γίνεσθαι om BC | 19. ἀναγκαῖον δὲ ἅπαντα G. || 27. και om A. | κατα] κατὰ τὸν BC. || 31. δυ-"
tlg001,14,α,α,4,77,4148,False,"τύτων πρότερον ἢ ὕφερόν ἐςιν, ἀλλ᾽ ἅμα τῇ φύσει τὰ ⏎ 1. ἀνδρία C. || 2. ἐναντίον ἀγαθόν C. || 3. ἔν om C. || 7. ἐπὶ om C. ] ἀναγκαῖόν ἐσιν ἐὰν C. || 11. τὸ Α. || 13. εἶναι] ὑπάρχειν ⏎ Ε. | 15. τὸ αὐτὸ C. Ι 17, πέφυκε γίνεσθαι om BC | 19. ἀναγκαῖον δὲ ἅπαντα G. || 27. και om A. | κατα] κατὰ τὸν BC. || 31. δυ-"
tlg001,14,ε,ε,1,78,4174,False,"1. ἀνδρία C. || 2. ἐναντίον ἀγαθόν C. || 3. ἔν om C. || 7. ἐπὶ om C. ] ἀναγκαῖόν ἐσιν ἐὰν C. || 11. τὸ Α. || 13. εἶναι] ὑπάρχειν ⏎ Ε. | 15. τὸ αὐτὸ C. Ι 17, πέφυκε γίνεσθαι om BC | 19. ἀναγκαῖον δὲ ἅπαντα G. || 27. και om A. | κατα] κατὰ τὸν BC. || 31. δυ- ⏎ εἴν ΑΒ. Η ὄντοιν C. 36. τινα] τὴν pr 4. Η τὸ om BC."
tlg001,14,ι,ι,1,78,4194,False,"1. ἀνδρία C. || 2. ἐναντίον ἀγαθόν C. || 3. ἔν om C. || 7. ἐπὶ om C. ] ἀναγκαῖόν ἐσιν ἐὰν C. || 11. τὸ Α. || 13. εἶναι] ὑπάρχειν ⏎ Ε. | 15. τὸ αὐτὸ C. Ι 17, πέφυκε γίνεσθαι om BC | 19. ἀναγκαῖον δὲ ἅπαντα G. || 27. και om A. | κατα] κατὰ τὸν BC. || 31. δυ- ⏎ εἴν ΑΒ. Η ὄντοιν C. 36. τινα] τὴν pr 4. Η τὸ om BC."
tlg001,14,και,και,2,78,4258,False,"1. ἀνδρία C. || 2. ἐναντίον ἀγαθόν C. || 3. ἔν om C. || 7. ἐπὶ om C. ] ἀναγκαῖόν ἐσιν ἐὰν C. || 11. τὸ Α. || 13. εἶναι] ὑπάρχειν ⏎ Ε. | 15. τὸ αὐτὸ C. Ι 17, πέφυκε γίνεσθαι om BC | 19. ἀναγκαῖον δὲ ἅπαντα G. || 27. και om A. | κατα] κατὰ τὸν BC. || 31. δυ- ⏎ εἴν ΑΒ. Η ὄντοιν C. 36. τινα] τὴν pr 4. Η τὸ om BC."
tlg001,14,κατα,κατα,1,78,4270,False,"1. ἀνδρία C. || 2. ἐναντίον ἀγαθόν C. || 3. ἔν om C. || 7. ἐπὶ om C. ] ἀναγκαῖόν ἐσιν ἐὰν C. || 11. τὸ Α. || 13. εἶναι] ὑπάρχειν ⏎ Ε. | 15. τὸ αὐτὸ C. Ι 17, πέφυκε γίνεσθαι om BC | 19. ἀναγκαῖον δὲ ἅπαντα G. || 27. και om A. | κατα] κατὰ τὸν BC. || 31. δυ- ⏎ εἴν ΑΒ. Η ὄντοιν C. 36. τινα] τὴν pr 4. Η τὸ om BC."
tlg001,14,δυ,δυ,1,78,4296,False,"1. ἀνδρία C. || 2. ἐναντίον ἀγαθόν C. || 3. ἔν om C. || 7. ἐπὶ om C. ] ἀναγκαῖόν ἐσιν ἐὰν C. || 11. τὸ Α. || 13. εἶναι] ὑπάρχειν ⏎ Ε. | 15. τὸ αὐτὸ C. Ι 17, πέφυκε γίνεσθαι om BC | 19. ἀναγκαῖον δὲ ἅπαντα G. || 27. και om A. | κατα] κατὰ τὸν BC. || 31. δυ- ⏎ εἴν ΑΒ. Η ὄντοιν C. 36. τινα] τὴν pr 4. Η τὸ om BC."
tlg001,14,εἴν,εἴν,1,79,4300,False,"Ε. | 15. τὸ αὐτὸ C. Ι 17, πέφυκε γίνεσθαι om BC | 19. ἀναγκαῖον δὲ ἅπαντα G. || 27. και om A. | κατα] κατὰ τὸν BC. || 31. δυ- ⏎ εἴν ΑΒ. Η ὄντοιν C. 36. τινα] τὴν pr 4. Η τὸ om BC. ⏎ 7. παρ' αὑτοῖς εἶναι om C. || 10. ἄν τις παρὰ C. || 11. εἶναι τὸ προτέρω C. | 18. ἀληθὴς om C. || 29. ἡμίσεως pr 4Β. 1 μεν οm"
tlg001,14,αβ,αβ,1,79,4304,False,"Ε. | 15. τὸ αὐτὸ C. Ι 17, πέφυκε γίνεσθαι om BC | 19. ἀναγκαῖον δὲ ἅπαντα G. || 27. και om A. | κατα] κατὰ τὸν BC. || 31. δυ- ⏎ εἴν ΑΒ. Η ὄντοιν C. 36. τινα] τὴν pr 4. Η τὸ om BC. ⏎ 7. παρ' αὑτοῖς εἶναι om C. || 10. ἄν τις παρὰ C. || 11. εἶναι τὸ προτέρω C. | 18. ἀληθὴς om C. || 29. ἡμίσεως pr 4Β. 1 μεν οm"
tlg001,14,η,η,1,79,4308,False,"Ε. | 15. τὸ αὐτὸ C. Ι 17, πέφυκε γίνεσθαι om BC | 19. ἀναγκαῖον δὲ ἅπαντα G. || 27. και om A. | κατα] κατὰ τὸν BC. || 31. δυ- ⏎ εἴν ΑΒ. Η ὄντοιν C. 36. τινα] τὴν pr 4. Η τὸ om BC. ⏎ 7. παρ' αὑτοῖς εἶναι om C. || 10. ἄν τις παρὰ C. || 11. εἶναι τὸ προτέρω C. | 18. ἀληθὴς om C. || 29. ἡμίσεως pr 4Β. 1 μεν οm"
tlg001,14,η,η,2,79,4340,False,"Ε. | 15. τὸ αὐτὸ C. Ι 17, πέφυκε γίνεσθαι om BC | 19. ἀναγκαῖον δὲ ἅπαντα G. || 27. και om A. | κατα] κατὰ τὸν BC. || 31. δυ- ⏎ εἴν ΑΒ. Η ὄντοιν C. 36. τινα] τὴν pr 4. Η τὸ om BC. ⏎ 7. παρ' αὑτοῖς εἶναι om C. || 10. ἄν τις παρὰ C. || 11. εἶναι τὸ προτέρω C. | 18. ἀληθὴς om C. || 29. ἡμίσεως pr 4Β. 1 μεν οm"
tlg001,14,αὑτοῖς,αὑτοῖς,2,80,4360,False,εἴν ΑΒ. Η ὄντοιν C. 36. τινα] τὴν pr 4. Η τὸ om BC. ⏎ 7. παρ' αὑτοῖς εἶναι om C. || 10. ἄν τις παρὰ C. || 11. εἶναι τὸ προτέρω C. | 18. ἀληθὴς om C. || 29. ἡμίσεως pr 4Β. 1 μεν οm ⏎ AC. || 30. διπλασία μὲν γὰρ ABC. || ἡμίσεως pr B. || 34. ἀντιδιαιρεῖσθαι C. Ι 36. ἀντιδιαιρεῖται C. 1 37. γένες ὄντα τὸ BC.
tlg001,14,β,β,1,80,4466,False,εἴν ΑΒ. Η ὄντοιν C. 36. τινα] τὴν pr 4. Η τὸ om BC. ⏎ 7. παρ' αὑτοῖς εἶναι om C. || 10. ἄν τις παρὰ C. || 11. εἶναι τὸ προτέρω C. | 18. ἀληθὴς om C. || 29. ἡμίσεως pr 4Β. 1 μεν οm ⏎ AC. || 30. διπλασία μὲν γὰρ ABC. || ἡμίσεως pr B. || 34. ἀντιδιαιρεῖσθαι C. Ι 36. ἀντιδιαιρεῖται C. 1 37. γένες ὄντα τὸ BC.
tlg001,14,μεν,μεν,1,80,4471,False,εἴν ΑΒ. Η ὄντοιν C. 36. τινα] τὴν pr 4. Η τὸ om BC. ⏎ 7. παρ' αὑτοῖς εἶναι om C. || 10. ἄν τις παρὰ C. || 11. εἶναι τὸ προτέρω C. | 18. ἀληθὴς om C. || 29. ἡμίσεως pr 4Β. 1 μεν οm ⏎ AC. || 30. διπλασία μὲν γὰρ ABC. || ἡμίσεως pr B. || 34. ἀντιδιαιρεῖσθαι C. Ι 36. ἀντιδιαιρεῖται C. 1 37. γένες ὄντα τὸ BC.
tlg001,14,ο,ο,1,80,4475,False,εἴν ΑΒ. Η ὄντοιν C. 36. τινα] τὴν pr 4. Η τὸ om BC. ⏎ 7. παρ' αὑτοῖς εἶναι om C. || 10. ἄν τις παρὰ C. || 11. εἶναι τὸ προτέρω C. | 18. ἀληθὴς om C. || 29. ἡμίσεως pr 4Β. 1 μεν οm ⏎ AC. || 30. διπλασία μὲν γὰρ ABC. || ἡμίσεως pr B. || 34. ἀντιδιαιρεῖσθαι C. Ι 36. ἀντιδιαιρεῖται C. 1 37. γένες ὄντα τὸ BC.
tlg001,14,διπλασία,διπλασία,1,81,4489,False,7. παρ' αὑτοῖς εἶναι om C. || 10. ἄν τις παρὰ C. || 11. εἶναι τὸ προτέρω C. | 18. ἀληθὴς om C. || 29. ἡμίσεως pr 4Β. 1 μεν οm ⏎ AC. || 30. διπλασία μὲν γὰρ ABC. || ἡμίσεως pr B. || 34. ἀντιδιαιρεῖσθαι C. Ι 36. ἀντιδιαιρεῖται C. 1 37. γένες ὄντα τὸ BC.
tlg001,14,ι,ι,2,81,4554,False,7. παρ' αὑτοῖς εἶναι om C. || 10. ἄν τις παρὰ C. || 11. εἶναι τὸ προτέρω C. | 18. ἀληθὴς om C. || 29. ἡμίσεως pr 4Β. 1 μεν οm ⏎ AC. || 30. διπλασία μὲν γὰρ ABC. || ἡμίσεως pr B. || 34. ἀντιδιαιρεῖσθαι C. Ι 36. ἀντιδιαιρεῖται C. 1 37. γένες ὄντα τὸ BC.
tlg001,15,κατηγορια,κατηγορια,1,1,0,False,ΚΑΤΗΓΟΡΙΑ Ι. ⏎ 15
tlg001,15,ι,ι,1,1,10,False,ΚΑΤΗΓΟΡΙΑ Ι. ⏎ 15
tlg001,15,τοι,τοι,1,4,72,False,"av ⏎ τοιαῦτα δοκεῖ εἶναι. διαιρεθείη δ' ἂν καὶ ἕκαςον τῶν τοι ⏎ έτων εἰς εἴδη πάλιν, οἷον τὸ πεζὸν καὶ τὸ πτηνὸν καὶ τὸ"
tlg001,15,έτων,έτων,1,5,76,False,"τοιαῦτα δοκεῖ εἶναι. διαιρεθείη δ' ἂν καὶ ἕκαςον τῶν τοι ⏎ έτων εἰς εἴδη πάλιν, οἷον τὸ πεζὸν καὶ τὸ πτηνὸν καὶ τὸ ⏎ ἔνυδρον. ἔςαι ἦν κἀκεῖνα ἅμα τῇ φύσει, ὅσα ἐκ τῇ αὐτῇ"
tlg001,15,δῶν,δῶν,1,8,241,False,"γένος κατὰ τὴν αὐτὴν διαίρεσίν ἐςιν. τὰ δὲ γένη τῶν εἰ ⏎ δῶν ἀεὶ πρότερα· ἐ γὰρ ἀντιςρέφει κατὰ τὴν τὸ εἶναι ⏎ ἀκολούθησιν, οἷον ἐνύδρα μὲν ὄντος ἔςι ζῷον, ζῴς δὲ ὄντος"
tlg001,15,ἐ,ἐ,1,8,258,False,"γένος κατὰ τὴν αὐτὴν διαίρεσίν ἐςιν. τὰ δὲ γένη τῶν εἰ ⏎ δῶν ἀεὶ πρότερα· ἐ γὰρ ἀντιςρέφει κατὰ τὴν τὸ εἶναι ⏎ ἀκολούθησιν, οἷον ἐνύδρα μὲν ὄντος ἔςι ζῷον, ζῴς δὲ ὄντος"
tlg001,15,ἐνύδρα,ἐνύδρα,1,9,311,False,"δῶν ἀεὶ πρότερα· ἐ γὰρ ἀντιςρέφει κατὰ τὴν τὸ εἶναι ⏎ ἀκολούθησιν, οἷον ἐνύδρα μὲν ὄντος ἔςι ζῷον, ζῴς δὲ ὄντος ⏎ ἐκ ἀνάγκη. ἔνυδρον εἶναι."
tlg001,15,ζῴς,ζῴς,1,9,338,False,"δῶν ἀεὶ πρότερα· ἐ γὰρ ἀντιςρέφει κατὰ τὴν τὸ εἶναι ⏎ ἀκολούθησιν, οἷον ἐνύδρα μὲν ὄντος ἔςι ζῷον, ζῴς δὲ ὄντος ⏎ ἐκ ἀνάγκη. ἔνυδρον εἶναι."
tlg001,15,αμα,αμα,1,12,379,False,"♡ ⏎ Αμα ἐν τῇ φύσει λέγεται, ὅσα ἀντιςρέφει μὲν κατὰ ⏎ τὴν τὸ εἶναι ἀκολύθησιν, μηδαμῶς δὲ αἴτιον τὸ ἕτερον τῷ"
tlg001,15,ἀκολύθησιν,ἀκολύθησιν,1,13,441,False,"Αμα ἐν τῇ φύσει λέγεται, ὅσα ἀντιςρέφει μὲν κατὰ ⏎ τὴν τὸ εἶναι ἀκολύθησιν, μηδαμῶς δὲ αἴτιον τὸ ἕτερον τῷ ⏎ ἑτέρῳ τῇ εἶναί ἐςι, καὶ τὰ ἐκ τὸ αὐτὸ γένος ἀντιδιηρη-"
tlg001,15,αὐτὸ,αὐτὸ,1,14,517,False,"τὴν τὸ εἶναι ἀκολύθησιν, μηδαμῶς δὲ αἴτιον τὸ ἕτερον τῷ ⏎ ἑτέρῳ τῇ εἶναί ἐςι, καὶ τὰ ἐκ τὸ αὐτὸ γένος ἀντιδιηρη- ⏎ μένα ἀλλήλοις· ἁπλῶς δὲ ἅμα, ὧν ἡ γένεσις ἐν τῷ αὐτ"
tlg001,15,ἀντιδιηρη,ἀντιδιηρη,1,14,528,False,"τὴν τὸ εἶναι ἀκολύθησιν, μηδαμῶς δὲ αἴτιον τὸ ἕτερον τῷ ⏎ ἑτέρῳ τῇ εἶναί ἐςι, καὶ τὰ ἐκ τὸ αὐτὸ γένος ἀντιδιηρη- ⏎ μένα ἀλλήλοις· ἁπλῶς δὲ ἅμα, ὧν ἡ γένεσις ἐν τῷ αὐτ"
tlg001,15,μένα,μένα,1,15,539,False,"ἑτέρῳ τῇ εἶναί ἐςι, καὶ τὰ ἐκ τὸ αὐτὸ γένος ἀντιδιηρη- ⏎ μένα ἀλλήλοις· ἁπλῶς δὲ ἅμα, ὧν ἡ γένεσις ἐν τῷ αὐτ ⏎ τῷ χρόνῳ."
tlg001,15,αὐτ,αὐτ,1,15,587,False,"ἑτέρῳ τῇ εἶναί ἐςι, καὶ τὰ ἐκ τὸ αὐτὸ γένος ἀντιδιηρη- ⏎ μένα ἀλλήλοις· ἁπλῶς δὲ ἅμα, ὧν ἡ γένεσις ἐν τῷ αὐτ ⏎ τῷ χρόνῳ."
tlg001,15,αύξησις,αύξησις,1,17,646,False,"τῷ χρόνῳ. ⏎ 14 Κινήσεως δέ ἐςιν εἴδη ἕξ, γένεσις, φθορά, αύξησις, ⏎ μείωσις, ἀλλοίωσις, ἡ κατὰ τόπον μεταβολή."
tlg001,15,ἔτι,ἔτι,1,20,700,False,"5 ⏎ Ἔτι δὲ ἁπλῶς μὲν κινήσει ἠρεμία ἐναντία, ταῖς δὲ ⏎ καθ᾽ ἕκαςα αἱ καθ᾽ ἕκαςα, γενέσει μὲν φθορά, αύξησει"
tlg001,15,καθ᾽,καθ᾽,1,21,749,False,"Ἔτι δὲ ἁπλῶς μὲν κινήσει ἠρεμία ἐναντία, ταῖς δὲ ⏎ καθ᾽ ἕκαςα αἱ καθ᾽ ἕκαςα, γενέσει μὲν φθορά, αύξησει ⏎ δὲ μείωσις, τῇ δὲ κατὰ τόπον μεταβολῇ ἡ κατὰ τόπον"
tlg001,15,καθ᾽,καθ᾽,2,21,763,False,"Ἔτι δὲ ἁπλῶς μὲν κινήσει ἠρεμία ἐναντία, ταῖς δὲ ⏎ καθ᾽ ἕκαςα αἱ καθ᾽ ἕκαςα, γενέσει μὲν φθορά, αύξησει ⏎ δὲ μείωσις, τῇ δὲ κατὰ τόπον μεταβολῇ ἡ κατὰ τόπον"
tlg001,15,αύξησει,αύξησει,1,21,794,False,"Ἔτι δὲ ἁπλῶς μὲν κινήσει ἠρεμία ἐναντία, ταῖς δὲ ⏎ καθ᾽ ἕκαςα αἱ καθ᾽ ἕκαςα, γενέσει μὲν φθορά, αύξησει ⏎ δὲ μείωσις, τῇ δὲ κατὰ τόπον μεταβολῇ ἡ κατὰ τόπον"
tlg001,15,δ᾽,δ᾽,1,23,868,False,"δὲ μείωσις, τῇ δὲ κατὰ τόπον μεταβολῇ ἡ κατὰ τόπον ⏎ ἠρεμία. μάλιςα δ᾽ ἔοικεν ἀντικεῖσθαι ἡ πρὸς τὸν ἐναντίον ⏎ τόπον μεταβολή, οἷον τῇ κάτωθεν ἡ ἄνω, τῇ δὲ ἄνωθεν ἡ"
tlg001,15,ἠρε,ἠρε,1,27,1127,False,"ἀποδοῦναι τί ποτέ ἐςιν ἐναντίον, ἔοικε δὲ ἰδὲν εἶναι αὐτῇ ⏎ ἐναντίον, εἰ μή τις καὶ ἐπὶ ταύτης τὴν κατὰ τὸ ποιὸν ἠρε ⏎ μίαν ἀντιτιθείη ἢ τὴν εἰς τὸ ἐναντίον τῇ ποια μεταβολήν,"
tlg001,15,μίαν,μίαν,1,28,1131,False,"ἐναντίον, εἰ μή τις καὶ ἐπὶ ταύτης τὴν κατὰ τὸ ποιὸν ἠρε ⏎ μίαν ἀντιτιθείη ἢ τὴν εἰς τὸ ἐναντίον τῇ ποια μεταβολήν, ⏎ 10 καθάπερ καὶ ἐπὶ τῆς κατὰ τόπον μεταβολῆς τὴν κατὰ"
tlg001,15,ποια,ποια,1,28,1172,False,"ἐναντίον, εἰ μή τις καὶ ἐπὶ ταύτης τὴν κατὰ τὸ ποιὸν ἠρε ⏎ μίαν ἀντιτιθείη ἢ τὴν εἰς τὸ ἐναντίον τῇ ποια μεταβολήν, ⏎ 10 καθάπερ καὶ ἐπὶ τῆς κατὰ τόπον μεταβολῆς τὴν κατὰ"
tlg001,15,ἀντικεί,ἀντικεί,1,31,1344,False,"τόπον ἠρεμίαν ἢ τὴν εἰς τὸν ἐναντίον τόπον μεταβολήν· ἔςι ⏎ γὰρ ἡ ἀλλοίωσις, μεταβολὴ κατὰ τὸ ποιόν. ὥςε ἀντικεί ⏎ σεται τῇ κατὰ τὸ ποιὸν κινήσει ἡ κατὰ τὸ ποιὸν ἠρεμία"
tlg001,15,σεται,σεται,1,32,1352,False,"γὰρ ἡ ἀλλοίωσις, μεταβολὴ κατὰ τὸ ποιόν. ὥςε ἀντικεί ⏎ σεται τῇ κατὰ τὸ ποιὸν κινήσει ἡ κατὰ τὸ ποιὸν ἠρεμία ⏎ ἢ ἡ εἰς τὸ ἐναντίον το ποιο μεταβολή, οἷον τὸ λευκὸν για"
tlg001,15,το,το,1,33,1426,False,"σεται τῇ κατὰ τὸ ποιὸν κινήσει ἡ κατὰ τὸ ποιὸν ἠρεμία ⏎ ἢ ἡ εἰς τὸ ἐναντίον το ποιο μεταβολή, οἷον τὸ λευκὸν για ⏎ νεσθαι τῷ μέλαν γίνεσθαι· ἀλλοῖῖται γὰρ εἰς τὰ ἐναντία"
tlg001,15,ποιο,ποιο,1,33,1429,False,"σεται τῇ κατὰ τὸ ποιὸν κινήσει ἡ κατὰ τὸ ποιὸν ἠρεμία ⏎ ἢ ἡ εἰς τὸ ἐναντίον το ποιο μεταβολή, οἷον τὸ λευκὸν για ⏎ νεσθαι τῷ μέλαν γίνεσθαι· ἀλλοῖῖται γὰρ εἰς τὰ ἐναντία"
tlg001,15,για,για,1,33,1459,False,"σεται τῇ κατὰ τὸ ποιὸν κινήσει ἡ κατὰ τὸ ποιὸν ἠρεμία ⏎ ἢ ἡ εἰς τὸ ἐναντίον το ποιο μεταβολή, οἷον τὸ λευκὸν για ⏎ νεσθαι τῷ μέλαν γίνεσθαι· ἀλλοῖῖται γὰρ εἰς τὰ ἐναντία"
tlg001,15,νεσθαι,νεσθαι,1,34,1463,False,"ἢ ἡ εἰς τὸ ἐναντίον το ποιο μεταβολή, οἷον τὸ λευκὸν για ⏎ νεσθαι τῷ μέλαν γίνεσθαι· ἀλλοῖῖται γὰρ εἰς τὰ ἐναντία ⏎ το ποιο μεταβολῆς γινομένης."
tlg001,15,ἀλλοῖῖται,ἀλλοῖῖται,1,34,1489,False,"ἢ ἡ εἰς τὸ ἐναντίον το ποιο μεταβολή, οἷον τὸ λευκὸν για ⏎ νεσθαι τῷ μέλαν γίνεσθαι· ἀλλοῖῖται γὰρ εἰς τὰ ἐναντία ⏎ το ποιο μεταβολῆς γινομένης."
tlg001,15,το,το,2,35,1518,False,νεσθαι τῷ μέλαν γίνεσθαι· ἀλλοῖῖται γὰρ εἰς τὰ ἐναντία ⏎ το ποιο μεταβολῆς γινομένης. ⏎ 15
tlg001,15,ποιο,ποιο,2,35,1521,False,νεσθαι τῷ μέλαν γίνεσθαι· ἀλλοῖῖται γὰρ εἰς τὰ ἐναντία ⏎ το ποιο μεταβολῆς γινομένης. ⏎ 15
tlg001,15,α,α,1,37,1550,False,15 ⏎ Α ⏎ Α
tlg001,15,α,α,2,38,1552,False,Α ⏎ Α ⏎ Αἱ μὲν ἄν ἄλλαι κινήσεις φανερὸν ὅτι ἕτεραι ἀλλή-
tlg001,15,ἐ,ἐ,2,40,1615,False,"Αἱ μὲν ἄν ἄλλαι κινήσεις φανερὸν ὅτι ἕτεραι ἀλλή- ⏎ λων εἰσίν· ἐ γάρ ἐσιν ἡ γένεσις φθορὰ ἐδέ γε ἡ αὔξησις ⏎ μείωσις ἐδὲ ἡ κατὰ τόπον μεταβολή, ὡσαύτως δὲ καὶ αἱ Τὸ δὲ ἔχειν κατὰ πλείονας τρόπος λέγεται. ἢ γὰρ 15"
tlg001,15,ἐσιν,ἐσιν,1,40,1621,False,"Αἱ μὲν ἄν ἄλλαι κινήσεις φανερὸν ὅτι ἕτεραι ἀλλή- ⏎ λων εἰσίν· ἐ γάρ ἐσιν ἡ γένεσις φθορὰ ἐδέ γε ἡ αὔξησις ⏎ μείωσις ἐδὲ ἡ κατὰ τόπον μεταβολή, ὡσαύτως δὲ καὶ αἱ Τὸ δὲ ἔχειν κατὰ πλείονας τρόπος λέγεται. ἢ γὰρ 15"
tlg001,15,ἀλλοῖῖσθαι,ἀλλοῖῖσθαι,1,44,1979,False,"ποτε ἀναγκαῖον ᾖ τὸ ἀλλοιέμενον κατά τινα τῶν λοιπῶν γὰρ καὶ ἐπιςήμην τινὰ ἔχειν καὶ ἀρετήν. ἢ ὡς ποσόν, ⏎ κινήσεων ἀλλοῖῖσθαι. τῖτο δὲ ἐκ ἀληθές ἐςι· σχεδὸν γὰρ 20 οἷον ὃ τυγχάνει τις ἔχων μέγεθος λέγεται γὰρ τρίπηχυ ⏎ κατὰ πάντα τὰ πάθη ἢ τὰ πλεῖςα ἀλλοῖῖσθαι συμβέ- μέγεθος ἔχειν ἢ τετράπηχυ. ἢ ὡς τὰ περὶ τὸ σῶμα,"
tlg001,15,τῖτο,τῖτο,1,44,1991,False,"ποτε ἀναγκαῖον ᾖ τὸ ἀλλοιέμενον κατά τινα τῶν λοιπῶν γὰρ καὶ ἐπιςήμην τινὰ ἔχειν καὶ ἀρετήν. ἢ ὡς ποσόν, ⏎ κινήσεων ἀλλοῖῖσθαι. τῖτο δὲ ἐκ ἀληθές ἐςι· σχεδὸν γὰρ 20 οἷον ὃ τυγχάνει τις ἔχων μέγεθος λέγεται γὰρ τρίπηχυ ⏎ κατὰ πάντα τὰ πάθη ἢ τὰ πλεῖςα ἀλλοῖῖσθαι συμβέ- μέγεθος ἔχειν ἢ τετράπηχυ. ἢ ὡς τὰ περὶ τὸ σῶμα,"
tlg001,15,ἀλλοῖῖσθαι,ἀλλοῖῖσθαι,2,45,2112,False,"κινήσεων ἀλλοῖῖσθαι. τῖτο δὲ ἐκ ἀληθές ἐςι· σχεδὸν γὰρ 20 οἷον ὃ τυγχάνει τις ἔχων μέγεθος λέγεται γὰρ τρίπηχυ ⏎ κατὰ πάντα τὰ πάθη ἢ τὰ πλεῖςα ἀλλοῖῖσθαι συμβέ- μέγεθος ἔχειν ἢ τετράπηχυ. ἢ ὡς τὰ περὶ τὸ σῶμα, ⏎ βηκεν ἡμῖν ἐδεμιᾶς τῶν ἄλλων κινήσεων κοινωνὅσιν· ἔτε οἷον ἱμάτιον ἢ χιτῶνα. ἢ ὡς ἐν μορίῳ, οἷον ἐν χειρὶ δακ-"
tlg001,15,κοινωνὅσιν,κοινωνὅσιν,1,46,2217,False,"κατὰ πάντα τὰ πάθη ἢ τὰ πλεῖςα ἀλλοῖῖσθαι συμβέ- μέγεθος ἔχειν ἢ τετράπηχυ. ἢ ὡς τὰ περὶ τὸ σῶμα, ⏎ βηκεν ἡμῖν ἐδεμιᾶς τῶν ἄλλων κινήσεων κοινωνὅσιν· ἔτε οἷον ἱμάτιον ἢ χιτῶνα. ἢ ὡς ἐν μορίῳ, οἷον ἐν χειρὶ δακ- ⏎ γὰρ αΰξεσθαι ἀναγκαῖον τὸ κατὰ πάθος κινόμενον ἔτε τύλιον. ἢ ὡς μέρος, οἷον χεῖρα ἢ πόδα. ἢ ὡς ἐν ἀγγείῳ,"
tlg001,15,αΰξεσθαι,αΰξεσθαι,1,47,2294,False,"βηκεν ἡμῖν ἐδεμιᾶς τῶν ἄλλων κινήσεων κοινωνὅσιν· ἔτε οἷον ἱμάτιον ἢ χιτῶνα. ἢ ὡς ἐν μορίῳ, οἷον ἐν χειρὶ δακ- ⏎ γὰρ αΰξεσθαι ἀναγκαῖον τὸ κατὰ πάθος κινόμενον ἔτε τύλιον. ἢ ὡς μέρος, οἷον χεῖρα ἢ πόδα. ἢ ὡς ἐν ἀγγείῳ, ⏎ μεῖῖσθαι, ὡσαύτως δὲ καὶ ἐπὶ τῶν ἄλλων, ὥσθ' ἑτέρα ἂν οἷον ὁ μέδιμνος της πυρὸς ἢ τὸ κεράμιον τὸν οἶνον· οἶνον"
tlg001,15,μεῖῖσθαι,μεῖῖσθαι,1,48,2396,False,"γὰρ αΰξεσθαι ἀναγκαῖον τὸ κατὰ πάθος κινόμενον ἔτε τύλιον. ἢ ὡς μέρος, οἷον χεῖρα ἢ πόδα. ἢ ὡς ἐν ἀγγείῳ, ⏎ μεῖῖσθαι, ὡσαύτως δὲ καὶ ἐπὶ τῶν ἄλλων, ὥσθ' ἑτέρα ἂν οἷον ὁ μέδιμνος της πυρὸς ἢ τὸ κεράμιον τὸν οἶνον· οἶνον ⏎ εἴη παρὰ τὰς ἄλλας κινήσεις ἡ ἀλλοίωσις· εἰ γὰρ ἦν ἡ 25 γὰρ ἔχειν τὸ κεράμιον λέγεται, καὶ ὁ μέδιμνος πυρός·"
tlg001,15,ὥσθ,ὥσθ,1,48,2436,False,"γὰρ αΰξεσθαι ἀναγκαῖον τὸ κατὰ πάθος κινόμενον ἔτε τύλιον. ἢ ὡς μέρος, οἷον χεῖρα ἢ πόδα. ἢ ὡς ἐν ἀγγείῳ, ⏎ μεῖῖσθαι, ὡσαύτως δὲ καὶ ἐπὶ τῶν ἄλλων, ὥσθ' ἑτέρα ἂν οἷον ὁ μέδιμνος της πυρὸς ἢ τὸ κεράμιον τὸν οἶνον· οἶνον ⏎ εἴη παρὰ τὰς ἄλλας κινήσεις ἡ ἀλλοίωσις· εἰ γὰρ ἦν ἡ 25 γὰρ ἔχειν τὸ κεράμιον λέγεται, καὶ ὁ μέδιμνος πυρός·"
tlg001,15,της,της,1,48,2466,False,"γὰρ αΰξεσθαι ἀναγκαῖον τὸ κατὰ πάθος κινόμενον ἔτε τύλιον. ἢ ὡς μέρος, οἷον χεῖρα ἢ πόδα. ἢ ὡς ἐν ἀγγείῳ, ⏎ μεῖῖσθαι, ὡσαύτως δὲ καὶ ἐπὶ τῶν ἄλλων, ὥσθ' ἑτέρα ἂν οἷον ὁ μέδιμνος της πυρὸς ἢ τὸ κεράμιον τὸν οἶνον· οἶνον ⏎ εἴη παρὰ τὰς ἄλλας κινήσεις ἡ ἀλλοίωσις· εἰ γὰρ ἦν ἡ 25 γὰρ ἔχειν τὸ κεράμιον λέγεται, καὶ ὁ μέδιμνος πυρός·"
tlg001,15,πυρὸς,πυρὸς,1,48,2470,False,"γὰρ αΰξεσθαι ἀναγκαῖον τὸ κατὰ πάθος κινόμενον ἔτε τύλιον. ἢ ὡς μέρος, οἷον χεῖρα ἢ πόδα. ἢ ὡς ἐν ἀγγείῳ, ⏎ μεῖῖσθαι, ὡσαύτως δὲ καὶ ἐπὶ τῶν ἄλλων, ὥσθ' ἑτέρα ἂν οἷον ὁ μέδιμνος της πυρὸς ἢ τὸ κεράμιον τὸν οἶνον· οἶνον ⏎ εἴη παρὰ τὰς ἄλλας κινήσεις ἡ ἀλλοίωσις· εἰ γὰρ ἦν ἡ 25 γὰρ ἔχειν τὸ κεράμιον λέγεται, καὶ ὁ μέδιμνος πυρός·"
tlg001,15,αὐτή,αὐτή,1,50,2616,False,"εἴη παρὰ τὰς ἄλλας κινήσεις ἡ ἀλλοίωσις· εἰ γὰρ ἦν ἡ 25 γὰρ ἔχειν τὸ κεράμιον λέγεται, καὶ ὁ μέδιμνος πυρός· ⏎ αὐτή, ἔδει τὸ ἀλλοιόμενον εὐθὺς καὶ αὔξεσθαι ἢ μεῖσθαι ταῦτ᾽ ἔν πάντα ἔχειν λέγεται ὡς ἐν ἀγγείῳ. ἢ ὡς κτῆμα ⏎ ἤ τινα τῶν ἄλλων ἀκολυθεῖν κινήσεων· ἀλλ᾽ ἐκ ἀνάγκη. ἔχειν γὰρ οἰκίαν ἢ ἀγρὸν λεγόμεθα."
tlg001,15,μεῖσθαι,μεῖσθαι,1,50,2663,False,"εἴη παρὰ τὰς ἄλλας κινήσεις ἡ ἀλλοίωσις· εἰ γὰρ ἦν ἡ 25 γὰρ ἔχειν τὸ κεράμιον λέγεται, καὶ ὁ μέδιμνος πυρός· ⏎ αὐτή, ἔδει τὸ ἀλλοιόμενον εὐθὺς καὶ αὔξεσθαι ἢ μεῖσθαι ταῦτ᾽ ἔν πάντα ἔχειν λέγεται ὡς ἐν ἀγγείῳ. ἢ ὡς κτῆμα ⏎ ἤ τινα τῶν ἄλλων ἀκολυθεῖν κινήσεων· ἀλλ᾽ ἐκ ἀνάγκη. ἔχειν γὰρ οἰκίαν ἢ ἀγρὸν λεγόμεθα."
tlg001,15,ταῦτ᾽,ταῦτ᾽,1,50,2671,False,"εἴη παρὰ τὰς ἄλλας κινήσεις ἡ ἀλλοίωσις· εἰ γὰρ ἦν ἡ 25 γὰρ ἔχειν τὸ κεράμιον λέγεται, καὶ ὁ μέδιμνος πυρός· ⏎ αὐτή, ἔδει τὸ ἀλλοιόμενον εὐθὺς καὶ αὔξεσθαι ἢ μεῖσθαι ταῦτ᾽ ἔν πάντα ἔχειν λέγεται ὡς ἐν ἀγγείῳ. ἢ ὡς κτῆμα ⏎ ἤ τινα τῶν ἄλλων ἀκολυθεῖν κινήσεων· ἀλλ᾽ ἐκ ἀνάγκη. ἔχειν γὰρ οἰκίαν ἢ ἀγρὸν λεγόμεθα."
tlg001,15,ἔν,ἔν,1,50,2677,False,"εἴη παρὰ τὰς ἄλλας κινήσεις ἡ ἀλλοίωσις· εἰ γὰρ ἦν ἡ 25 γὰρ ἔχειν τὸ κεράμιον λέγεται, καὶ ὁ μέδιμνος πυρός· ⏎ αὐτή, ἔδει τὸ ἀλλοιόμενον εὐθὺς καὶ αὔξεσθαι ἢ μεῖσθαι ταῦτ᾽ ἔν πάντα ἔχειν λέγεται ὡς ἐν ἀγγείῳ. ἢ ὡς κτῆμα ⏎ ἤ τινα τῶν ἄλλων ἀκολυθεῖν κινήσεων· ἀλλ᾽ ἐκ ἀνάγκη. ἔχειν γὰρ οἰκίαν ἢ ἀγρὸν λεγόμεθα."
tlg001,15,ἀκολυθεῖν,ἀκολυθεῖν,1,51,2742,False,"αὐτή, ἔδει τὸ ἀλλοιόμενον εὐθὺς καὶ αὔξεσθαι ἢ μεῖσθαι ταῦτ᾽ ἔν πάντα ἔχειν λέγεται ὡς ἐν ἀγγείῳ. ἢ ὡς κτῆμα ⏎ ἤ τινα τῶν ἄλλων ἀκολυθεῖν κινήσεων· ἀλλ᾽ ἐκ ἀνάγκη. ἔχειν γὰρ οἰκίαν ἢ ἀγρὸν λεγόμεθα. ⏎ ὡσαύτως δὲ καὶ τὸ αὐξανόμενον ἤ τινα ἄλλην κίνησιν κι"
tlg001,15,ἀλλ᾽,ἀλλ᾽,1,51,2762,False,"αὐτή, ἔδει τὸ ἀλλοιόμενον εὐθὺς καὶ αὔξεσθαι ἢ μεῖσθαι ταῦτ᾽ ἔν πάντα ἔχειν λέγεται ὡς ἐν ἀγγείῳ. ἢ ὡς κτῆμα ⏎ ἤ τινα τῶν ἄλλων ἀκολυθεῖν κινήσεων· ἀλλ᾽ ἐκ ἀνάγκη. ἔχειν γὰρ οἰκίαν ἢ ἀγρὸν λεγόμεθα. ⏎ ὡσαύτως δὲ καὶ τὸ αὐξανόμενον ἤ τινα ἄλλην κίνησιν κι"
tlg001,15,κι,κι,1,52,2864,False,ἤ τινα τῶν ἄλλων ἀκολυθεῖν κινήσεων· ἀλλ᾽ ἐκ ἀνάγκη. ἔχειν γὰρ οἰκίαν ἢ ἀγρὸν λεγόμεθα. ⏎ ὡσαύτως δὲ καὶ τὸ αὐξανόμενον ἤ τινα ἄλλην κίνησιν κι ⏎ νόμενον ἀλλοιῖσθαι ἔδει· ἀλλ᾽ ἔςι τινὰ αὐξανόμενα ἃ ἐκ
tlg001,15,νόμενον,νόμενον,1,53,2867,False,"ὡσαύτως δὲ καὶ τὸ αὐξανόμενον ἤ τινα ἄλλην κίνησιν κι ⏎ νόμενον ἀλλοιῖσθαι ἔδει· ἀλλ᾽ ἔςι τινὰ αὐξανόμενα ἃ ἐκ ⏎ ἀλλοιῶται, οἷον τὸ τετράγωνον γνώμονος περιτεθέντος ηύξη- 30"
tlg001,15,ἀλλοιῖσθαι,ἀλλοιῖσθαι,1,53,2875,False,"ὡσαύτως δὲ καὶ τὸ αὐξανόμενον ἤ τινα ἄλλην κίνησιν κι ⏎ νόμενον ἀλλοιῖσθαι ἔδει· ἀλλ᾽ ἔςι τινὰ αὐξανόμενα ἃ ἐκ ⏎ ἀλλοιῶται, οἷον τὸ τετράγωνον γνώμονος περιτεθέντος ηύξη- 30"
tlg001,15,ἀλλ᾽,ἀλλ᾽,2,53,2892,False,"ὡσαύτως δὲ καὶ τὸ αὐξανόμενον ἤ τινα ἄλλην κίνησιν κι ⏎ νόμενον ἀλλοιῖσθαι ἔδει· ἀλλ᾽ ἔςι τινὰ αὐξανόμενα ἃ ἐκ ⏎ ἀλλοιῶται, οἷον τὸ τετράγωνον γνώμονος περιτεθέντος ηύξη- 30"
tlg001,15,ηύξη,ηύξη,1,54,2974,False,"νόμενον ἀλλοιῖσθαι ἔδει· ἀλλ᾽ ἔςι τινὰ αὐξανόμενα ἃ ἐκ ⏎ ἀλλοιῶται, οἷον τὸ τετράγωνον γνώμονος περιτεθέντος ηύξη- 30 ⏎ ται μέν, ἀλλοιότερον δὲ ἰδὲν· γεγένηται· ὡσαύτως δὲ καὶ -"
tlg001,15,ται,ται,1,55,2983,False,"ἀλλοιῶται, οἷον τὸ τετράγωνον γνώμονος περιτεθέντος ηύξη- 30 ⏎ ται μέν, ἀλλοιότερον δὲ ἰδὲν· γεγένηται· ὡσαύτως δὲ καὶ - ⏎ ἐπὶ τῶν ἄλλων τῶν τοιέτων. ὥσθ᾽ ἕτεραι ἂν εἴησαν αἱ κι"
tlg001,15,ὥσθ᾽,ὥσθ᾽,1,56,3068,False,"ται μέν, ἀλλοιότερον δὲ ἰδὲν· γεγένηται· ὡσαύτως δὲ καὶ - ⏎ ἐπὶ τῶν ἄλλων τῶν τοιέτων. ὥσθ᾽ ἕτεραι ἂν εἴησαν αἱ κι ⏎ νήσεις ἀλλήλων."
tlg001,15,κι,κι,2,56,3093,False,"ται μέν, ἀλλοιότερον δὲ ἰδὲν· γεγένηται· ὡσαύτως δὲ καὶ - ⏎ ἐπὶ τῶν ἄλλων τῶν τοιέτων. ὥσθ᾽ ἕτεραι ἂν εἴησαν αἱ κι ⏎ νήσεις ἀλλήλων."
tlg001,15,νήσεις,νήσεις,1,57,3096,False,ἐπὶ τῶν ἄλλων τῶν τοιέτων. ὥσθ᾽ ἕτεραι ἂν εἴησαν αἱ κι ⏎ νήσεις ἀλλήλων. ⏎ 4
tlg001,15,δ᾽,δ᾽,2,62,3276,False,γὰρ ἄλλο τῷ ἔχει γυναῖκα σημαίνομεν ἢ ὅτι συνοικεῖ. ⏎ Ἴσως δ᾽ ἂν καὶ ἄλλοι τινὲς φανείησαν τῇ ἔχειν τρό ⏎ ποι· οἱ δὲ εἰωθότες λέγεσθαι σχεδὸν ἅπαντες κατηρίθ
tlg001,15,φανείησαν,φανείησαν,1,62,3298,False,γὰρ ἄλλο τῷ ἔχει γυναῖκα σημαίνομεν ἢ ὅτι συνοικεῖ. ⏎ Ἴσως δ᾽ ἂν καὶ ἄλλοι τινὲς φανείησαν τῇ ἔχειν τρό ⏎ ποι· οἱ δὲ εἰωθότες λέγεσθαι σχεδὸν ἅπαντες κατηρίθ
tlg001,15,τρό,τρό,1,62,3317,False,γὰρ ἄλλο τῷ ἔχει γυναῖκα σημαίνομεν ἢ ὅτι συνοικεῖ. ⏎ Ἴσως δ᾽ ἂν καὶ ἄλλοι τινὲς φανείησαν τῇ ἔχειν τρό ⏎ ποι· οἱ δὲ εἰωθότες λέγεσθαι σχεδὸν ἅπαντες κατηρίθ
tlg001,15,ποι,ποι,1,63,3321,False,Ἴσως δ᾽ ἂν καὶ ἄλλοι τινὲς φανείησαν τῇ ἔχειν τρό ⏎ ποι· οἱ δὲ εἰωθότες λέγεσθαι σχεδὸν ἅπαντες κατηρίθ ⏎ μηνται.
tlg001,15,κατηρίθ,κατηρίθ,1,63,3365,False,Ἴσως δ᾽ ἂν καὶ ἄλλοι τινὲς φανείησαν τῇ ἔχειν τρό ⏎ ποι· οἱ δὲ εἰωθότες λέγεσθαι σχεδὸν ἅπαντες κατηρίθ ⏎ μηνται.
tlg001,15,μηνται,μηνται,1,64,3373,False,ποι· οἱ δὲ εἰωθότες λέγεσθαι σχεδὸν ἅπαντες κατηρίθ ⏎ μηνται. ⏎ 1. τῶν τοιέτων] τέτων C. 1. 2. πτηνὰν καὶ τὸ πεζὸν Β. [ 4. ἀεὶ τῶν εἰδῶν G. || 10. αὐτῷ δὲ γένες G. || 11. ἅμα λέγεται ὧν C. || 14. ]
tlg001,15,τέτων,τέτων,1,65,3397,False,μηνται. ⏎ 1. τῶν τοιέτων] τέτων C. 1. 2. πτηνὰν καὶ τὸ πεζὸν Β. [ 4. ἀεὶ τῶν εἰδῶν G. || 10. αὐτῷ δὲ γένες G. || 11. ἅμα λέγεται ὧν C. || 14. ] ⏎ καὶ ἡ C. Η 16. γε om Β. Η 17. post μεταβολὴ vetus interpres ἀλλοίωσις. Η 22. ἔδεμιᾶ pr. G. Η κοινωνήσης fortasse 1. [ 26. τὸν
tlg001,15,πτηνὰν,πτηνὰν,1,65,3412,False,μηνται. ⏎ 1. τῶν τοιέτων] τέτων C. 1. 2. πτηνὰν καὶ τὸ πεζὸν Β. [ 4. ἀεὶ τῶν εἰδῶν G. || 10. αὐτῷ δὲ γένες G. || 11. ἅμα λέγεται ὧν C. || 14. ] ⏎ καὶ ἡ C. Η 16. γε om Β. Η 17. post μεταβολὴ vetus interpres ἀλλοίωσις. Η 22. ἔδεμιᾶ pr. G. Η κοινωνήσης fortasse 1. [ 26. τὸν
tlg001,15,β,β,1,65,3432,False,μηνται. ⏎ 1. τῶν τοιέτων] τέτων C. 1. 2. πτηνὰν καὶ τὸ πεζὸν Β. [ 4. ἀεὶ τῶν εἰδῶν G. || 10. αὐτῷ δὲ γένες G. || 11. ἅμα λέγεται ὧν C. || 14. ] ⏎ καὶ ἡ C. Η 16. γε om Β. Η 17. post μεταβολὴ vetus interpres ἀλλοίωσις. Η 22. ἔδεμιᾶ pr. G. Η κοινωνήσης fortasse 1. [ 26. τὸν
tlg001,15,η,η,1,66,3524,False,1. τῶν τοιέτων] τέτων C. 1. 2. πτηνὰν καὶ τὸ πεζὸν Β. [ 4. ἀεὶ τῶν εἰδῶν G. || 10. αὐτῷ δὲ γένες G. || 11. ἅμα λέγεται ὧν C. || 14. ] ⏎ καὶ ἡ C. Η 16. γε om Β. Η 17. post μεταβολὴ vetus interpres ἀλλοίωσις. Η 22. ἔδεμιᾶ pr. G. Η κοινωνήσης fortasse 1. [ 26. τὸν ⏎ C. || 30. ἀλλοῦνται C.
tlg001,15,β,β,2,66,3536,False,1. τῶν τοιέτων] τέτων C. 1. 2. πτηνὰν καὶ τὸ πεζὸν Β. [ 4. ἀεὶ τῶν εἰδῶν G. || 10. αὐτῷ δὲ γένες G. || 11. ἅμα λέγεται ὧν C. || 14. ] ⏎ καὶ ἡ C. Η 16. γε om Β. Η 17. post μεταβολὴ vetus interpres ἀλλοίωσις. Η 22. ἔδεμιᾶ pr. G. Η κοινωνήσης fortasse 1. [ 26. τὸν ⏎ C. || 30. ἀλλοῦνται C.
tlg001,15,η,η,2,66,3539,False,1. τῶν τοιέτων] τέτων C. 1. 2. πτηνὰν καὶ τὸ πεζὸν Β. [ 4. ἀεὶ τῶν εἰδῶν G. || 10. αὐτῷ δὲ γένες G. || 11. ἅμα λέγεται ὧν C. || 14. ] ⏎ καὶ ἡ C. Η 16. γε om Β. Η 17. post μεταβολὴ vetus interpres ἀλλοίωσις. Η 22. ἔδεμιᾶ pr. G. Η κοινωνήσης fortasse 1. [ 26. τὸν ⏎ C. || 30. ἀλλοῦνται C.
tlg001,15,η,η,3,66,3586,False,1. τῶν τοιέτων] τέτων C. 1. 2. πτηνὰν καὶ τὸ πεζὸν Β. [ 4. ἀεὶ τῶν εἰδῶν G. || 10. αὐτῷ δὲ γένες G. || 11. ἅμα λέγεται ὧν C. || 14. ] ⏎ καὶ ἡ C. Η 16. γε om Β. Η 17. post μεταβολὴ vetus interpres ἀλλοίωσις. Η 22. ἔδεμιᾶ pr. G. Η κοινωνήσης fortasse 1. [ 26. τὸν ⏎ C. || 30. ἀλλοῦνται C.
tlg001,15,ἔδεμιᾶ,ἔδεμιᾶ,1,66,3592,False,1. τῶν τοιέτων] τέτων C. 1. 2. πτηνὰν καὶ τὸ πεζὸν Β. [ 4. ἀεὶ τῶν εἰδῶν G. || 10. αὐτῷ δὲ γένες G. || 11. ἅμα λέγεται ὧν C. || 14. ] ⏎ καὶ ἡ C. Η 16. γε om Β. Η 17. post μεταβολὴ vetus interpres ἀλλοίωσις. Η 22. ἔδεμιᾶ pr. G. Η κοινωνήσης fortasse 1. [ 26. τὸν ⏎ C. || 30. ἀλλοῦνται C.
tlg001,15,η,η,4,66,3606,False,1. τῶν τοιέτων] τέτων C. 1. 2. πτηνὰν καὶ τὸ πεζὸν Β. [ 4. ἀεὶ τῶν εἰδῶν G. || 10. αὐτῷ δὲ γένες G. || 11. ἅμα λέγεται ὧν C. || 14. ] ⏎ καὶ ἡ C. Η 16. γε om Β. Η 17. post μεταβολὴ vetus interpres ἀλλοίωσις. Η 22. ἔδεμιᾶ pr. G. Η κοινωνήσης fortasse 1. [ 26. τὸν ⏎ C. || 30. ἀλλοῦνται C.
tlg001,15,κοινωνήσης,κοινωνήσης,1,66,3608,False,1. τῶν τοιέτων] τέτων C. 1. 2. πτηνὰν καὶ τὸ πεζὸν Β. [ 4. ἀεὶ τῶν εἰδῶν G. || 10. αὐτῷ δὲ γένες G. || 11. ἅμα λέγεται ὧν C. || 14. ] ⏎ καὶ ἡ C. Η 16. γε om Β. Η 17. post μεταβολὴ vetus interpres ἀλλοίωσις. Η 22. ἔδεμιᾶ pr. G. Η κοινωνήσης fortasse 1. [ 26. τὸν ⏎ C. || 30. ἀλλοῦνται C.
tlg001,15,ἀλλοῦνται,ἀλλοῦνται,1,67,3651,False,καὶ ἡ C. Η 16. γε om Β. Η 17. post μεταβολὴ vetus interpres ἀλλοίωσις. Η 22. ἔδεμιᾶ pr. G. Η κοινωνήσης fortasse 1. [ 26. τὸν ⏎ C. || 30. ἀλλοῦνται C. ⏎ 1. κίνησις ABC. || ἐναντίον Β. 4. ἡ] καὶ ἡ ΑΒ. Ι 7. ἐδὲ εἶναί τι αὐτῇ C. | 12. ἀντίκειται AC. | 27. *] και C. 28. ή om
tlg001,15,β,β,3,68,3692,False,C. || 30. ἀλλοῦνται C. ⏎ 1. κίνησις ABC. || ἐναντίον Β. 4. ἡ] καὶ ἡ ΑΒ. Ι 7. ἐδὲ εἶναί τι αὐτῇ C. | 12. ἀντίκειται AC. | 27. *] και C. 28. ή om ⏎ C. 30. ἔχειν codices. || 31. φανεῖεν corr G.
tlg001,15,αβ,αβ,1,68,3707,False,C. || 30. ἀλλοῦνται C. ⏎ 1. κίνησις ABC. || ἐναντίον Β. 4. ἡ] καὶ ἡ ΑΒ. Ι 7. ἐδὲ εἶναί τι αὐτῇ C. | 12. ἀντίκειται AC. | 27. *] και C. 28. ή om ⏎ C. 30. ἔχειν codices. || 31. φανεῖεν corr G.
tlg001,15,ι,ι,2,68,3711,False,C. || 30. ἀλλοῦνται C. ⏎ 1. κίνησις ABC. || ἐναντίον Β. 4. ἡ] καὶ ἡ ΑΒ. Ι 7. ἐδὲ εἶναί τι αὐτῇ C. | 12. ἀντίκειται AC. | 27. *] και C. 28. ή om ⏎ C. 30. ἔχειν codices. || 31. φανεῖεν corr G.
tlg001,15,τι,τι,1,68,3726,False,C. || 30. ἀλλοῦνται C. ⏎ 1. κίνησις ABC. || ἐναντίον Β. 4. ἡ] καὶ ἡ ΑΒ. Ι 7. ἐδὲ εἶναί τι αὐτῇ C. | 12. ἀντίκειται AC. | 27. *] και C. 28. ή om ⏎ C. 30. ἔχειν codices. || 31. φανεῖεν corr G.
tlg001,15,και,και,1,68,3767,False,C. || 30. ἀλλοῦνται C. ⏎ 1. κίνησις ABC. || ἐναντίον Β. 4. ἡ] καὶ ἡ ΑΒ. Ι 7. ἐδὲ εἶναί τι αὐτῇ C. | 12. ἀντίκειται AC. | 27. *] και C. 28. ή om ⏎ C. 30. ἔχειν codices. || 31. φανεῖεν corr G.
tlg001,15,ή,ή,1,68,3778,False,C. || 30. ἀλλοῦνται C. ⏎ 1. κίνησις ABC. || ἐναντίον Β. 4. ἡ] καὶ ἡ ΑΒ. Ι 7. ἐδὲ εἶναί τι αὐτῇ C. | 12. ἀντίκειται AC. | 27. *] και C. 28. ή om ⏎ C. 30. ἔχειν codices. || 31. φανεῖεν corr G.
